TCFL5	GNAI2	1	1	1	1
TCFL5	INPP4B	1	1	1	1
TP53BP2	AURKB	1	1	1	1
PSMF1	PYGL	1	1	1	1
PSMD10	MEF2C	1	1	1	1
PSMD10	PSME2	1	1	1	1
TSPAN6	ARNT2	1	1	1	1
ADAT1	PPIE	1	1	1	1
HOMER2	S100A4	1	1	1	1
SPAG4	RNPS1	1	1	1	1
FPGS	NCAPD2	1	1	1	1
UBR7	DNM1	1	1	1	1
USP1	DUSP14	1	1	1	1
RASA1	MYCBP	1	1	1	1
OXCT1	DYRK3	1	1	1	1
OXCT1	EIF4EBP1	1	1	1	1
PIH1D1	LGMN	1	1	1	1
RPS6	NUP93	1	1	1	1
CRYZ	SLC37A4	1	1	1	1
CRYZ	FKBP14	1	1	1	1
CRYZ	TPM1	1	1	1	1
CRYZ	POLB	1	1	1	1
CSNK1A1	STAMBP	1	1	1	1
CSNK1A1	ABHD6	1	1	1	1
CSNK1A1	GRB10	1	1	1	1
DNAJB2	TUBB6	1	1	1	1
PLOD3	TP53BP2	1	1	1	1
PLOD3	AARS	1	1	1	1
PLOD3	KCTD5	1	1	1	1
PLOD3	RPS5	1	1	1	1
PLOD3	ARID4B	1	1	1	1
PLOD3	DENND2D	1	1	1	1
PLOD3	EML3	1	1	1	1
PLOD3	HMG20B	1	1	1	1
PLOD3	NET1	1	1	1	1
PLOD3	ALAS1	1	1	1	1
PLOD3	FPGS	1	1	1	1
PLOD3	UBR7	1	1	1	1
PLOD3	RPL39L	1	1	1	1
PLOD3	ICAM1	1	1	1	1
PLOD3	GRN	1	1	1	1
PLOD3	CSNK1E	1	1	1	1
PLOD3	RAB21	1	1	1	1
PLOD3	RRAGA	1	1	1	1
PLOD3	ZNF451	1	1	1	1
PLOD3	PDIA5	1	1	1	1
PLOD3	CCND3	1	1	1	1
PLOD3	ST6GALNAC2	1	1	1	1
PLOD3	MAP7	1	1	1	1
PLOD3	AKT1	1	1	1	1
PLOD3	ITGAE	1	1	1	1
PLOD3	FASTKD5	1	1	1	1
PLOD3	PHKB	1	1	1	1
PLOD3	ARPP19	1	1	1	1
PLOD3	PTK2B	1	1	1	1
PLOD3	TRIM13	1	1	1	1
PLOD3	MAPKAPK2	1	1	1	1
PLOD3	IL4R	1	1	1	1
PLOD3	SGCB	1	1	1	1
PLOD3	GTF2A2	1	1	1	1
PLOD3	RALA	1	1	1	1
PLOD3	NFIL3	1	1	1	1
PLOD3	RPS6	1	1	1	1
PLOD3	CRYZ	1	1	1	1
PLOD3	MALT1	1	1	1	1
PLOD3	AMDHD2	1	1	1	1
PLOD3	GSTZ1	1	1	1	1
PLOD3	RFX5	1	1	1	1
PLOD3	HSPA4	1	1	1	1
PLOD3	TIPARP	1	1	1	1
PLOD3	ERBB3	1	1	1	1
PLOD3	STAMBP	1	1	1	1
PLOD3	MTHFD2	1	1	1	1
PLOD3	KCNK1	1	1	1	1
PLOD3	PARP2	1	1	1	1
PLOD3	NCAPD2	1	1	1	1
PLOD3	TM9SF3	1	1	1	1
PLOD3	REEP5	1	1	1	1
PLOD3	PROS1	1	1	1	1
PLOD3	CRK	1	1	1	1
PLOD3	TBP	1	1	1	1
PLOD3	CEBPA	1	1	1	1
PLOD3	HTATSF1	1	1	1	1
PLOD3	PSRC1	1	1	1	1
PLOD3	ASAH1	1	1	1	1
PLOD3	DAG1	1	1	1	1
PLOD3	EDEM1	1	1	1	1
PLOD3	MMP2	1	1	1	1
PLOD3	EPN2	1	1	1	1
PLOD3	PHGDH	1	1	1	1
PLOD3	ATP5S	1	1	1	1
PLOD3	MAPK1IP1L	1	1	1	1
PLOD3	CAPN1	1	1	1	1
PLOD3	UBE2C	1	1	1	1
PLOD3	HOXA10	1	1	1	1
PLOD3	TRAK2	1	1	1	1
PLOD3	CD40	1	1	1	1
PLOD3	ELAC2	1	1	1	1
PLOD3	PRUNE	1	1	1	1
PLOD3	TOP2A	1	1	1	1
PLOD3	LRRC16A	1	1	1	1
PLOD3	JMJD6	1	1	1	1
PLOD3	ETFB	1	1	1	1
PLOD3	KIF2C	1	1	1	1
PLOD3	CNPY3	1	1	1	1
PLOD3	CTNND1	1	1	1	1
PLOD3	DNMT3A	1	1	1	1
PLOD3	PLA2G15	1	1	1	1
PLOD3	SNX7	1	1	1	1
PLOD3	LGMN	1	1	1	1
PLOD3	MRPS2	1	1	1	1
PLOD3	ABHD6	1	1	1	1
PLOD3	IFRD2	1	1	1	1
PLOD3	RRP12	1	1	1	1
PLOD3	KIAA1279	1	1	1	1
PLOD3	HIF1A	1	1	1	1
PLOD3	HEBP1	1	1	1	1
PLOD3	GPR56	1	1	1	1
PLOD3	SLC35B1	1	1	1	1
PLOD3	SMAD3	1	1	1	1
PLOD3	BNIP3L	1	1	1	1
PLOD3	SLC25A14	1	1	1	1
PLOD3	TMEM5	1	1	1	1
PLOD3	CDK2	1	1	1	1
PLOD3	SNX13	1	1	1	1
PLOD3	TBXA2R	1	1	1	1
PLOD3	NT5DC2	1	1	1	1
PLOD3	CPNE3	1	1	1	1
PLOD3	KIT	1	1	1	1
PLOD3	TIMP2	1	1	1	1
PLOD3	LRP10	1	1	1	1
PLOD3	TXNL4B	1	1	1	1
PLOD3	SOX2	1	1	1	1
PLOD3	WDTC1	1	1	1	1
PLOD3	DFFB	1	1	1	1
PLOD3	RAB4A	1	1	1	1
PLOD3	LAGE3	1	1	1	1
PLOD3	BAG3	1	1	1	1
PLOD3	ADAM10	1	1	1	1
PLOD3	DUSP6	1	1	1	1
PLOD3	STXBP1	1	1	1	1
PLOD3	MLEC	1	1	1	1
PLOD3	CDK6	1	1	1	1
PLOD3	FBXO7	1	1	1	1
PLOD3	ST7	1	1	1	1
PLOD3	ALDOA	1	1	1	1
PLOD3	AURKB	1	1	1	1
PLOD3	CAMSAP2	1	1	1	1
PLOD3	GAA	1	1	1	1
PLOD3	EAPP	1	1	1	1
PLOD3	DERA	1	1	1	1
PLOD3	COG7	1	1	1	1
PLOD3	NFE2L2	1	1	1	1
PLOD3	PDS5A	1	1	1	1
PLOD3	EGR1	1	1	1	1
PLOD3	CNDP2	1	1	1	1
PLOD3	METRN	1	1	1	1
PLOD3	PNP	1	1	1	1
PLOD3	VPS72	1	1	1	1
PLOD3	LAP3	1	1	1	1
PLOD3	RUVBL1	1	1	1	1
PLOD3	CBR3	1	1	1	1
PLOD3	PYGL	1	1	1	1
PLOD3	RBKS	1	1	1	1
PLOD3	RRS1	1	1	1	1
PLOD3	TOPBP1	1	1	1	1
PLOD3	SLC27A3	1	1	1	1
PLOD3	GRB7	1	1	1	1
PLOD3	TM9SF2	1	1	1	1
PLOD3	CEP57	1	1	1	1
PLOD3	LPAR2	1	1	1	1
PLOD3	CYTH1	1	1	1	1
PLOD3	EIF5	1	1	1	1
PLOD3	CLPX	1	1	1	1
PLOD3	MAP2K5	1	1	1	1
PLOD3	PCBD1	1	1	1	1
PLOD3	COPB2	1	1	1	1
PLOD3	CASK	1	1	1	1
PLOD3	GFPT1	1	1	1	1
PLOD3	CENPE	1	1	1	1
PLOD3	BDH1	1	1	1	1
PLOD3	TIMM17B	1	1	1	1
PLOD3	SFN	1	1	1	1
PLOD3	BAMBI	1	1	1	1
PLOD3	ENOSF1	1	1	1	1
PLOD3	HS2ST1	1	1	1	1
PLOD3	CCNH	1	1	1	1
PLOD3	CDH3	1	1	1	1
PLOD3	TESK1	1	1	1	1
PLOD3	PAFAH1B3	1	1	1	1
PLOD3	ERBB2	1	1	1	1
PLOD3	SHC1	1	1	1	1
PLOD3	LGALS8	1	1	1	1
PLOD3	PECR	1	1	1	1
PLOD3	CRELD2	1	1	1	1
PLOD3	PRKAG2	1	1	1	1
PLOD3	PFKL	1	1	1	1
PLOD3	TSEN2	1	1	1	1
PLOD3	SMARCC1	1	1	1	1
PLOD3	DECR1	1	1	1	1
PLOD3	PDLIM1	1	1	1	1
PLOD3	EBNA1BP2	1	1	1	1
PLOD3	HEATR1	1	1	1	1
PLOD3	ECH1	1	1	1	1
PLOD3	HMGCR	1	1	1	1
PLOD3	STK25	1	1	1	1
PLOD3	DLD	1	1	1	1
PLOD3	EPHA3	1	1	1	1
PLOD3	YTHDF1	1	1	1	1
PLOD3	TSTA3	1	1	1	1
PLOD3	PLEKHM1	1	1	1	1
PLOD3	CLIC4	1	1	1	1
PLOD3	DPH2	1	1	1	1
PLOD3	CDC25B	1	1	1	1
PLOD3	COASY	1	1	1	1
PLOD3	FOS	1	1	1	1
PLOD3	PIK3R4	1	1	1	1
PLOD3	ELAVL1	1	1	1	1
PLOD3	PTPRK	1	1	1	1
PLOD3	HERC6	1	1	1	1
PLOD3	ATMIN	1	1	1	1
PLOD3	NR2F6	1	1	1	1
PLOD3	ID2	1	1	1	1
PLOD3	PYCR1	1	1	1	1
PLOD3	COG4	1	1	1	1
PLOD3	PPP2R5A	1	1	1	1
PLOD3	PPARG	1	1	1	1
PLOD3	PPIC	1	1	1	1
PLOD3	CAT	1	1	1	1
PLOD3	APPBP2	1	1	1	1
PLOD3	POLG2	1	1	1	1
PLOD3	ELOVL6	1	1	1	1
PLOD3	C2CD2	1	1	1	1
PLOD3	BIRC5	1	1	1	1
PLOD3	RNH1	1	1	1	1
PLOD3	FEZ2	1	1	1	1
PLOD3	BCL7B	1	1	1	1
PLOD3	FOXJ3	1	1	1	1
PLOD3	KLHL21	1	1	1	1
PLOD3	SLC2A6	1	1	1	1
PLOD3	SCYL3	1	1	1	1
PLOD3	ATP11B	1	1	1	1
PLOD3	IKBKE	1	1	1	1
PLOD3	TOMM34	1	1	1	1
PLOD3	ZNF586	1	1	1	1
PLOD3	MYO10	1	1	1	1
PLOD3	MYBL2	1	1	1	1
PLOD3	GATA2	1	1	1	1
PLOD3	MAT2A	1	1	1	1
PLOD3	EBP	1	1	1	1
PLOD3	GNAI1	1	1	1	1
PLOD3	RPA3	1	1	1	1
PLOD3	GPC1	1	1	1	1
PLOD3	TSPAN3	1	1	1	1
PLOD3	NOSIP	1	1	1	1
PLOD3	TRIB3	1	1	1	1
PLOD3	RALB	1	1	1	1
PLOD3	CAST	1	1	1	1
PLOD3	PIK3R3	1	1	1	1
PLOD3	DUSP14	1	1	1	1
PLOD3	SMARCD2	1	1	1	1
PLOD3	ZNF395	1	1	1	1
PLOD3	XPNPEP1	1	1	1	1
PLOD3	LRPAP1	1	1	1	1
PLOD3	TP53BP1	1	1	1	1
PLOD3	KEAP1	1	1	1	1
PLOD3	PHKA1	1	1	1	1
PLOD3	GNA11	1	1	1	1
PLOD3	LIPA	1	1	1	1
PLOD3	PRAF2	1	1	1	1
PLOD3	TMEM2	1	1	1	1
PLOD3	SIRT3	1	1	1	1
PLOD3	GABPB1	1	1	1	1
PLOD3	ANO10	1	1	1	1
PLOD3	PTK2	1	1	1	1
PLOD3	CRTAP	1	1	1	1
PLOD3	HAT1	1	1	1	1
PLOD3	CNOT4	1	1	1	1
PLOD3	NUDCD3	1	1	1	1
PLOD3	HSPA1A	1	1	1	1
PLOD3	SCRN1	1	1	1	1
PLOD3	SESN1	1	1	1	1
PLOD3	LSM5	1	1	1	1
PLOD3	PRKCD	1	1	1	1
PLOD3	GRB10	1	1	1	1
PLOD3	RNMT	1	1	1	1
PLOD3	TSPAN4	1	1	1	1
PLOD3	PIN1	1	1	1	1
PLOD3	MAMLD1	1	1	1	1
PLOD3	POLB	1	1	1	1
PLOD3	SLC35F2	1	1	1	1
PLOD3	CDCA4	1	1	1	1
PLOD3	PAX8	1	1	1	1
PLOD3	GAPDH	1	1	1	1
PLOD3	SSBP2	1	1	1	1
PLOD3	CCDC86	1	1	1	1
PLOD3	CASP3	1	1	1	1
PLOD3	DCTD	1	1	1	1
PLOD3	JUN	1	1	1	1
PLOD3	PEX11A	1	1	1	1
PLOD3	DNM1	1	1	1	1
AMDHD2	TP53BP2	1	1	1	1
AMDHD2	KCTD5	1	1	1	1
AMDHD2	PSMD10	1	1	1	1
AMDHD2	MRPL19	1	1	1	1
AMDHD2	CALU	1	1	1	1
AMDHD2	DYNLT3	1	1	1	1
AMDHD2	RPS5	1	1	1	1
AMDHD2	USP14	1	1	1	1
AMDHD2	PTPRF	1	1	1	1
AMDHD2	DENND2D	1	1	1	1
AMDHD2	PPIE	1	1	1	1
AMDHD2	GDPD5	1	1	1	1
AMDHD2	HMG20B	1	1	1	1
AMDHD2	NRAS	1	1	1	1
AMDHD2	SENP6	1	1	1	1
AMDHD2	FPGS	1	1	1	1
AMDHD2	DDB2	1	1	1	1
AMDHD2	UBR7	1	1	1	1
AMDHD2	ICAM1	1	1	1	1
AMDHD2	GRN	1	1	1	1
AMDHD2	CDK19	1	1	1	1
AMDHD2	RAB21	1	1	1	1
AMDHD2	SNX11	1	1	1	1
AMDHD2	RRAGA	1	1	1	1
AMDHD2	ZNF451	1	1	1	1
AMDHD2	PDIA5	1	1	1	1
AMDHD2	ST6GALNAC2	1	1	1	1
AMDHD2	ITGAE	1	1	1	1
AMDHD2	COG2	1	1	1	1
AMDHD2	HOXA5	1	1	1	1
AMDHD2	HMGA2	1	1	1	1
AMDHD2	BHLHE40	1	1	1	1
AMDHD2	RASA1	1	1	1	1
AMDHD2	TRIM13	1	1	1	1
AMDHD2	MAPKAPK2	1	1	1	1
AMDHD2	EPHB2	1	1	1	1
AMDHD2	PLS1	1	1	1	1
AMDHD2	PGRMC1	1	1	1	1
AMDHD2	PTPN6	1	1	1	1
AMDHD2	RPP38	1	1	1	1
AMDHD2	GTF2A2	1	1	1	1
AMDHD2	NFIL3	1	1	1	1
AMDHD2	RPS6	1	1	1	1
AMDHD2	APOE	1	1	1	1
AMDHD2	MALT1	1	1	1	1
AMDHD2	TBC1D9B	1	1	1	1
AMDHD2	TCTN1	1	1	1	1
AMDHD2	GSTZ1	1	1	1	1
AMDHD2	YKT6	1	1	1	1
AMDHD2	TIPARP	1	1	1	1
AMDHD2	HMOX1	1	1	1	1
AMDHD2	TMED10	1	1	1	1
AMDHD2	NSDHL	1	1	1	1
AMDHD2	CLTB	1	1	1	1
AMDHD2	NIT1	1	1	1	1
AMDHD2	STAMBP	1	1	1	1
AMDHD2	MTHFD2	1	1	1	1
AMDHD2	PARP2	1	1	1	1
AMDHD2	DMTF1	1	1	1	1
AMDHD2	TIMM9	1	1	1	1
AMDHD2	STMN1	1	1	1	1
AMDHD2	VAT1	1	1	1	1
AMDHD2	ATP6V0B	1	1	1	1
AMDHD2	NCAPD2	1	1	1	1
AMDHD2	EPRS	1	1	1	1
AMDHD2	SMC4	1	1	1	1
AMDHD2	SMNDC1	1	1	1	1
AMDHD2	REEP5	1	1	1	1
AMDHD2	PIK3CA	1	1	1	1
AMDHD2	PROS1	1	1	1	1
AMDHD2	CRK	1	1	1	1
AMDHD2	TBP	1	1	1	1
AMDHD2	DUSP22	1	1	1	1
AMDHD2	HTATSF1	1	1	1	1
AMDHD2	PSRC1	1	1	1	1
AMDHD2	ASAH1	1	1	1	1
AMDHD2	EDEM1	1	1	1	1
AMDHD2	EPN2	1	1	1	1
AMDHD2	MEF2C	1	1	1	1
AMDHD2	MAPK1IP1L	1	1	1	1
AMDHD2	CAPN1	1	1	1	1
AMDHD2	FSD1	1	1	1	1
AMDHD2	TSC22D3	1	1	1	1
AMDHD2	TRAM2	1	1	1	1
AMDHD2	POP4	1	1	1	1
AMDHD2	RSU1	1	1	1	1
AMDHD2	HOXA10	1	1	1	1
AMDHD2	IL1B	1	1	1	1
AMDHD2	BRCA1	1	1	1	1
AMDHD2	ELAC2	1	1	1	1
AMDHD2	TOP2A	1	1	1	1
AMDHD2	GTF2E2	1	1	1	1
AMDHD2	LRRC16A	1	1	1	1
AMDHD2	DUSP3	1	1	1	1
AMDHD2	KIF2C	1	1	1	1
AMDHD2	ABL1	1	1	1	1
AMDHD2	EIF4G1	1	1	1	1
AMDHD2	FBXL12	1	1	1	1
AMDHD2	PLA2G15	1	1	1	1
AMDHD2	C5	1	1	1	1
AMDHD2	LGMN	1	1	1	1
AMDHD2	PLA2G4A	1	1	1	1
AMDHD2	MRPS2	1	1	1	1
AMDHD2	MBTPS1	1	1	1	1
AMDHD2	NARFL	1	1	1	1
AMDHD2	YME1L1	1	1	1	1
AMDHD2	ABHD6	1	1	1	1
AMDHD2	TXNRD1	1	1	1	1
AMDHD2	IFRD2	1	1	1	1
AMDHD2	RRP12	1	1	1	1
AMDHD2	KIAA1279	1	1	1	1
AMDHD2	HIF1A	1	1	1	1
AMDHD2	LOXL1	1	1	1	1
AMDHD2	NENF	1	1	1	1
AMDHD2	THAP11	1	1	1	1
AMDHD2	GPR56	1	1	1	1
AMDHD2	OXSR1	1	1	1	1
AMDHD2	SLC35B1	1	1	1	1
AMDHD2	TNFRSF21	1	1	1	1
AMDHD2	ZFP36	1	1	1	1
AMDHD2	BNIP3L	1	1	1	1
AMDHD2	SLC25A14	1	1	1	1
AMDHD2	NOTCH1	1	1	1	1
AMDHD2	SCARB1	1	1	1	1
AMDHD2	CDK2	1	1	1	1
AMDHD2	CTSD	1	1	1	1
AMDHD2	HPRT1	1	1	1	1
AMDHD2	TNIP1	1	1	1	1
AMDHD2	SNX13	1	1	1	1
AMDHD2	TSKU	1	1	1	1
AMDHD2	POLR1C	1	1	1	1
AMDHD2	RELB	1	1	1	1
AMDHD2	WRB	1	1	1	1
AMDHD2	CPNE3	1	1	1	1
AMDHD2	NRIP1	1	1	1	1
AMDHD2	TIMP2	1	1	1	1
AMDHD2	CHERP	1	1	1	1
AMDHD2	ZDHHC6	1	1	1	1
AMDHD2	AKAP8	1	1	1	1
AMDHD2	FHL2	1	1	1	1
AMDHD2	ADCK3	1	1	1	1
AMDHD2	TXNL4B	1	1	1	1
AMDHD2	SOX2	1	1	1	1
AMDHD2	WDTC1	1	1	1	1
AMDHD2	RAB4A	1	1	1	1
AMDHD2	LAGE3	1	1	1	1
AMDHD2	CXCR4	1	1	1	1
AMDHD2	ABCF3	1	1	1	1
AMDHD2	SYPL1	1	1	1	1
AMDHD2	ADAM10	1	1	1	1
AMDHD2	DUSP6	1	1	1	1
AMDHD2	STXBP1	1	1	1	1
AMDHD2	MLEC	1	1	1	1
AMDHD2	INTS3	1	1	1	1
AMDHD2	ACD	1	1	1	1
AMDHD2	AURKB	1	1	1	1
AMDHD2	SPEN	1	1	1	1
AMDHD2	GATA3	1	1	1	1
AMDHD2	SCP2	1	1	1	1
AMDHD2	CAMSAP2	1	1	1	1
AMDHD2	DCK	1	1	1	1
AMDHD2	TJP1	1	1	1	1
AMDHD2	PIK3C2B	1	1	1	1
AMDHD2	GAA	1	1	1	1
AMDHD2	DERA	1	1	1	1
AMDHD2	COG7	1	1	1	1
AMDHD2	RAP1GAP	1	1	1	1
AMDHD2	UBE3B	1	1	1	1
AMDHD2	MTF2	1	1	1	1
AMDHD2	SPP1	1	1	1	1
AMDHD2	SHB	1	1	1	1
AMDHD2	PSMB10	1	1	1	1
AMDHD2	CNDP2	1	1	1	1
AMDHD2	DDIT4	1	1	1	1
AMDHD2	EPB41L2	1	1	1	1
AMDHD2	KTN1	1	1	1	1
AMDHD2	PNP	1	1	1	1
AMDHD2	UBE3C	1	1	1	1
AMDHD2	HOOK2	1	1	1	1
AMDHD2	NVL	1	1	1	1
AMDHD2	ATF1	1	1	1	1
AMDHD2	NUP133	1	1	1	1
AMDHD2	RUVBL1	1	1	1	1
AMDHD2	PYGL	1	1	1	1
AMDHD2	UBQLN2	1	1	1	1
AMDHD2	CCDC85B	1	1	1	1
AMDHD2	RBKS	1	1	1	1
AMDHD2	CASP10	1	1	1	1
AMDHD2	TOPBP1	1	1	1	1
AMDHD2	SLC27A3	1	1	1	1
AMDHD2	HADH	1	1	1	1
AMDHD2	TM9SF2	1	1	1	1
AMDHD2	CEP57	1	1	1	1
AMDHD2	LPAR2	1	1	1	1
AMDHD2	CCDC92	1	1	1	1
AMDHD2	DHX29	1	1	1	1
AMDHD2	STX1A	1	1	1	1
AMDHD2	DNAJB6	1	1	1	1
AMDHD2	CSNK2A2	1	1	1	1
AMDHD2	MVP	1	1	1	1
AMDHD2	CDK4	1	1	1	1
AMDHD2	CASK	1	1	1	1
AMDHD2	ABCC5	1	1	1	1
AMDHD2	GFPT1	1	1	1	1
AMDHD2	MICALL1	1	1	1	1
AMDHD2	CENPE	1	1	1	1
AMDHD2	PWP1	1	1	1	1
AMDHD2	PRSS23	1	1	1	1
AMDHD2	TCTA	1	1	1	1
AMDHD2	BDH1	1	1	1	1
AMDHD2	IARS2	1	1	1	1
AMDHD2	TIMM17B	1	1	1	1
AMDHD2	PPOX	1	1	1	1
AMDHD2	GHR	1	1	1	1
AMDHD2	SYNGR3	1	1	1	1
AMDHD2	SFN	1	1	1	1
AMDHD2	ENOSF1	1	1	1	1
AMDHD2	FOXO3	1	1	1	1
AMDHD2	HS2ST1	1	1	1	1
AMDHD2	CDH3	1	1	1	1
AMDHD2	TESK1	1	1	1	1
AMDHD2	GNAI2	1	1	1	1
AMDHD2	ERBB2	1	1	1	1
AMDHD2	MYL9	1	1	1	1
AMDHD2	SHC1	1	1	1	1
AMDHD2	PAK1	1	1	1	1
AMDHD2	BID	1	1	1	1
AMDHD2	FAM57A	1	1	1	1
AMDHD2	RGS2	1	1	1	1
AMDHD2	SQSTM1	1	1	1	1
AMDHD2	FUT1	1	1	1	1
AMDHD2	TRAPPC3	1	1	1	1
AMDHD2	CRELD2	1	1	1	1
AMDHD2	PFKL	1	1	1	1
AMDHD2	SMARCC1	1	1	1	1
AMDHD2	DECR1	1	1	1	1
AMDHD2	CLSTN1	1	1	1	1
AMDHD2	EBNA1BP2	1	1	1	1
AMDHD2	RTN2	1	1	1	1
AMDHD2	HMGCR	1	1	1	1
AMDHD2	ZNF274	1	1	1	1
AMDHD2	FOSL1	1	1	1	1
AMDHD2	RPS6KA1	1	1	1	1
AMDHD2	CREB1	1	1	1	1
AMDHD2	STK25	1	1	1	1
AMDHD2	KDELR2	1	1	1	1
AMDHD2	CBLB	1	1	1	1
AMDHD2	PTGS2	1	1	1	1
AMDHD2	PLEKHM1	1	1	1	1
AMDHD2	CLIC4	1	1	1	1
AMDHD2	CDC25B	1	1	1	1
AMDHD2	COASY	1	1	1	1
AMDHD2	FOS	1	1	1	1
AMDHD2	TATDN2	1	1	1	1
AMDHD2	H2AFV	1	1	1	1
AMDHD2	RAB11FIP2	1	1	1	1
AMDHD2	MSH6	1	1	1	1
AMDHD2	FBXO11	1	1	1	1
AMDHD2	SPTLC2	1	1	1	1
AMDHD2	LYPLA1	1	1	1	1
AMDHD2	WIPF2	1	1	1	1
AMDHD2	TCEA2	1	1	1	1
AMDHD2	ID2	1	1	1	1
AMDHD2	PYCR1	1	1	1	1
AMDHD2	PPP2R5A	1	1	1	1
AMDHD2	PPARG	1	1	1	1
AMDHD2	POLE2	1	1	1	1
AMDHD2	AGL	1	1	1	1
AMDHD2	HK1	1	1	1	1
AMDHD2	APPBP2	1	1	1	1
AMDHD2	MAP4K4	1	1	1	1
AMDHD2	ELOVL6	1	1	1	1
AMDHD2	AKAP8L	1	1	1	1
AMDHD2	INPP4B	1	1	1	1
AMDHD2	LIG1	1	1	1	1
AMDHD2	FEZ2	1	1	1	1
AMDHD2	BCL7B	1	1	1	1
AMDHD2	SLC25A46	1	1	1	1
AMDHD2	SPDEF	1	1	1	1
AMDHD2	PMAIP1	1	1	1	1
AMDHD2	SCYL3	1	1	1	1
AMDHD2	RRP8	1	1	1	1
AMDHD2	TMEM109	1	1	1	1
AMDHD2	ATP11B	1	1	1	1
AMDHD2	TOMM34	1	1	1	1
AMDHD2	ZNF586	1	1	1	1
AMDHD2	XPO7	1	1	1	1
AMDHD2	HYOU1	1	1	1	1
AMDHD2	MAT2A	1	1	1	1
AMDHD2	EBP	1	1	1	1
AMDHD2	GNAI1	1	1	1	1
AMDHD2	IDE	1	1	1	1
AMDHD2	RFNG	1	1	1	1
AMDHD2	CXCL2	1	1	1	1
AMDHD2	NR3C1	1	1	1	1
AMDHD2	NR1H2	1	1	1	1
AMDHD2	ITGB5	1	1	1	1
AMDHD2	EGFR	1	1	1	1
AMDHD2	TRIB3	1	1	1	1
AMDHD2	FOXO4	1	1	1	1
AMDHD2	RALB	1	1	1	1
AMDHD2	CAST	1	1	1	1
AMDHD2	ABHD4	1	1	1	1
AMDHD2	PIK3R3	1	1	1	1
AMDHD2	DUSP14	1	1	1	1
AMDHD2	SLC35A3	1	1	1	1
AMDHD2	RFC5	1	1	1	1
AMDHD2	EGF	1	1	1	1
AMDHD2	ZNF395	1	1	1	1
AMDHD2	SYNE2	1	1	1	1
AMDHD2	KEAP1	1	1	1	1
AMDHD2	PHKA1	1	1	1	1
AMDHD2	RBM6	1	1	1	1
AMDHD2	PRAF2	1	1	1	1
AMDHD2	PTPLAD1	1	1	1	1
AMDHD2	TERF2IP	1	1	1	1
AMDHD2	STAP2	1	1	1	1
AMDHD2	PTPN12	1	1	1	1
AMDHD2	ATP1B1	1	1	1	1
AMDHD2	TMEM2	1	1	1	1
AMDHD2	SIRT3	1	1	1	1
AMDHD2	TRIB1	1	1	1	1
AMDHD2	MAPK9	1	1	1	1
AMDHD2	CRTAP	1	1	1	1
AMDHD2	CDKN2A	1	1	1	1
AMDHD2	TWF2	1	1	1	1
AMDHD2	NUDCD3	1	1	1	1
AMDHD2	HSPA1A	1	1	1	1
AMDHD2	FBXO21	1	1	1	1
AMDHD2	SESN1	1	1	1	1
AMDHD2	LAMA3	1	1	1	1
AMDHD2	PRKCD	1	1	1	1
AMDHD2	FAH	1	1	1	1
AMDHD2	MAST2	1	1	1	1
AMDHD2	SOX4	1	1	1	1
AMDHD2	TBPL1	1	1	1	1
AMDHD2	TSPAN4	1	1	1	1
AMDHD2	KIF20A	1	1	1	1
AMDHD2	PIN1	1	1	1	1
AMDHD2	DAXX	1	1	1	1
AMDHD2	MAMLD1	1	1	1	1
AMDHD2	ADO	1	1	1	1
AMDHD2	POLB	1	1	1	1
AMDHD2	BPHL	1	1	1	1
AMDHD2	CHEK2	1	1	1	1
AMDHD2	POLD4	1	1	1	1
AMDHD2	PAFAH1B1	1	1	1	1
AMDHD2	GAPDH	1	1	1	1
AMDHD2	RAD51C	1	1	1	1
AMDHD2	WASF3	1	1	1	1
AMDHD2	PSME1	1	1	1	1
AMDHD2	CCDC86	1	1	1	1
AMDHD2	ZW10	1	1	1	1
AMDHD2	CBR1	1	1	1	1
AMDHD2	MYCBP	1	1	1	1
AMDHD2	CEBPZ	1	1	1	1
AMDHD2	JUN	1	1	1	1
AMDHD2	MYLK	1	1	1	1
AMDHD2	TARBP1	1	1	1	1
AMDHD2	PEX11A	1	1	1	1
AMDHD2	SPTAN1	1	1	1	1
AMDHD2	PRKX	1	1	1	1
TMED10	DRAP1	1	1	1	1
DMTF1	NSDHL	1	1	1	1
DMTF1	TESK1	1	1	1	1
DMTF1	RNH1	1	1	1	1
RFC2	HPRT1	1	1	1	1
RFC2	STXBP1	1	1	1	1
RFC2	SLC27A3	1	1	1	1
RFC2	STAT5B	1	1	1	1
RFC2	TESK1	1	1	1	1
RFC2	TATDN2	1	1	1	1
RFC2	TRIB1	1	1	1	1
RFC2	KAT6A	1	1	1	1
CRK	CREB1	1	1	1	1
HTATSF1	POLB	1	1	1	1
ATP5S	MYBL2	1	1	1	1
ATP5S	TRAPPC6A	1	1	1	1
UBE2C	VAPB	1	1	1	1
ACOT9	BZW2	1	1	1	1
ADH5	SPTLC2	1	1	1	1
MLLT11	TSTA3	1	1	1	1
ETV1	COPB2	1	1	1	1
ETV1	HYOU1	1	1	1	1
TRAM2	HOMER2	1	1	1	1
TRAM2	PIH1D1	1	1	1	1
TRAM2	KIAA0196	1	1	1	1
TRAM2	HEBP1	1	1	1	1
TRAM2	SLC25A14	1	1	1	1
TRAM2	NOTCH1	1	1	1	1
TRAM2	ZNF274	1	1	1	1
TRAM2	PTGS2	1	1	1	1
TRAM2	PSMD2	1	1	1	1
TRAM2	FEZ2	1	1	1	1
TRAM2	BCL7B	1	1	1	1
TRAM2	MFSD10	1	1	1	1
TRAM2	NR3C1	1	1	1	1
TRAM2	LBR	1	1	1	1
TRAM2	KAT6A	1	1	1	1
TRAM2	MYCBP2	1	1	1	1
TRAM2	JUN	1	1	1	1
ISOC1	CSNK2A2	1	1	1	1
FBXL12	ELOVL6	1	1	1	1
PHKG2	FAIM	1	1	1	1
PHKG2	GRB10	1	1	1	1
MRPS2	MCOLN1	1	1	1	1
MRPS2	HDAC2	1	1	1	1
GPATCH8	MSH6	1	1	1	1
IFRD2	ETS1	1	1	1	1
IFRD2	CASP2	1	1	1	1
IFRD2	SMC1A	1	1	1	1
IFRD2	PCBD1	1	1	1	1
IFRD2	TERF2IP	1	1	1	1
IFRD2	SATB1	1	1	1	1
IFRD2	RNMT	1	1	1	1
IFRD2	ZW10	1	1	1	1
HN1L	LIPA	1	1	1	1
NENF	STK25	1	1	1	1
SMAD3	ARHGAP1	1	1	1	1
CTSD	RFC5	1	1	1	1
CTSD	MAPK9	1	1	1	1
GOLT1B	RB1	1	1	1	1
TSKU	TNIP1	1	1	1	1
TP53	STAMBP	1	1	1	1
TP53	ADI1	1	1	1	1
TP53	APPBP2	1	1	1	1
TP53	LIPA	1	1	1	1
TP53	PRKCD	1	1	1	1
TP53	SERPINE1	1	1	1	1
PSME2	PSMG1	1	1	1	1
PSME2	ALDOC	1	1	1	1
TBXA2R	JMJD6	1	1	1	1
AKAP8	ANKRD10	1	1	1	1
AKAP8	EML3	1	1	1	1
AKAP8	SNX11	1	1	1	1
AKAP8	FASTKD5	1	1	1	1
AKAP8	DNTTIP2	1	1	1	1
AKAP8	ATP5S	1	1	1	1
AKAP8	ADAM10	1	1	1	1
AKAP8	CDC25B	1	1	1	1
AKAP8	POLB	1	1	1	1
FHL2	KIAA0753	1	1	1	1
FHL2	BECN1	1	1	1	1
OXA1L	CPNE3	1	1	1	1
RAB4A	STX4	1	1	1	1
RAB4A	LYN	1	1	1	1
PACSIN3	CLTB	1	1	1	1
SYPL1	PAK4	1	1	1	1
DHRS7	SOX4	1	1	1	1
CCNB1	LYN	1	1	1	1
KDM5A	PAK1	1	1	1	1
CCL2	FAT1	1	1	1	1
CCL2	SLC37A4	1	1	1	1
CCL2	PLOD3	1	1	1	1
CCL2	NIT1	1	1	1	1
CCL2	BACE2	1	1	1	1
CCL2	LAGE3	1	1	1	1
CCL2	PLK1	1	1	1	1
CCL2	NR1H2	1	1	1	1
CCL2	PRAF2	1	1	1	1
INTS3	TATDN2	1	1	1	1
CDK6	CDK1	1	1	1	1
FBXO7	MTFR1	1	1	1	1
ACD	NIT1	1	1	1	1
ACD	MBTPS1	1	1	1	1
ACD	ZDHHC6	1	1	1	1
DNAJA3	ANKRD10	1	1	1	1
DNAJA3	CIAPIN1	1	1	1	1
DNAJA3	BUB1B	1	1	1	1
DNAJA3	PPIE	1	1	1	1
DNAJA3	GRN	1	1	1	1
DNAJA3	MAP7	1	1	1	1
DNAJA3	CERK	1	1	1	1
DNAJA3	TBX2	1	1	1	1
DNAJA3	STAMBP	1	1	1	1
DNAJA3	FAIM	1	1	1	1
DNAJA3	PROS1	1	1	1	1
DNAJA3	ASAH1	1	1	1	1
DNAJA3	EDEM1	1	1	1	1
DNAJA3	TOP2A	1	1	1	1
DNAJA3	GTF2E2	1	1	1	1
DNAJA3	ABHD6	1	1	1	1
DNAJA3	TNIP1	1	1	1	1
DNAJA3	SNX13	1	1	1	1
DNAJA3	NT5DC2	1	1	1	1
DNAJA3	NNT	1	1	1	1
DNAJA3	STXBP1	1	1	1	1
DNAJA3	TJP1	1	1	1	1
DNAJA3	VAV3	1	1	1	1
DNAJA3	UBE3B	1	1	1	1
DNAJA3	CNDP2	1	1	1	1
DNAJA3	BLMH	1	1	1	1
DNAJA3	SLC27A3	1	1	1	1
DNAJA3	MVP	1	1	1	1
DNAJA3	GHR	1	1	1	1
DNAJA3	SFN	1	1	1	1
DNAJA3	HS2ST1	1	1	1	1
DNAJA3	TESK1	1	1	1	1
DNAJA3	GNAI2	1	1	1	1
DNAJA3	CEBPD	1	1	1	1
DNAJA3	CLSTN1	1	1	1	1
DNAJA3	RPS6KA1	1	1	1	1
DNAJA3	CREB1	1	1	1	1
DNAJA3	PTGS2	1	1	1	1
DNAJA3	BECN1	1	1	1	1
DNAJA3	SMC3	1	1	1	1
DNAJA3	APP	1	1	1	1
DNAJA3	GNAI1	1	1	1	1
DNAJA3	ITGB5	1	1	1	1
DNAJA3	NOSIP	1	1	1	1
DNAJA3	UBE2A	1	1	1	1
DNAJA3	PIK3R3	1	1	1	1
DNAJA3	PHKA1	1	1	1	1
DNAJA3	CDKN2A	1	1	1	1
DNAJA3	NUDCD3	1	1	1	1
DNAJA3	PRKCD	1	1	1	1
DNAJA3	GRB10	1	1	1	1
DNAJA3	POLB	1	1	1	1
DNAJA3	JUN	1	1	1	1
DNAJA3	TARBP1	1	1	1	1
DNAJA3	DNM1	1	1	1	1
CAMSAP2	TNFRSF21	1	1	1	1
RALGDS	PSMF1	1	1	1	1
RALGDS	CIAPIN1	1	1	1	1
RALGDS	MOK	1	1	1	1
RALGDS	LSM6	1	1	1	1
RALGDS	IPO13	1	1	1	1
RALGDS	CFLAR	1	1	1	1
RALGDS	WFS1	1	1	1	1
RALGDS	GRN	1	1	1	1
RALGDS	LYRM1	1	1	1	1
RALGDS	PDIA5	1	1	1	1
RALGDS	DNTTIP2	1	1	1	1
RALGDS	PLOD3	1	1	1	1
RALGDS	TCTN1	1	1	1	1
RALGDS	GSTZ1	1	1	1	1
RALGDS	CLTB	1	1	1	1
RALGDS	NIT1	1	1	1	1
RALGDS	FAM69A	1	1	1	1
RALGDS	ERBB3	1	1	1	1
RALGDS	ADI1	1	1	1	1
RALGDS	PARP2	1	1	1	1
RALGDS	ATP6V0B	1	1	1	1
RALGDS	DAG1	1	1	1	1
RALGDS	IKBKB	1	1	1	1
RALGDS	MMP2	1	1	1	1
RALGDS	MEF2C	1	1	1	1
RALGDS	FCHO1	1	1	1	1
RALGDS	UBE2C	1	1	1	1
RALGDS	ADH5	1	1	1	1
RALGDS	ISOC1	1	1	1	1
RALGDS	GALE	1	1	1	1
RALGDS	IL1B	1	1	1	1
RALGDS	CISD1	1	1	1	1
RALGDS	LRRC16A	1	1	1	1
RALGDS	ICAM3	1	1	1	1
RALGDS	EIF4G1	1	1	1	1
RALGDS	SNX7	1	1	1	1
RALGDS	C5	1	1	1	1
RALGDS	PMM2	1	1	1	1
RALGDS	DNMT1	1	1	1	1
RALGDS	OXSR1	1	1	1	1
RALGDS	HERPUD1	1	1	1	1
RALGDS	SMAD3	1	1	1	1
RALGDS	SCARB1	1	1	1	1
RALGDS	SMARCA4	1	1	1	1
RALGDS	TIMP2	1	1	1	1
RALGDS	POLR2K	1	1	1	1
RALGDS	FHL2	1	1	1	1
RALGDS	ACAA1	1	1	1	1
RALGDS	ADAM10	1	1	1	1
RALGDS	CCNB1	1	1	1	1
RALGDS	INTS3	1	1	1	1
RALGDS	PIK3C2B	1	1	1	1
RALGDS	GAA	1	1	1	1
RALGDS	METRN	1	1	1	1
RALGDS	CCDC85B	1	1	1	1
RALGDS	AURKA	1	1	1	1
RALGDS	CASP10	1	1	1	1
RALGDS	SLC27A3	1	1	1	1
RALGDS	CEP57	1	1	1	1
RALGDS	ABCF1	1	1	1	1
RALGDS	VGLL4	1	1	1	1
RALGDS	PSMB8	1	1	1	1
RALGDS	TIMM17B	1	1	1	1
RALGDS	SLC25A4	1	1	1	1
RALGDS	FYN	1	1	1	1
RALGDS	FOXO3	1	1	1	1
RALGDS	RHOA	1	1	1	1
RALGDS	RPA1	1	1	1	1
RALGDS	MYL9	1	1	1	1
RALGDS	TMEM50A	1	1	1	1
RALGDS	KDM3A	1	1	1	1
RALGDS	BID	1	1	1	1
RALGDS	NISCH	1	1	1	1
RALGDS	HEATR1	1	1	1	1
RALGDS	HMGCR	1	1	1	1
RALGDS	RAE1	1	1	1	1
RALGDS	FOSL1	1	1	1	1
RALGDS	CBLB	1	1	1	1
RALGDS	TLE1	1	1	1	1
RALGDS	CDC25B	1	1	1	1
RALGDS	PTPRK	1	1	1	1
RALGDS	TRAP1	1	1	1	1
RALGDS	PYCR1	1	1	1	1
RALGDS	KLHL9	1	1	1	1
RALGDS	PPIC	1	1	1	1
RALGDS	HK1	1	1	1	1
RALGDS	APPBP2	1	1	1	1
RALGDS	KLHL21	1	1	1	1
RALGDS	SCYL3	1	1	1	1
RALGDS	TOMM34	1	1	1	1
RALGDS	GPC1	1	1	1	1
RALGDS	NR1H2	1	1	1	1
RALGDS	PIK3R3	1	1	1	1
RALGDS	B3GNT1	1	1	1	1
RALGDS	ORC1	1	1	1	1
RALGDS	LRPAP1	1	1	1	1
RALGDS	LIPA	1	1	1	1
RALGDS	PRAF2	1	1	1	1
RALGDS	EDN1	1	1	1	1
RALGDS	HAT1	1	1	1	1
RALGDS	HSPA1A	1	1	1	1
RALGDS	SESN1	1	1	1	1
RALGDS	C2CD2L	1	1	1	1
RALGDS	CDCA4	1	1	1	1
RALGDS	CGRRF1	1	1	1	1
RALGDS	GAPDH	1	1	1	1
RALGDS	WASF3	1	1	1	1
RALGDS	MYLK	1	1	1	1
WDR7	BNIP3	1	1	1	1
PAPD7	CDC20	1	1	1	1
KDM5B	ACLY	1	1	1	1
PDS5A	NIPSNAP1	1	1	1	1
NUSAP1	SENP6	1	1	1	1
NUSAP1	TPM1	1	1	1	1
SHB	TXNRD1	1	1	1	1
GNB5	IL4R	1	1	1	1
DDIT4	SERPINE1	1	1	1	1
EPB41L2	BTK	1	1	1	1
ME2	CDK2	1	1	1	1
ME2	LYN	1	1	1	1
ME2	RAE1	1	1	1	1
ME2	KAT6B	1	1	1	1
KTN1	NUP133	1	1	1	1
PNP	CRYZ	1	1	1	1
NVL	PRKX	1	1	1	1
LAP3	PHKG2	1	1	1	1
LAP3	TFAP2A	1	1	1	1
ATF1	POLE2	1	1	1	1
GRB7	PRR7	1	1	1	1
TMCO1	DDX10	1	1	1	1
TMCO1	CISD1	1	1	1	1
ARID5B	RAB21	1	1	1	1
ARID5B	HIF1A	1	1	1	1
CCDC92	ATP2C1	1	1	1	1
DNAJB6	SLC35B1	1	1	1	1
DNAJB6	SDHB	1	1	1	1
MAP2K5	MOK	1	1	1	1
MAP2K5	TRAP1	1	1	1	1
MAP2K5	PAN2	1	1	1	1
COPB2	PIP4K2B	1	1	1	1
MEST	CFLAR	1	1	1	1
MEST	SCAND1	1	1	1	1
MEST	SRC	1	1	1	1
MEST	FOSL1	1	1	1	1
MEST	GPC1	1	1	1	1
MEST	TIMM22	1	1	1	1
TCTA	POLR2K	1	1	1	1
TCTA	ZMYM2	1	1	1	1
FKBP14	ITGAE	1	1	1	1
PLP2	SCCPDH	1	1	1	1
SFN	FZD1	1	1	1	1
SFN	FAIM	1	1	1	1
SFN	PTPRK	1	1	1	1
SFN	RNH1	1	1	1	1
SFN	CBR1	1	1	1	1
G3BP1	ST6GALNAC2	1	1	1	1
FOXO3	MOK	1	1	1	1
FOXO3	PTPRF	1	1	1	1
FOXO3	RAB21	1	1	1	1
FOXO3	ITGAE	1	1	1	1
FOXO3	MAPK13	1	1	1	1
FOXO3	PGRMC1	1	1	1	1
FOXO3	ETS1	1	1	1	1
FOXO3	FCHO1	1	1	1	1
FOXO3	TRAM2	1	1	1	1
FOXO3	CD40	1	1	1	1
FOXO3	C5	1	1	1	1
FOXO3	ABHD6	1	1	1	1
FOXO3	SMAD3	1	1	1	1
FOXO3	SPAG7	1	1	1	1
FOXO3	FHL2	1	1	1	1
FOXO3	ADAM10	1	1	1	1
FOXO3	PLCB3	1	1	1	1
FOXO3	UBE3B	1	1	1	1
FOXO3	PRSS23	1	1	1	1
FOXO3	RBM15B	1	1	1	1
FOXO3	NR3C1	1	1	1	1
FOXO3	SNCA	1	1	1	1
FOXO3	TBPL1	1	1	1	1
FOXO3	ARHGAP1	1	1	1	1
PARP1	PMM2	1	1	1	1
TESK1	MAPKAPK2	1	1	1	1
TESK1	HSPB1	1	1	1	1
TESK1	STAT5B	1	1	1	1
TESK1	TRIB3	1	1	1	1
TESK1	BPHL	1	1	1	1
USP22	PRKX	1	1	1	1
FAM57A	NENF	1	1	1	1
FAM57A	POLB	1	1	1	1
TSEN2	CTTN	1	1	1	1
TSEN2	EBNA1BP2	1	1	1	1
SMARCC1	ALAS1	1	1	1	1
SMARCC1	CSK	1	1	1	1
SMARCC1	HEBP1	1	1	1	1
SMARCC1	SCAND1	1	1	1	1
SMARCC1	INPP1	1	1	1	1
SMARCC1	CCDC85B	1	1	1	1
SMARCC1	KIAA1033	1	1	1	1
TXLNA	HTATSF1	1	1	1	1
TXLNA	CDK2	1	1	1	1
TXLNA	CETN3	1	1	1	1
HEATR1	HDAC2	1	1	1	1
FOSL1	TESK1	1	1	1	1
DLD	PTPN12	1	1	1	1
STXBP2	SLC35B1	1	1	1	1
STXBP2	DFFB	1	1	1	1
YTHDF1	STAMBP	1	1	1	1
YTHDF1	S100A4	1	1	1	1
YTHDF1	MAP2K5	1	1	1	1
YTHDF1	ID2	1	1	1	1
PIK3C3	CLSTN1	1	1	1	1
CBLB	PNP	1	1	1	1
PSMD2	PCK2	1	1	1	1
NFKBIB	TWF2	1	1	1	1
CLIC4	ERBB3	1	1	1	1
CLIC4	MSH6	1	1	1	1
COASY	NUP62	1	1	1	1
RAB11FIP2	AMDHD2	1	1	1	1
RAB11FIP2	MAP3K4	1	1	1	1
RAB11FIP2	ACOT9	1	1	1	1
RAB11FIP2	CLTC	1	1	1	1
ITGB1BP1	THAP11	1	1	1	1
SPTLC2	CORO1A	1	1	1	1
ATMIN	C5	1	1	1	1
ATMIN	NFKBIE	1	1	1	1
WIPF2	TOP2A	1	1	1	1
TCEA2	ITGAE	1	1	1	1
TCEA2	TIMM9	1	1	1	1
TCEA2	IKBKB	1	1	1	1
TCEA2	LRRC16A	1	1	1	1
SLC1A4	MPZL1	1	1	1	1
AGL	PSRC1	1	1	1	1
APPBP2	NUP133	1	1	1	1
ELOVL6	TOMM34	1	1	1	1
FEZ2	USP1	1	1	1	1
KLHL21	TMCO1	1	1	1	1
KLHL21	SYNGR3	1	1	1	1
PMAIP1	PTGS2	1	1	1	1
PMAIP1	UBE2A	1	1	1	1
SLC2A6	TIMP2	1	1	1	1
SLC2A6	RPN1	1	1	1	1
SLC2A6	EGFR	1	1	1	1
SLC2A6	EIF4EBP1	1	1	1	1
SCYL3	ANKRD10	1	1	1	1
SCYL3	BUB1B	1	1	1	1
SCYL3	PPIE	1	1	1	1
SCYL3	FAM20B	1	1	1	1
SCYL3	GRN	1	1	1	1
SCYL3	GNPDA1	1	1	1	1
SCYL3	RRAGA	1	1	1	1
SCYL3	MAP7	1	1	1	1
SCYL3	HMGA2	1	1	1	1
SCYL3	CERK	1	1	1	1
SCYL3	FIS1	1	1	1	1
SCYL3	PGRMC1	1	1	1	1
SCYL3	RPP38	1	1	1	1
SCYL3	TBX2	1	1	1	1
SCYL3	ARFIP2	1	1	1	1
SCYL3	CIRBP	1	1	1	1
SCYL3	STAMBP	1	1	1	1
SCYL3	ADI1	1	1	1	1
SCYL3	PROS1	1	1	1	1
SCYL3	TBP	1	1	1	1
SCYL3	ASAH1	1	1	1	1
SCYL3	EDEM1	1	1	1	1
SCYL3	TOP2A	1	1	1	1
SCYL3	GTF2E2	1	1	1	1
SCYL3	ETFB	1	1	1	1
SCYL3	KIF2C	1	1	1	1
SCYL3	EIF4G1	1	1	1	1
SCYL3	LGMN	1	1	1	1
SCYL3	MRPS2	1	1	1	1
SCYL3	ABHD6	1	1	1	1
SCYL3	KIAA1279	1	1	1	1
SCYL3	LOXL1	1	1	1	1
SCYL3	CHIC2	1	1	1	1
SCYL3	SCARB1	1	1	1	1
SCYL3	TNIP1	1	1	1	1
SCYL3	SNX13	1	1	1	1
SCYL3	NT5DC2	1	1	1	1
SCYL3	CETN3	1	1	1	1
SCYL3	CXCR4	1	1	1	1
SCYL3	BAG3	1	1	1	1
SCYL3	STXBP1	1	1	1	1
SCYL3	PRKACA	1	1	1	1
SCYL3	TJP1	1	1	1	1
SCYL3	VAV3	1	1	1	1
SCYL3	UBE3B	1	1	1	1
SCYL3	CNDP2	1	1	1	1
SCYL3	DDIT4	1	1	1	1
SCYL3	BLMH	1	1	1	1
SCYL3	NVL	1	1	1	1
SCYL3	PYGL	1	1	1	1
SCYL3	TOPBP1	1	1	1	1
SCYL3	SLC27A3	1	1	1	1
SCYL3	CEP57	1	1	1	1
SCYL3	MVP	1	1	1	1
SCYL3	ACLY	1	1	1	1
SCYL3	PSMB8	1	1	1	1
SCYL3	FKBP14	1	1	1	1
SCYL3	IARS2	1	1	1	1
SCYL3	GHR	1	1	1	1
SCYL3	SYNGR3	1	1	1	1
SCYL3	SFN	1	1	1	1
SCYL3	ENOSF1	1	1	1	1
SCYL3	FAS	1	1	1	1
SCYL3	HS2ST1	1	1	1	1
SCYL3	CDH3	1	1	1	1
SCYL3	TESK1	1	1	1	1
SCYL3	PLSCR1	1	1	1	1
SCYL3	GNAI2	1	1	1	1
SCYL3	TMEM50A	1	1	1	1
SCYL3	SRC	1	1	1	1
SCYL3	RGS2	1	1	1	1
SCYL3	CASC3	1	1	1	1
SCYL3	ECH1	1	1	1	1
SCYL3	RPS6KA1	1	1	1	1
SCYL3	CREB1	1	1	1	1
SCYL3	STK25	1	1	1	1
SCYL3	CBLB	1	1	1	1
SCYL3	PLEKHM1	1	1	1	1
SCYL3	CLIC4	1	1	1	1
SCYL3	CDC25B	1	1	1	1
SCYL3	ELAVL1	1	1	1	1
SCYL3	NR2F6	1	1	1	1
SCYL3	BECN1	1	1	1	1
SCYL3	APP	1	1	1	1
SCYL3	LIG1	1	1	1	1
SCYL3	GNAI1	1	1	1	1
SCYL3	RPA3	1	1	1	1
SCYL3	ITGB5	1	1	1	1
SCYL3	NOSIP	1	1	1	1
SCYL3	UBE2A	1	1	1	1
SCYL3	PIK3R3	1	1	1	1
SCYL3	PHKA1	1	1	1	1
SCYL3	STAP2	1	1	1	1
SCYL3	TMEM2	1	1	1	1
SCYL3	PRR15L	1	1	1	1
SCYL3	CDKN2A	1	1	1	1
SCYL3	NUDCD3	1	1	1	1
SCYL3	PRKCD	1	1	1	1
SCYL3	GRB10	1	1	1	1
SCYL3	MAMLD1	1	1	1	1
SCYL3	POLB	1	1	1	1
SCYL3	CHEK2	1	1	1	1
SCYL3	CDCA4	1	1	1	1
SCYL3	SSBP2	1	1	1	1
SCYL3	MCM3	1	1	1	1
SCYL3	PGAM1	1	1	1	1
SCYL3	JUN	1	1	1	1
SCYL3	TARBP1	1	1	1	1
SCYL3	DNM1	1	1	1	1
ALDOC	CHMP6	1	1	1	1
MYBL2	BDH1	1	1	1	1
USP7	KIAA0196	1	1	1	1
USP7	VAV3	1	1	1	1
USP7	CSNK2A2	1	1	1	1
NOS3	TSPAN6	1	1	1	1
NOS3	CRYZ	1	1	1	1
NOS3	EDEM1	1	1	1	1
NOS3	CNPY3	1	1	1	1
NOS3	DUSP11	1	1	1	1
NOS3	PSMG1	1	1	1	1
NOS3	TPM1	1	1	1	1
MAT2A	GTF2A2	1	1	1	1
MAT2A	CREB1	1	1	1	1
MAT2A	RFC5	1	1	1	1
EBP	TOMM70A	1	1	1	1
IDE	FIS1	1	1	1	1
IDE	TOR1A	1	1	1	1
IDE	VGLL4	1	1	1	1
IDE	TMEM2	1	1	1	1
MFSD10	GALE	1	1	1	1
HES1	NUP85	1	1	1	1
NMT1	PTPN1	1	1	1	1
NMT1	CRKL	1	1	1	1
RALB	B3GNT1	1	1	1	1
PAN2	MMP2	1	1	1	1
PAN2	PAFAH1B3	1	1	1	1
ORC1	TP53BP2	1	1	1	1
ORC1	KCTD5	1	1	1	1
ORC1	ANKRD10	1	1	1	1
ORC1	PSMD10	1	1	1	1
ORC1	MRPL19	1	1	1	1
ORC1	CALU	1	1	1	1
ORC1	DYNLT3	1	1	1	1
ORC1	RPS5	1	1	1	1
ORC1	USP14	1	1	1	1
ORC1	PTPRF	1	1	1	1
ORC1	DENND2D	1	1	1	1
ORC1	BUB1B	1	1	1	1
ORC1	PPIE	1	1	1	1
ORC1	GDPD5	1	1	1	1
ORC1	NRAS	1	1	1	1
ORC1	NET1	1	1	1	1
ORC1	SENP6	1	1	1	1
ORC1	FPGS	1	1	1	1
ORC1	DDB2	1	1	1	1
ORC1	UBR7	1	1	1	1
ORC1	ICAM1	1	1	1	1
ORC1	GRN	1	1	1	1
ORC1	CDK19	1	1	1	1
ORC1	RAB21	1	1	1	1
ORC1	RRAGA	1	1	1	1
ORC1	ZNF451	1	1	1	1
ORC1	PDIA5	1	1	1	1
ORC1	ST6GALNAC2	1	1	1	1
ORC1	ITGAE	1	1	1	1
ORC1	COG2	1	1	1	1
ORC1	HOXA5	1	1	1	1
ORC1	HMGA2	1	1	1	1
ORC1	PHKB	1	1	1	1
ORC1	BHLHE40	1	1	1	1
ORC1	RASA1	1	1	1	1
ORC1	TRIM13	1	1	1	1
ORC1	MAPKAPK2	1	1	1	1
ORC1	EPHB2	1	1	1	1
ORC1	PLS1	1	1	1	1
ORC1	PGRMC1	1	1	1	1
ORC1	RPP38	1	1	1	1
ORC1	GTF2A2	1	1	1	1
ORC1	NFIL3	1	1	1	1
ORC1	RPS6	1	1	1	1
ORC1	CRYZ	1	1	1	1
ORC1	APOE	1	1	1	1
ORC1	MALT1	1	1	1	1
ORC1	TBC1D9B	1	1	1	1
ORC1	TCTN1	1	1	1	1
ORC1	GSTZ1	1	1	1	1
ORC1	YKT6	1	1	1	1
ORC1	TIPARP	1	1	1	1
ORC1	HMOX1	1	1	1	1
ORC1	TMED10	1	1	1	1
ORC1	NSDHL	1	1	1	1
ORC1	CLTB	1	1	1	1
ORC1	NIT1	1	1	1	1
ORC1	STAMBP	1	1	1	1
ORC1	MTHFD2	1	1	1	1
ORC1	PARP2	1	1	1	1
ORC1	DMTF1	1	1	1	1
ORC1	TIMM9	1	1	1	1
ORC1	STMN1	1	1	1	1
ORC1	VAT1	1	1	1	1
ORC1	ATP6V0B	1	1	1	1
ORC1	NCAPD2	1	1	1	1
ORC1	EPRS	1	1	1	1
ORC1	SMC4	1	1	1	1
ORC1	SMNDC1	1	1	1	1
ORC1	REEP5	1	1	1	1
ORC1	PIK3CA	1	1	1	1
ORC1	PROS1	1	1	1	1
ORC1	CRK	1	1	1	1
ORC1	TBP	1	1	1	1
ORC1	DUSP22	1	1	1	1
ORC1	EDEM1	1	1	1	1
ORC1	EPN2	1	1	1	1
ORC1	MEF2C	1	1	1	1
ORC1	MAPK1IP1L	1	1	1	1
ORC1	CAPN1	1	1	1	1
ORC1	FSD1	1	1	1	1
ORC1	TSC22D3	1	1	1	1
ORC1	TRAM2	1	1	1	1
ORC1	POP4	1	1	1	1
ORC1	HOXA10	1	1	1	1
ORC1	IL1B	1	1	1	1
ORC1	S100A4	1	1	1	1
ORC1	BRCA1	1	1	1	1
ORC1	ELAC2	1	1	1	1
ORC1	TOP2A	1	1	1	1
ORC1	GTF2E2	1	1	1	1
ORC1	LRRC16A	1	1	1	1
ORC1	DUSP3	1	1	1	1
ORC1	KIF2C	1	1	1	1
ORC1	EIF4G1	1	1	1	1
ORC1	FBXL12	1	1	1	1
ORC1	RAD9A	1	1	1	1
ORC1	PLA2G15	1	1	1	1
ORC1	LGMN	1	1	1	1
ORC1	PLA2G4A	1	1	1	1
ORC1	MRPS2	1	1	1	1
ORC1	MBTPS1	1	1	1	1
ORC1	NARFL	1	1	1	1
ORC1	YME1L1	1	1	1	1
ORC1	ABHD6	1	1	1	1
ORC1	TXNRD1	1	1	1	1
ORC1	IFRD2	1	1	1	1
ORC1	RRP12	1	1	1	1
ORC1	KIAA1279	1	1	1	1
ORC1	HIF1A	1	1	1	1
ORC1	LOXL1	1	1	1	1
ORC1	NENF	1	1	1	1
ORC1	THAP11	1	1	1	1
ORC1	GPR56	1	1	1	1
ORC1	OXSR1	1	1	1	1
ORC1	SLC35B1	1	1	1	1
ORC1	TNFRSF21	1	1	1	1
ORC1	ZFP36	1	1	1	1
ORC1	BNIP3L	1	1	1	1
ORC1	USP6NL	1	1	1	1
ORC1	SLC25A14	1	1	1	1
ORC1	NOTCH1	1	1	1	1
ORC1	SCARB1	1	1	1	1
ORC1	CDK2	1	1	1	1
ORC1	CTSD	1	1	1	1
ORC1	PCK2	1	1	1	1
ORC1	HPRT1	1	1	1	1
ORC1	TNIP1	1	1	1	1
ORC1	SNX13	1	1	1	1
ORC1	TSKU	1	1	1	1
ORC1	POLR1C	1	1	1	1
ORC1	RELB	1	1	1	1
ORC1	WRB	1	1	1	1
ORC1	NT5DC2	1	1	1	1
ORC1	CPNE3	1	1	1	1
ORC1	CETN3	1	1	1	1
ORC1	TIMP2	1	1	1	1
ORC1	CHERP	1	1	1	1
ORC1	ZDHHC6	1	1	1	1
ORC1	AKAP8	1	1	1	1
ORC1	FHL2	1	1	1	1
ORC1	ADCK3	1	1	1	1
ORC1	TXNL4B	1	1	1	1
ORC1	SOX2	1	1	1	1
ORC1	WDTC1	1	1	1	1
ORC1	DFFB	1	1	1	1
ORC1	RAB4A	1	1	1	1
ORC1	LAGE3	1	1	1	1
ORC1	CXCR4	1	1	1	1
ORC1	ABCF3	1	1	1	1
ORC1	SYPL1	1	1	1	1
ORC1	ADAM10	1	1	1	1
ORC1	DUSP6	1	1	1	1
ORC1	STXBP1	1	1	1	1
ORC1	MLEC	1	1	1	1
ORC1	INTS3	1	1	1	1
ORC1	ACD	1	1	1	1
ORC1	AURKB	1	1	1	1
ORC1	SPEN	1	1	1	1
ORC1	GATA3	1	1	1	1
ORC1	SCP2	1	1	1	1
ORC1	CAMSAP2	1	1	1	1
ORC1	DCK	1	1	1	1
ORC1	TJP1	1	1	1	1
ORC1	PIK3C2B	1	1	1	1
ORC1	GAA	1	1	1	1
ORC1	DERA	1	1	1	1
ORC1	COG7	1	1	1	1
ORC1	MSRA	1	1	1	1
ORC1	NFE2L2	1	1	1	1
ORC1	RAP1GAP	1	1	1	1
ORC1	UBE3B	1	1	1	1
ORC1	MTF2	1	1	1	1
ORC1	SPP1	1	1	1	1
ORC1	SHB	1	1	1	1
ORC1	PSMB10	1	1	1	1
ORC1	CNDP2	1	1	1	1
ORC1	DDIT4	1	1	1	1
ORC1	EPB41L2	1	1	1	1
ORC1	KTN1	1	1	1	1
ORC1	PNP	1	1	1	1
ORC1	UBE3C	1	1	1	1
ORC1	HOOK2	1	1	1	1
ORC1	NVL	1	1	1	1
ORC1	LAP3	1	1	1	1
ORC1	NUP133	1	1	1	1
ORC1	IGFBP3	1	1	1	1
ORC1	RUVBL1	1	1	1	1
ORC1	PYGL	1	1	1	1
ORC1	UBQLN2	1	1	1	1
ORC1	CCDC85B	1	1	1	1
ORC1	RBKS	1	1	1	1
ORC1	CASP10	1	1	1	1
ORC1	TOPBP1	1	1	1	1
ORC1	SLC27A3	1	1	1	1
ORC1	HADH	1	1	1	1
ORC1	TM9SF2	1	1	1	1
ORC1	CEP57	1	1	1	1
ORC1	LPAR2	1	1	1	1
ORC1	BZW2	1	1	1	1
ORC1	CCDC92	1	1	1	1
ORC1	DDR1	1	1	1	1
ORC1	STX1A	1	1	1	1
ORC1	DNAJB6	1	1	1	1
ORC1	CSNK2A2	1	1	1	1
ORC1	MVP	1	1	1	1
ORC1	PCBD1	1	1	1	1
ORC1	CDK4	1	1	1	1
ORC1	CASK	1	1	1	1
ORC1	ABCC5	1	1	1	1
ORC1	GFPT1	1	1	1	1
ORC1	MICALL1	1	1	1	1
ORC1	CENPE	1	1	1	1
ORC1	PWP1	1	1	1	1
ORC1	PRSS23	1	1	1	1
ORC1	TCTA	1	1	1	1
ORC1	PLP2	1	1	1	1
ORC1	BDH1	1	1	1	1
ORC1	IARS2	1	1	1	1
ORC1	TIMM17B	1	1	1	1
ORC1	PPOX	1	1	1	1
ORC1	SYNGR3	1	1	1	1
ORC1	SFN	1	1	1	1
ORC1	ENOSF1	1	1	1	1
ORC1	FOXO3	1	1	1	1
ORC1	HS2ST1	1	1	1	1
ORC1	CDH3	1	1	1	1
ORC1	TESK1	1	1	1	1
ORC1	GNAI2	1	1	1	1
ORC1	ERBB2	1	1	1	1
ORC1	MYL9	1	1	1	1
ORC1	SHC1	1	1	1	1
ORC1	PAK1	1	1	1	1
ORC1	BID	1	1	1	1
ORC1	FAM57A	1	1	1	1
ORC1	RGS2	1	1	1	1
ORC1	ARHGEF2	1	1	1	1
ORC1	SQSTM1	1	1	1	1
ORC1	CEBPD	1	1	1	1
ORC1	FUT1	1	1	1	1
ORC1	TRAPPC3	1	1	1	1
ORC1	PFKL	1	1	1	1
ORC1	SMARCC1	1	1	1	1
ORC1	DECR1	1	1	1	1
ORC1	CLSTN1	1	1	1	1
ORC1	EBNA1BP2	1	1	1	1
ORC1	RTN2	1	1	1	1
ORC1	HMGCR	1	1	1	1
ORC1	ZNF274	1	1	1	1
ORC1	FOSL1	1	1	1	1
ORC1	RPS6KA1	1	1	1	1
ORC1	CREB1	1	1	1	1
ORC1	STK25	1	1	1	1
ORC1	DSG2	1	1	1	1
ORC1	KDELR2	1	1	1	1
ORC1	CBLB	1	1	1	1
ORC1	PTGS2	1	1	1	1
ORC1	PLEKHM1	1	1	1	1
ORC1	CLIC4	1	1	1	1
ORC1	CDC25B	1	1	1	1
ORC1	COASY	1	1	1	1
ORC1	CDK7	1	1	1	1
ORC1	FOS	1	1	1	1
ORC1	PIK3R4	1	1	1	1
ORC1	TATDN2	1	1	1	1
ORC1	H2AFV	1	1	1	1
ORC1	RAB11FIP2	1	1	1	1
ORC1	MSH6	1	1	1	1
ORC1	HERC6	1	1	1	1
ORC1	FBXO11	1	1	1	1
ORC1	SPTLC2	1	1	1	1
ORC1	LYPLA1	1	1	1	1
ORC1	WIPF2	1	1	1	1
ORC1	TCEA2	1	1	1	1
ORC1	ID2	1	1	1	1
ORC1	PYCR1	1	1	1	1
ORC1	PPP2R5A	1	1	1	1
ORC1	POLE2	1	1	1	1
ORC1	AGL	1	1	1	1
ORC1	HK1	1	1	1	1
ORC1	APPBP2	1	1	1	1
ORC1	MAP4K4	1	1	1	1
ORC1	ELOVL6	1	1	1	1
ORC1	AKAP8L	1	1	1	1
ORC1	INPP4B	1	1	1	1
ORC1	LIG1	1	1	1	1
ORC1	FEZ2	1	1	1	1
ORC1	BCL7B	1	1	1	1
ORC1	SLC25A46	1	1	1	1
ORC1	SPDEF	1	1	1	1
ORC1	PMAIP1	1	1	1	1
ORC1	SCYL3	1	1	1	1
ORC1	RRP8	1	1	1	1
ORC1	TMEM109	1	1	1	1
ORC1	ATP11B	1	1	1	1
ORC1	TOMM34	1	1	1	1
ORC1	ZNF586	1	1	1	1
ORC1	XPO7	1	1	1	1
ORC1	HYOU1	1	1	1	1
ORC1	MAT2A	1	1	1	1
ORC1	EBP	1	1	1	1
ORC1	GNAI1	1	1	1	1
ORC1	IDE	1	1	1	1
ORC1	CXCL2	1	1	1	1
ORC1	NR3C1	1	1	1	1
ORC1	DYRK3	1	1	1	1
ORC1	TSPAN3	1	1	1	1
ORC1	NR1H2	1	1	1	1
ORC1	ITGB5	1	1	1	1
ORC1	EGFR	1	1	1	1
ORC1	TRIB3	1	1	1	1
ORC1	FOXO4	1	1	1	1
ORC1	RALB	1	1	1	1
ORC1	ABHD4	1	1	1	1
ORC1	PIK3R3	1	1	1	1
ORC1	DUSP14	1	1	1	1
ORC1	EGF	1	1	1	1
ORC1	ZNF395	1	1	1	1
ORC1	SYNE2	1	1	1	1
ORC1	TP53BP1	1	1	1	1
ORC1	KEAP1	1	1	1	1
ORC1	PHKA1	1	1	1	1
ORC1	RBM6	1	1	1	1
ORC1	TGFBR2	1	1	1	1
ORC1	PTPLAD1	1	1	1	1
ORC1	TERF2IP	1	1	1	1
ORC1	STAP2	1	1	1	1
ORC1	ATP1B1	1	1	1	1
ORC1	TMEM2	1	1	1	1
ORC1	SIRT3	1	1	1	1
ORC1	TRIB1	1	1	1	1
ORC1	MAPK9	1	1	1	1
ORC1	CRTAP	1	1	1	1
ORC1	CDKN2A	1	1	1	1
ORC1	TWF2	1	1	1	1
ORC1	NUDCD3	1	1	1	1
ORC1	HSPA1A	1	1	1	1
ORC1	FBXO21	1	1	1	1
ORC1	SESN1	1	1	1	1
ORC1	LAMA3	1	1	1	1
ORC1	PRKCD	1	1	1	1
ORC1	FAH	1	1	1	1
ORC1	MAST2	1	1	1	1
ORC1	SOX4	1	1	1	1
ORC1	TBPL1	1	1	1	1
ORC1	ILK	1	1	1	1
ORC1	TSPAN4	1	1	1	1
ORC1	PIN1	1	1	1	1
ORC1	DAXX	1	1	1	1
ORC1	MAMLD1	1	1	1	1
ORC1	ADO	1	1	1	1
ORC1	POLB	1	1	1	1
ORC1	BPHL	1	1	1	1
ORC1	CHEK2	1	1	1	1
ORC1	POLD4	1	1	1	1
ORC1	BIRC2	1	1	1	1
ORC1	GAPDH	1	1	1	1
ORC1	RAD51C	1	1	1	1
ORC1	WASF3	1	1	1	1
ORC1	PSME1	1	1	1	1
ORC1	CCDC86	1	1	1	1
ORC1	ZW10	1	1	1	1
ORC1	CBR1	1	1	1	1
ORC1	MYCBP	1	1	1	1
ORC1	CEBPZ	1	1	1	1
ORC1	JUN	1	1	1	1
ORC1	TARBP1	1	1	1	1
ORC1	PEX11A	1	1	1	1
ORC1	SPTAN1	1	1	1	1
ORC1	PRKX	1	1	1	1
CTNNAL1	MIF	1	1	1	1
CTNNAL1	CSRP1	1	1	1	1
CTNNAL1	LAMA3	1	1	1	1
PAK4	LRPAP1	1	1	1	1
IGF1R	NFKBIA	1	1	1	1
IGF1R	RPS6	1	1	1	1
IGF1R	TBX2	1	1	1	1
IGF1R	IKBKB	1	1	1	1
IGF1R	ATF6	1	1	1	1
IGF1R	TJP1	1	1	1	1
IGF1R	AKAP8L	1	1	1	1
IGF1R	CDC42	1	1	1	1
RBM6	BTK	1	1	1	1
GNA11	ERBB3	1	1	1	1
GNA11	TXNDC9	1	1	1	1
GABPB1	CRTAP	1	1	1	1
IER3	PARP2	1	1	1	1
MRPS16	PCMT1	1	1	1	1
C2CD2L	SMC4	1	1	1	1
LAMA3	TP53BP2	1	1	1	1
LAMA3	AARS	1	1	1	1
LAMA3	KCTD5	1	1	1	1
LAMA3	ADAT1	1	1	1	1
LAMA3	RPS5	1	1	1	1
LAMA3	DHDDS	1	1	1	1
LAMA3	ARID4B	1	1	1	1
LAMA3	EML3	1	1	1	1
LAMA3	HMG20B	1	1	1	1
LAMA3	NET1	1	1	1	1
LAMA3	ALAS1	1	1	1	1
LAMA3	FPGS	1	1	1	1
LAMA3	STX4	1	1	1	1
LAMA3	UBR7	1	1	1	1
LAMA3	RPL39L	1	1	1	1
LAMA3	ICAM1	1	1	1	1
LAMA3	GRN	1	1	1	1
LAMA3	RAB21	1	1	1	1
LAMA3	RRAGA	1	1	1	1
LAMA3	ZNF451	1	1	1	1
LAMA3	PDIA5	1	1	1	1
LAMA3	CCND3	1	1	1	1
LAMA3	ST6GALNAC2	1	1	1	1
LAMA3	ITGAE	1	1	1	1
LAMA3	PHKB	1	1	1	1
LAMA3	ARPP19	1	1	1	1
LAMA3	PTK2B	1	1	1	1
LAMA3	TRIM13	1	1	1	1
LAMA3	MAPKAPK2	1	1	1	1
LAMA3	IL4R	1	1	1	1
LAMA3	SGCB	1	1	1	1
LAMA3	RPP38	1	1	1	1
LAMA3	GTF2A2	1	1	1	1
LAMA3	RALA	1	1	1	1
LAMA3	NFIL3	1	1	1	1
LAMA3	RPS6	1	1	1	1
LAMA3	MALT1	1	1	1	1
LAMA3	AMDHD2	1	1	1	1
LAMA3	GSTZ1	1	1	1	1
LAMA3	RFX5	1	1	1	1
LAMA3	HSPA4	1	1	1	1
LAMA3	ERBB3	1	1	1	1
LAMA3	STAMBP	1	1	1	1
LAMA3	MMP1	1	1	1	1
LAMA3	MTHFD2	1	1	1	1
LAMA3	KCNK1	1	1	1	1
LAMA3	PARP2	1	1	1	1
LAMA3	STMN1	1	1	1	1
LAMA3	ATP6V0B	1	1	1	1
LAMA3	NCAPD2	1	1	1	1
LAMA3	TOR1A	1	1	1	1
LAMA3	TM9SF3	1	1	1	1
LAMA3	RAB27A	1	1	1	1
LAMA3	REEP5	1	1	1	1
LAMA3	CRK	1	1	1	1
LAMA3	TBP	1	1	1	1
LAMA3	CEBPA	1	1	1	1
LAMA3	PSRC1	1	1	1	1
LAMA3	ASAH1	1	1	1	1
LAMA3	DAG1	1	1	1	1
LAMA3	EDEM1	1	1	1	1
LAMA3	MMP2	1	1	1	1
LAMA3	EPN2	1	1	1	1
LAMA3	PHGDH	1	1	1	1
LAMA3	ATP5S	1	1	1	1
LAMA3	MAPK1IP1L	1	1	1	1
LAMA3	CAPN1	1	1	1	1
LAMA3	UBE2C	1	1	1	1
LAMA3	HOXA10	1	1	1	1
LAMA3	TRAK2	1	1	1	1
LAMA3	CD40	1	1	1	1
LAMA3	ELAC2	1	1	1	1
LAMA3	PRUNE	1	1	1	1
LAMA3	TOP2A	1	1	1	1
LAMA3	LRRC16A	1	1	1	1
LAMA3	JMJD6	1	1	1	1
LAMA3	ETFB	1	1	1	1
LAMA3	KIF2C	1	1	1	1
LAMA3	CNPY3	1	1	1	1
LAMA3	CTNND1	1	1	1	1
LAMA3	ABL1	1	1	1	1
LAMA3	STAT3	1	1	1	1
LAMA3	DNMT3A	1	1	1	1
LAMA3	PLA2G15	1	1	1	1
LAMA3	LGMN	1	1	1	1
LAMA3	MRPS2	1	1	1	1
LAMA3	ABHD6	1	1	1	1
LAMA3	IFRD2	1	1	1	1
LAMA3	RRP12	1	1	1	1
LAMA3	HN1L	1	1	1	1
LAMA3	KIAA1279	1	1	1	1
LAMA3	HIF1A	1	1	1	1
LAMA3	GPR56	1	1	1	1
LAMA3	SLC35B1	1	1	1	1
LAMA3	SMAD3	1	1	1	1
LAMA3	ZFP36	1	1	1	1
LAMA3	BNIP3L	1	1	1	1
LAMA3	SLC25A14	1	1	1	1
LAMA3	CDK2	1	1	1	1
LAMA3	SNX13	1	1	1	1
LAMA3	TBXA2R	1	1	1	1
LAMA3	NT5DC2	1	1	1	1
LAMA3	CPNE3	1	1	1	1
LAMA3	KIT	1	1	1	1
LAMA3	TIMP2	1	1	1	1
LAMA3	LRP10	1	1	1	1
LAMA3	FHL2	1	1	1	1
LAMA3	TXNL4B	1	1	1	1
LAMA3	SOX2	1	1	1	1
LAMA3	WDTC1	1	1	1	1
LAMA3	DFFB	1	1	1	1
LAMA3	RAB4A	1	1	1	1
LAMA3	BAG3	1	1	1	1
LAMA3	ADAM10	1	1	1	1
LAMA3	DUSP6	1	1	1	1
LAMA3	STXBP1	1	1	1	1
LAMA3	MLEC	1	1	1	1
LAMA3	CDK6	1	1	1	1
LAMA3	FBXO7	1	1	1	1
LAMA3	ST7	1	1	1	1
LAMA3	ALDOA	1	1	1	1
LAMA3	CAMSAP2	1	1	1	1
LAMA3	GAA	1	1	1	1
LAMA3	EAPP	1	1	1	1
LAMA3	DERA	1	1	1	1
LAMA3	COG7	1	1	1	1
LAMA3	KDM5B	1	1	1	1
LAMA3	NFE2L2	1	1	1	1
LAMA3	PDS5A	1	1	1	1
LAMA3	EGR1	1	1	1	1
LAMA3	SHB	1	1	1	1
LAMA3	DDIT4	1	1	1	1
LAMA3	METRN	1	1	1	1
LAMA3	PNP	1	1	1	1
LAMA3	VPS72	1	1	1	1
LAMA3	HOOK2	1	1	1	1
LAMA3	LAP3	1	1	1	1
LAMA3	RUVBL1	1	1	1	1
LAMA3	CBR3	1	1	1	1
LAMA3	PYGL	1	1	1	1
LAMA3	RBKS	1	1	1	1
LAMA3	TOPBP1	1	1	1	1
LAMA3	SLC27A3	1	1	1	1
LAMA3	GRB7	1	1	1	1
LAMA3	TM9SF2	1	1	1	1
LAMA3	CEP57	1	1	1	1
LAMA3	LPAR2	1	1	1	1
LAMA3	EIF5	1	1	1	1
LAMA3	CCDC92	1	1	1	1
LAMA3	CLPX	1	1	1	1
LAMA3	MVP	1	1	1	1
LAMA3	MAP2K5	1	1	1	1
LAMA3	CDK4	1	1	1	1
LAMA3	COPB2	1	1	1	1
LAMA3	CASK	1	1	1	1
LAMA3	GFPT1	1	1	1	1
LAMA3	MICALL1	1	1	1	1
LAMA3	CENPE	1	1	1	1
LAMA3	LYN	1	1	1	1
LAMA3	BDH1	1	1	1	1
LAMA3	TIMM17B	1	1	1	1
LAMA3	SFN	1	1	1	1
LAMA3	BAMBI	1	1	1	1
LAMA3	ENOSF1	1	1	1	1
LAMA3	PARP1	1	1	1	1
LAMA3	HS2ST1	1	1	1	1
LAMA3	CCNH	1	1	1	1
LAMA3	CDH3	1	1	1	1
LAMA3	TESK1	1	1	1	1
LAMA3	PAFAH1B3	1	1	1	1
LAMA3	ERBB2	1	1	1	1
LAMA3	MYL9	1	1	1	1
LAMA3	SHC1	1	1	1	1
LAMA3	LGALS8	1	1	1	1
LAMA3	CRELD2	1	1	1	1
LAMA3	PRKAG2	1	1	1	1
LAMA3	PFKL	1	1	1	1
LAMA3	TSEN2	1	1	1	1
LAMA3	SMARCC1	1	1	1	1
LAMA3	EBNA1BP2	1	1	1	1
LAMA3	HEATR1	1	1	1	1
LAMA3	HMGCR	1	1	1	1
LAMA3	STK25	1	1	1	1
LAMA3	DLD	1	1	1	1
LAMA3	EPHA3	1	1	1	1
LAMA3	YTHDF1	1	1	1	1
LAMA3	TSTA3	1	1	1	1
LAMA3	PTGS2	1	1	1	1
LAMA3	PLEKHM1	1	1	1	1
LAMA3	CLIC4	1	1	1	1
LAMA3	DPH2	1	1	1	1
LAMA3	CDC25B	1	1	1	1
LAMA3	COASY	1	1	1	1
LAMA3	CDK7	1	1	1	1
LAMA3	FOS	1	1	1	1
LAMA3	PIK3R4	1	1	1	1
LAMA3	ELAVL1	1	1	1	1
LAMA3	PTPRK	1	1	1	1
LAMA3	ATMIN	1	1	1	1
LAMA3	WIPF2	1	1	1	1
LAMA3	TCEA2	1	1	1	1
LAMA3	NR2F6	1	1	1	1
LAMA3	ID2	1	1	1	1
LAMA3	PYCR1	1	1	1	1
LAMA3	COG4	1	1	1	1
LAMA3	PPP2R5A	1	1	1	1
LAMA3	PPARG	1	1	1	1
LAMA3	CAT	1	1	1	1
LAMA3	APPBP2	1	1	1	1
LAMA3	ELOVL6	1	1	1	1
LAMA3	BIRC5	1	1	1	1
LAMA3	FEZ2	1	1	1	1
LAMA3	BCL7B	1	1	1	1
LAMA3	KLHL21	1	1	1	1
LAMA3	SLC2A6	1	1	1	1
LAMA3	SCYL3	1	1	1	1
LAMA3	ATP11B	1	1	1	1
LAMA3	IKBKE	1	1	1	1
LAMA3	TOMM34	1	1	1	1
LAMA3	ZNF586	1	1	1	1
LAMA3	MYO10	1	1	1	1
LAMA3	GATA2	1	1	1	1
LAMA3	MAT2A	1	1	1	1
LAMA3	EBP	1	1	1	1
LAMA3	GNAI1	1	1	1	1
LAMA3	RPA3	1	1	1	1
LAMA3	GPC1	1	1	1	1
LAMA3	TSPAN3	1	1	1	1
LAMA3	NOSIP	1	1	1	1
LAMA3	TRIB3	1	1	1	1
LAMA3	RALB	1	1	1	1
LAMA3	CAST	1	1	1	1
LAMA3	PIK3R3	1	1	1	1
LAMA3	DUSP14	1	1	1	1
LAMA3	SMARCD2	1	1	1	1
LAMA3	EGF	1	1	1	1
LAMA3	ZNF395	1	1	1	1
LAMA3	CAB39	1	1	1	1
LAMA3	LRPAP1	1	1	1	1
LAMA3	TP53BP1	1	1	1	1
LAMA3	PHKA1	1	1	1	1
LAMA3	GNA11	1	1	1	1
LAMA3	LIPA	1	1	1	1
LAMA3	TGFBR2	1	1	1	1
LAMA3	PRAF2	1	1	1	1
LAMA3	TMEM2	1	1	1	1
LAMA3	SIRT3	1	1	1	1
LAMA3	GABPB1	1	1	1	1
LAMA3	MELK	1	1	1	1
LAMA3	ANO10	1	1	1	1
LAMA3	PTK2	1	1	1	1
LAMA3	CRTAP	1	1	1	1
LAMA3	MRPS16	1	1	1	1
LAMA3	HAT1	1	1	1	1
LAMA3	CNOT4	1	1	1	1
LAMA3	NUDCD3	1	1	1	1
LAMA3	HSPA1A	1	1	1	1
LAMA3	SCRN1	1	1	1	1
LAMA3	SESN1	1	1	1	1
LAMA3	LSM5	1	1	1	1
LAMA3	PRKCD	1	1	1	1
LAMA3	GRB10	1	1	1	1
LAMA3	TBPL1	1	1	1	1
LAMA3	RNMT	1	1	1	1
LAMA3	TSPAN4	1	1	1	1
LAMA3	PIN1	1	1	1	1
LAMA3	MAMLD1	1	1	1	1
LAMA3	POLB	1	1	1	1
LAMA3	SLC35F2	1	1	1	1
LAMA3	CDCA4	1	1	1	1
LAMA3	PAX8	1	1	1	1
LAMA3	PAFAH1B1	1	1	1	1
LAMA3	GAPDH	1	1	1	1
LAMA3	SSBP2	1	1	1	1
LAMA3	CCDC86	1	1	1	1
LAMA3	PGAM1	1	1	1	1
LAMA3	JUN	1	1	1	1
LAMA3	PEX11A	1	1	1	1
LAMA3	DNM1	1	1	1	1
VPS28	ALAS1	1	1	1	1
VPS28	RRP12	1	1	1	1
PRKCQ	ILK	1	1	1	1
TBPL1	IER3	1	1	1	1
PIN1	IKBKAP	1	1	1	1
PIN1	RAB31	1	1	1	1
DAXX	ERBB3	1	1	1	1
SLC35F2	DSG2	1	1	1	1
SLC35F2	KLHL21	1	1	1	1
GADD45A	DDR1	1	1	1	1
CDCA4	PCM1	1	1	1	1
JUN	FAM20B	1	1	1	1
SPTAN1	SHC1	1	1	1	1
