AARS	ACLY	1	1	1	1
ABCC5	DHRS7	1	1	1	1
ABCC5	KEAP1	1	1	1	1
ABCC5	SMC1A	1	1	1	1
ABCF1	PCBD1	1	1	1	1
ABCF1	WRB	1	1	1	1
ABL1	CERK	1	1	1	1
ABL1	CSRP1	1	1	1	1
ABL1	YTHDF1	1	1	1	1
ACAA1	CRKL	1	1	1	1
ACAA1	DDX42	1	1	1	1
ACAA1	GADD45A	1	1	1	1
ACAA1	MLLT11	1	1	1	1
ACAA1	MYCBP2	1	1	1	1
ACAA1	NT5DC2	1	1	1	1
ACAA1	NUP133	1	1	1	1
ACAA1	PAK4	1	1	1	1
ACAA1	PPP2R5A	1	1	1	1
ACAA1	PRKACA	1	1	1	1
ACAA1	PRKCD	1	1	1	1
ACAA1	RNH1	1	1	1	1
ACAA1	TMED10	1	1	1	1
ACAA1	TRAPPC3	1	1	1	1
ACAA1	UGDH	1	1	1	1
ACD	ADO	1	1	1	1
ACD	C2CD2	1	1	1	1
ACD	CTNND1	1	1	1	1
ACD	DUSP22	1	1	1	1
ACD	FAM20B	1	1	1	1
ACD	KIAA1279	1	1	1	1
ACD	KTN1	1	1	1	1
ACD	LIG1	1	1	1	1
ACD	PPARG	1	1	1	1
ACD	RPL39L	1	1	1	1
ACD	TIMM22	1	1	1	1
ACD	TRIB3	1	1	1	1
ACD	UBE3B	1	1	1	1
ACD	ZMIZ1	1	1	1	1
ACLY	ANO10	1	1	1	1
ACLY	ZNF395	1	1	1	1
ACOT9	FAM63A	1	1	1	1
ACOT9	SOX4	1	1	1	1
ADAT1	BUB1B	1	1	1	1
ADAT1	CAPN1	1	1	1	1
ADAT1	CCDC86	1	1	1	1
ADAT1	CDK19	1	1	1	1
ADAT1	DCUN1D4	1	1	1	1
ADAT1	DENND2D	1	1	1	1
ADAT1	GNPDA1	1	1	1	1
ADAT1	KIF5C	1	1	1	1
ADAT1	MAN2B1	1	1	1	1
ADAT1	MBNL2	1	1	1	1
ADAT1	ORC1	1	1	1	1
ADAT1	P4HA2	1	1	1	1
ADAT1	PPIE	1	1	1	1
ADAT1	PYCR1	1	1	1	1
ADAT1	RFNG	1	1	1	1
ADAT1	SMAD3	1	1	1	1
ADAT1	TIMP2	1	1	1	1
ADAT1	TOMM34	1	1	1	1
ADAT1	TSPAN3	1	1	1	1
ADAT1	TXNL4B	1	1	1	1
ADAT1	UBR7	1	1	1	1
ADAT1	VAPB	1	1	1	1
ADAT1	VPS28	1	1	1	1
ADCK3	CTNNAL1	1	1	1	1
ADH5	THAP11	1	1	1	1
ADO	CGRRF1	1	1	1	1
ADO	DCTD	1	1	1	1
ADO	ECH1	1	1	1	1
ADO	FAH	1	1	1	1
ADO	FBXO21	1	1	1	1
ADO	KTN1	1	1	1	1
ADO	LGALS8	1	1	1	1
ADO	PRSS23	1	1	1	1
ADO	SYNGR3	1	1	1	1
ADO	THAP11	1	1	1	1
ADO	TRIM2	1	1	1	1
ADO	USP22	1	1	1	1
ADO	VAPB	1	1	1	1
AGL	NFE2L2	1	1	1	1
AKAP8	ANXA7	1	1	1	1
AKAP8	BDH1	1	1	1	1
AKAP8	CSRP1	1	1	1	1
AKAP8	DDR1	1	1	1	1
AKAP8	ECH1	1	1	1	1
AKAP8	GMNN	1	1	1	1
AKAP8	HDAC2	1	1	1	1
AKAP8	KIAA1033	1	1	1	1
AKAP8	PAPD7	1	1	1	1
AKAP8	PGRMC1	1	1	1	1
AKAP8	PSMD10	1	1	1	1
AKAP8	PYGL	1	1	1	1
AKAP8	STAMBP	1	1	1	1
AKAP8	STK10	1	1	1	1
AKAP8	TOR1A	1	1	1	1
AKAP8	USP14	1	1	1	1
AKAP8L	CAMSAP2	1	1	1	1
AKAP8L	COASY	1	1	1	1
AKAP8L	CTSD	1	1	1	1
AKAP8L	PMM2	1	1	1	1
AKR7A2	AKAP8	1	1	1	1
AKR7A2	ARL4C	1	1	1	1
AKR7A2	CAT	1	1	1	1
AKR7A2	CIAPIN1	1	1	1	1
AKR7A2	DHX29	1	1	1	1
AKR7A2	LRP10	1	1	1	1
AKR7A2	MYO10	1	1	1	1
AKR7A2	NVL	1	1	1	1
AKR7A2	XPNPEP1	1	1	1	1
ALAS1	CETN3	1	1	1	1
ALAS1	FAM63A	1	1	1	1
ALAS1	GNB5	1	1	1	1
ALAS1	LYPLA1	1	1	1	1
ALAS1	NR2F6	1	1	1	1
ALAS1	NVL	1	1	1	1
ALAS1	POLB	1	1	1	1
ALAS1	SKIV2L	1	1	1	1
ALDOC	BLVRA	1	1	1	1
ALDOC	CALU	1	1	1	1
ALDOC	CNPY3	1	1	1	1
ALDOC	GNAS	1	1	1	1
ALDOC	HMG20B	1	1	1	1
ALDOC	ID2	1	1	1	1
ALDOC	IL13RA1	1	1	1	1
ALDOC	RELB	1	1	1	1
ALDOC	STXBP2	1	1	1	1
ALDOC	TESK1	1	1	1	1
ALDOC	THAP11	1	1	1	1
AMDHD2	ABHD4	1	1	1	1
AMDHD2	ACAA1	1	1	1	1
AMDHD2	ACBD3	1	1	1	1
AMDHD2	ADAT1	1	1	1	1
AMDHD2	ATG3	1	1	1	1
AMDHD2	ATP6V0B	1	1	1	1
AMDHD2	ATP6V1D	1	1	1	1
AMDHD2	AURKA	1	1	1	1
AMDHD2	BECN1	1	1	1	1
AMDHD2	CCDC86	1	1	1	1
AMDHD2	CCNB2	1	1	1	1
AMDHD2	CCNF	1	1	1	1
AMDHD2	CCP110	1	1	1	1
AMDHD2	CDC45	1	1	1	1
AMDHD2	CETN3	1	1	1	1
AMDHD2	CHIC2	1	1	1	1
AMDHD2	CIAPIN1	1	1	1	1
AMDHD2	CORO1A	1	1	1	1
AMDHD2	CRELD2	1	1	1	1
AMDHD2	CTNND1	1	1	1	1
AMDHD2	CTTN	1	1	1	1
AMDHD2	DCK	1	1	1	1
AMDHD2	DENND2D	1	1	1	1
AMDHD2	DRAP1	1	1	1	1
AMDHD2	DUSP14	1	1	1	1
AMDHD2	DYRK3	1	1	1	1
AMDHD2	EBP	1	1	1	1
AMDHD2	ETFB	1	1	1	1
AMDHD2	FAM69A	1	1	1	1
AMDHD2	FBXO7	1	1	1	1
AMDHD2	FKBP4	1	1	1	1
AMDHD2	FOXO4	1	1	1	1
AMDHD2	FPGS	1	1	1	1
AMDHD2	GATA2	1	1	1	1
AMDHD2	GATA3	1	1	1	1
AMDHD2	GFPT1	1	1	1	1
AMDHD2	GMNN	1	1	1	1
AMDHD2	GRB10	1	1	1	1
AMDHD2	GTF2E2	1	1	1	1
AMDHD2	HES1	1	1	1	1
AMDHD2	HK1	1	1	1	1
AMDHD2	HMG20B	1	1	1	1
AMDHD2	ICMT	1	1	1	1
AMDHD2	IDE	1	1	1	1
AMDHD2	IFRD2	1	1	1	1
AMDHD2	INSIG1	1	1	1	1
AMDHD2	ISOC1	1	1	1	1
AMDHD2	ITFG1	1	1	1	1
AMDHD2	KIAA0753	1	1	1	1
AMDHD2	KIAA1033	1	1	1	1
AMDHD2	KLHDC2	1	1	1	1
AMDHD2	KLHL21	1	1	1	1
AMDHD2	LAGE3	1	1	1	1
AMDHD2	LAP3	1	1	1	1
AMDHD2	LBR	1	1	1	1
AMDHD2	LGMN	1	1	1	1
AMDHD2	LRRC16A	1	1	1	1
AMDHD2	LSR	1	1	1	1
AMDHD2	MAP3K4	1	1	1	1
AMDHD2	MAP4K4	1	1	1	1
AMDHD2	MAPK1IP1L	1	1	1	1
AMDHD2	MEST	1	1	1	1
AMDHD2	MPZL1	1	1	1	1
AMDHD2	MTFR1	1	1	1	1
AMDHD2	MYBL2	1	1	1	1
AMDHD2	NMT1	1	1	1	1
AMDHD2	NOLC1	1	1	1	1
AMDHD2	NOSIP	1	1	1	1
AMDHD2	NRAS	1	1	1	1
AMDHD2	NUDCD3	1	1	1	1
AMDHD2	NUP88	1	1	1	1
AMDHD2	NUP93	1	1	1	1
AMDHD2	NVL	1	1	1	1
AMDHD2	PAFAH1B1	1	1	1	1
AMDHD2	PARP2	1	1	1	1
AMDHD2	PCK2	1	1	1	1
AMDHD2	PCM1	1	1	1	1
AMDHD2	PDLIM1	1	1	1	1
AMDHD2	PECR	1	1	1	1
AMDHD2	PHKA1	1	1	1	1
AMDHD2	PIK3C2B	1	1	1	1
AMDHD2	PKIG	1	1	1	1
AMDHD2	PLEKHM1	1	1	1	1
AMDHD2	POP4	1	1	1	1
AMDHD2	PPP2R5A	1	1	1	1
AMDHD2	PRKCD	1	1	1	1
AMDHD2	PSIP1	1	1	1	1
AMDHD2	PTPRF	1	1	1	1
AMDHD2	PWP1	1	1	1	1
AMDHD2	PYCR1	1	1	1	1
AMDHD2	RAI14	1	1	1	1
AMDHD2	RAP1GAP	1	1	1	1
AMDHD2	REEP5	1	1	1	1
AMDHD2	RGS2	1	1	1	1
AMDHD2	RPA1	1	1	1	1
AMDHD2	RPA2	1	1	1	1
AMDHD2	RPN1	1	1	1	1
AMDHD2	RRP8	1	1	1	1
AMDHD2	RRS1	1	1	1	1
AMDHD2	SCCPDH	1	1	1	1
AMDHD2	SCYL3	1	1	1	1
AMDHD2	SH3BP5	1	1	1	1
AMDHD2	SKIV2L	1	1	1	1
AMDHD2	SLC11A2	1	1	1	1
AMDHD2	SLC1A4	1	1	1	1
AMDHD2	SLC25A13	1	1	1	1
AMDHD2	SLC25A14	1	1	1	1
AMDHD2	SLC25A46	1	1	1	1
AMDHD2	SLC27A3	1	1	1	1
AMDHD2	SLC35A3	1	1	1	1
AMDHD2	SLC5A6	1	1	1	1
AMDHD2	SMC3	1	1	1	1
AMDHD2	SMC4	1	1	1	1
AMDHD2	SPAG4	1	1	1	1
AMDHD2	SPR	1	1	1	1
AMDHD2	SPRED2	1	1	1	1
AMDHD2	STK10	1	1	1	1
AMDHD2	STMN1	1	1	1	1
AMDHD2	STX4	1	1	1	1
AMDHD2	TCTA	1	1	1	1
AMDHD2	TCTN1	1	1	1	1
AMDHD2	TESK1	1	1	1	1
AMDHD2	TFAP2A	1	1	1	1
AMDHD2	TIMM17B	1	1	1	1
AMDHD2	TMEM50A	1	1	1	1
AMDHD2	TOMM34	1	1	1	1
AMDHD2	TSPAN3	1	1	1	1
AMDHD2	TUBB6	1	1	1	1
AMDHD2	TXLNA	1	1	1	1
AMDHD2	TXNL4B	1	1	1	1
AMDHD2	UBE3B	1	1	1	1
AMDHD2	VAPB	1	1	1	1
AMDHD2	WIPF2	1	1	1	1
AMDHD2	WRB	1	1	1	1
AMDHD2	YME1L1	1	1	1	1
AMDHD2	ZFP36	1	1	1	1
AMDHD2	ZMYM2	1	1	1	1
AMDHD2	ZW10	1	1	1	1
ANO10	DDR1	1	1	1	1
ANO10	EDEM1	1	1	1	1
ANO10	FCHO1	1	1	1	1
ANO10	FOXO4	1	1	1	1
ANO10	GLRX	1	1	1	1
ANO10	GMNN	1	1	1	1
ANO10	IKBKAP	1	1	1	1
ANO10	LAMA3	1	1	1	1
ANO10	MAP2K5	1	1	1	1
ANO10	MICALL1	1	1	1	1
ANO10	PAN2	1	1	1	1
ANO10	REEP5	1	1	1	1
ANO10	SNX13	1	1	1	1
ANO10	SPAG7	1	1	1	1
ANO10	THAP11	1	1	1	1
ANO10	TPM1	1	1	1	1
ANO10	TSTA3	1	1	1	1
ANO10	VGLL4	1	1	1	1
ANXA7	ECD	1	1	1	1
APBB2	POLR2I	1	1	1	1
APPBP2	ACD	1	1	1	1
APPBP2	ATP6V0B	1	1	1	1
APPBP2	BHLHE40	1	1	1	1
APPBP2	CAB39	1	1	1	1
APPBP2	COG7	1	1	1	1
APPBP2	DCK	1	1	1	1
APPBP2	DRAP1	1	1	1	1
APPBP2	GLOD4	1	1	1	1
APPBP2	IGF2R	1	1	1	1
APPBP2	LYN	1	1	1	1
APPBP2	MCOLN1	1	1	1	1
APPBP2	PRR15L	1	1	1	1
APPBP2	RAD51C	1	1	1	1
APPBP2	RRP12	1	1	1	1
APPBP2	SCP2	1	1	1	1
APPBP2	SLC35A1	1	1	1	1
APPBP2	SOX4	1	1	1	1
APPBP2	VGLL4	1	1	1	1
ARHGAP1	PPOX	1	1	1	1
ARHGAP1	ST6GALNAC2	1	1	1	1
ARHGEF2	SLC25A46	1	1	1	1
ARID4B	BPHL	1	1	1	1
ARID4B	CIRBP	1	1	1	1
ARID4B	COASY	1	1	1	1
ARID4B	GFPT1	1	1	1	1
ARID4B	PAN2	1	1	1	1
ARID4B	PGM1	1	1	1	1
ARID4B	UBE2A	1	1	1	1
ARID5B	ALAS1	1	1	1	1
ARID5B	ATP2C1	1	1	1	1
ARID5B	CD44	1	1	1	1
ARID5B	CETN3	1	1	1	1
ARID5B	HPRT1	1	1	1	1
ARID5B	PPP2R5A	1	1	1	1
ARID5B	RBM15B	1	1	1	1
ARID5B	RPIA	1	1	1	1
ARID5B	SMC4	1	1	1	1
ARID5B	TLE1	1	1	1	1
ARID5B	WASF3	1	1	1	1
ARL4C	CBR1	1	1	1	1
ARL4C	CD320	1	1	1	1
ATG3	AURKB	1	1	1	1
ATG3	BCL7B	1	1	1	1
ATG3	KIAA1033	1	1	1	1
ATG3	LOXL1	1	1	1	1
ATG3	MBNL2	1	1	1	1
ATG3	OXCT1	1	1	1	1
ATG3	PCK2	1	1	1	1
ATG3	PRAF2	1	1	1	1
ATMIN	CERK	1	1	1	1
ATMIN	DHX29	1	1	1	1
ATMIN	DUSP14	1	1	1	1
ATMIN	GNB5	1	1	1	1
ATMIN	MRPS2	1	1	1	1
ATMIN	PLS1	1	1	1	1
ATMIN	RAB4A	1	1	1	1
ATMIN	SYPL1	1	1	1	1
ATMIN	TBX2	1	1	1	1
ATMIN	VPS28	1	1	1	1
ATP2C1	CISD1	1	1	1	1
ATP2C1	EZH2	1	1	1	1
ATP5S	DHRS7	1	1	1	1
ATP5S	PTPN12	1	1	1	1
ATP6V0B	ABHD6	1	1	1	1
ATP6V0B	FHL2	1	1	1	1
ATP6V0B	FIS1	1	1	1	1
ATP6V0B	INPP1	1	1	1	1
ATP6V0B	PLA2G15	1	1	1	1
ATP6V0B	TERF2IP	1	1	1	1
ATP6V0B	TMEM109	1	1	1	1
ATP6V0B	TRAK2	1	1	1	1
ATP6V0B	TWF2	1	1	1	1
ATP6V0B	WASF3	1	1	1	1
B3GNT1	CLPX	1	1	1	1
B3GNT1	EAPP	1	1	1	1
B3GNT1	KDM5A	1	1	1	1
B3GNT1	PHGDH	1	1	1	1
B3GNT1	PPP2R5A	1	1	1	1
B3GNT1	RAB4A	1	1	1	1
B3GNT1	SCARB1	1	1	1	1
B3GNT1	SPRED2	1	1	1	1
B3GNT1	VAT1	1	1	1	1
BAD	ANXA7	1	1	1	1
BAD	CEP57	1	1	1	1
BAD	EDEM1	1	1	1	1
BAD	GATA2	1	1	1	1
BAD	IQGAP1	1	1	1	1
BAD	MRPS2	1	1	1	1
BAD	MYO10	1	1	1	1
BAD	SCARB1	1	1	1	1
BAD	SPAG4	1	1	1	1
BAD	STUB1	1	1	1	1
BAG3	EPN2	1	1	1	1
BAMBI	TCFL5	1	1	1	1
BCL2	EML3	1	1	1	1
BCL2	PGM1	1	1	1	1
BCL2	PRKACA	1	1	1	1
BCL2	TXNRD1	1	1	1	1
BCL7B	PIH1D1	1	1	1	1
BDH1	ABL1	1	1	1	1
BDH1	CERK	1	1	1	1
BDH1	CLTB	1	1	1	1
BDH1	DNAJB2	1	1	1	1
BDH1	FAT1	1	1	1	1
BDH1	GAPDH	1	1	1	1
BDH1	GLRX	1	1	1	1
BDH1	HS2ST1	1	1	1	1
BDH1	LGMN	1	1	1	1
BDH1	RNH1	1	1	1	1
BDH1	RNMT	1	1	1	1
BDH1	SCCPDH	1	1	1	1
BDH1	TP53BP1	1	1	1	1
BDH1	VPS28	1	1	1	1
BDH1	XPO7	1	1	1	1
BECN1	AURKA	1	1	1	1
BID	EPRS	1	1	1	1
BID	GTF2A2	1	1	1	1
BID	NNT	1	1	1	1
BID	PCCB	1	1	1	1
BIRC5	AARS	1	1	1	1
BIRC5	APPBP2	1	1	1	1
BIRC5	BHLHE40	1	1	1	1
BIRC5	CNDP2	1	1	1	1
BIRC5	CNOT4	1	1	1	1
BIRC5	FAH	1	1	1	1
BIRC5	FPGS	1	1	1	1
BIRC5	FSD1	1	1	1	1
BIRC5	GAPDH	1	1	1	1
BIRC5	GNB5	1	1	1	1
BIRC5	HAT1	1	1	1	1
BIRC5	HDAC6	1	1	1	1
BIRC5	HOXA5	1	1	1	1
BIRC5	ITGB1BP1	1	1	1	1
BIRC5	MAN2B1	1	1	1	1
BIRC5	NCOA3	1	1	1	1
BIRC5	PLOD3	1	1	1	1
BIRC5	PPP2R5A	1	1	1	1
BIRC5	RAD51C	1	1	1	1
BIRC5	RRAGA	1	1	1	1
BIRC5	SACM1L	1	1	1	1
BIRC5	SESN1	1	1	1	1
BIRC5	SLC2A6	1	1	1	1
BIRC5	SQRDL	1	1	1	1
BIRC5	TESK1	1	1	1	1
BIRC5	TRIB1	1	1	1	1
BLVRA	CREB1	1	1	1	1
BLVRA	FOS	1	1	1	1
BLVRA	MAPKAPK5	1	1	1	1
BLVRA	STUB1	1	1	1	1
BLVRA	TM9SF3	1	1	1	1
BNIP3	EPRS	1	1	1	1
BNIP3	PHKG2	1	1	1	1
BUB1B	ARL4C	1	1	1	1
BUB1B	CAT	1	1	1	1
C2CD2	ACOT9	1	1	1	1
C2CD2	ATP5S	1	1	1	1
C2CD2	ATP6V0B	1	1	1	1
C2CD2	CASK	1	1	1	1
C2CD2	DLD	1	1	1	1
C2CD2	DNM1L	1	1	1	1
C2CD2	DRAP1	1	1	1	1
C2CD2	FASTKD5	1	1	1	1
C2CD2	GRN	1	1	1	1
C2CD2	HN1L	1	1	1	1
C2CD2	INPP1	1	1	1	1
C2CD2	JUN	1	1	1	1
C2CD2	PGM1	1	1	1	1
C2CD2	PKIG	1	1	1	1
C2CD2	POLR2I	1	1	1	1
C2CD2	PRUNE	1	1	1	1
C2CD2	PSRC1	1	1	1	1
C2CD2	SLC25A14	1	1	1	1
C2CD2L	PDLIM1	1	1	1	1
C2CD2L	PNP	1	1	1	1
CAB39	FASTKD5	1	1	1	1
CAMSAP2	BLMH	1	1	1	1
CAMSAP2	DNMT1	1	1	1	1
CAMSAP2	FAS	1	1	1	1
CAMSAP2	FBXO7	1	1	1	1
CAMSAP2	HK1	1	1	1	1
CAMSAP2	KTN1	1	1	1	1
CAMSAP2	MCM3	1	1	1	1
CAMSAP2	PRSS23	1	1	1	1
CAMSAP2	SLC25A46	1	1	1	1
CAMSAP2	TES	1	1	1	1
CAMSAP2	TPD52L2	1	1	1	1
CAMSAP2	TRIB1	1	1	1	1
CAMSAP2	WFS1	1	1	1	1
CANT1	CFLAR	1	1	1	1
CANT1	DNMT1	1	1	1	1
CANT1	FBXO21	1	1	1	1
CANT1	HEATR1	1	1	1	1
CANT1	P4HTM	1	1	1	1
CANT1	SMC1A	1	1	1	1
CANT1	TIMP2	1	1	1	1
CANT1	TXLNA	1	1	1	1
CAPN1	CTNNAL1	1	1	1	1
CAPN1	DDB2	1	1	1	1
CAPN1	FSD1	1	1	1	1
CAPN1	NVL	1	1	1	1
CAPN1	STMN1	1	1	1	1
CASK	DNAJB2	1	1	1	1
CASK	HDAC2	1	1	1	1
CASK	RPP38	1	1	1	1
CASK	STXBP2	1	1	1	1
CAST	DPH2	1	1	1	1
CCDC92	ATP2C1	1	1	1	1
CCDC92	CRTAP	1	1	1	1
CCDC92	DDIT4	1	1	1	1
CCDC92	DNAJB2	1	1	1	1
CCDC92	DNAJC15	1	1	1	1
CCDC92	EDEM1	1	1	1	1
CCDC92	IKBKB	1	1	1	1
CCDC92	MAMLD1	1	1	1	1
CCDC92	MTHFD2	1	1	1	1
CCDC92	PRUNE	1	1	1	1
CCDC92	RAD51C	1	1	1	1
CCDC92	SCP2	1	1	1	1
CCDC92	SLC27A3	1	1	1	1
CCDC92	TSPAN4	1	1	1	1
CCNF	CYTH1	1	1	1	1
CCNF	DNTTIP2	1	1	1	1
CCNF	SCAND1	1	1	1	1
CCP110	ARPP19	1	1	1	1
CCP110	GABPB1	1	1	1	1
CD320	CENPE	1	1	1	1
CD320	CETN3	1	1	1	1
CD320	CNPY3	1	1	1	1
CD320	HMGCR	1	1	1	1
CD320	ME2	1	1	1	1
CD320	NOL3	1	1	1	1
CD320	PMM2	1	1	1	1
CD320	PNP	1	1	1	1
CD320	RFC5	1	1	1	1
CD320	TM9SF3	1	1	1	1
CD320	UBE2C	1	1	1	1
CD320	VGLL4	1	1	1	1
CD44	CISD1	1	1	1	1
CD44	TOMM34	1	1	1	1
CD97	ECD	1	1	1	1
CD97	NUP85	1	1	1	1
CD97	REEP5	1	1	1	1
CDCA4	ENOSF1	1	1	1	1
CDCA4	STX4	1	1	1	1
CDCA4	VAPB	1	1	1	1
CDCA4	WDTC1	1	1	1	1
CDK1	MTA1	1	1	1	1
CDK1	SPTLC2	1	1	1	1
CDK2	ARID5B	1	1	1	1
CDK2	ATP11B	1	1	1	1
CDK2	ATP1B1	1	1	1	1
CDK2	CFLAR	1	1	1	1
CDK2	DERA	1	1	1	1
CDK2	DYNLT3	1	1	1	1
CDK2	ENOPH1	1	1	1	1
CDK2	FAM20B	1	1	1	1
CDK2	GADD45A	1	1	1	1
CDK2	GNPDA1	1	1	1	1
CDK2	GRB10	1	1	1	1
CDK2	IQGAP1	1	1	1	1
CDK2	MSH6	1	1	1	1
CDK2	MYBL2	1	1	1	1
CDK2	NR1H2	1	1	1	1
CDK2	NT5DC2	1	1	1	1
CDK2	PACSIN3	1	1	1	1
CDK2	PCCB	1	1	1	1
CDK2	RGS2	1	1	1	1
CDK2	SLC25A13	1	1	1	1
CDK2	TP53BP2	1	1	1	1
CDK2	VGLL4	1	1	1	1
CDKN1A	GPATCH8	1	1	1	1
CEBPD	CDC45	1	1	1	1
CEBPD	CIRBP	1	1	1	1
CEBPD	SLC35A1	1	1	1	1
CEBPD	TOMM34	1	1	1	1
CEBPZ	AKR7A2	1	1	1	1
CEBPZ	BID	1	1	1	1
CEBPZ	FAH	1	1	1	1
CEBPZ	FSD1	1	1	1	1
CEBPZ	NENF	1	1	1	1
CEBPZ	SLC35A3	1	1	1	1
CEBPZ	TIMM9	1	1	1	1
CENPE	ARID4B	1	1	1	1
CENPE	CETN3	1	1	1	1
CENPE	ERBB3	1	1	1	1
CENPE	GATA2	1	1	1	1
CENPE	HYOU1	1	1	1	1
CENPE	KIAA0355	1	1	1	1
CENPE	MAPKAPK3	1	1	1	1
CENPE	MYC	1	1	1	1
CENPE	RTN2	1	1	1	1
CENPE	TIAM1	1	1	1	1
CENPE	UBE2C	1	1	1	1
CENPE	WDTC1	1	1	1	1
CENPE	ZMYM2	1	1	1	1
CETN3	ARL4C	1	1	1	1
CETN3	BCL2	1	1	1	1
CETN3	EVL	1	1	1	1
CETN3	FASTKD5	1	1	1	1
CETN3	GNB5	1	1	1	1
CETN3	NR3C1	1	1	1	1
CETN3	PPP2R3C	1	1	1	1
CETN3	PRR15L	1	1	1	1
CETN3	RAB31	1	1	1	1
CETN3	TRIB1	1	1	1	1
CETN3	USP22	1	1	1	1
CETN3	ZNF318	1	1	1	1
CFLAR	BDH1	1	1	1	1
CFLAR	CGRRF1	1	1	1	1
CFLAR	HAT1	1	1	1	1
CFLAR	PEX11A	1	1	1	1
CFLAR	REEP5	1	1	1	1
CFLAR	RRS1	1	1	1	1
CFLAR	SYNGR3	1	1	1	1
CHAC1	BAD	1	1	1	1
CHAC1	BPHL	1	1	1	1
CHAC1	ITGB5	1	1	1	1
CHAC1	MAPK13	1	1	1	1
CHAC1	RNH1	1	1	1	1
CHAC1	STXBP2	1	1	1	1
CHAC1	TM9SF3	1	1	1	1
CHAC1	UBQLN2	1	1	1	1
CHEK2	CAT	1	1	1	1
CHEK2	ELOVL6	1	1	1	1
CHEK2	FASTKD5	1	1	1	1
CHEK2	FKBP14	1	1	1	1
CHEK2	MAMLD1	1	1	1	1
CHEK2	POLE2	1	1	1	1
CHEK2	RGS2	1	1	1	1
CHEK2	SCRN1	1	1	1	1
CHEK2	TRIB1	1	1	1	1
CHEK2	TXNL4B	1	1	1	1
CHERP	ARFIP2	1	1	1	1
CHERP	CHERP	1	1	1	1
CHERP	DYRK3	1	1	1	1
CHERP	ENOSF1	1	1	1	1
CHERP	EPB41L2	1	1	1	1
CHERP	FOXJ3	1	1	1	1
CHERP	GALE	1	1	1	1
CHERP	GLRX	1	1	1	1
CHERP	NUP93	1	1	1	1
CHERP	PLSCR1	1	1	1	1
CHERP	SCARB1	1	1	1	1
CHERP	SMARCD2	1	1	1	1
CHIC2	ABHD6	1	1	1	1
CHIC2	CXCR4	1	1	1	1
CHIC2	DHDDS	1	1	1	1
CHIC2	ECD	1	1	1	1
CHIC2	RTN2	1	1	1	1
CHIC2	TIAM1	1	1	1	1
CHIC2	TSTA3	1	1	1	1
CHIC2	VAPB	1	1	1	1
CHMP6	BAMBI	1	1	1	1
CIAPIN1	ADAT1	1	1	1	1
CIAPIN1	CCNA2	1	1	1	1
CIAPIN1	IGHMBP2	1	1	1	1
CIAPIN1	KIAA0196	1	1	1	1
CIAPIN1	SCAND1	1	1	1	1
CIAPIN1	TP53BP2	1	1	1	1
CIAPIN1	VPS72	1	1	1	1
CIAPIN1	ZNF395	1	1	1	1
CISD1	HSPA4	1	1	1	1
CLIC4	ACAT2	1	1	1	1
CLIC4	CCP110	1	1	1	1
CLIC4	GLOD4	1	1	1	1
CLIC4	HOOK2	1	1	1	1
CLIC4	KIAA0196	1	1	1	1
CLIC4	PTPRK	1	1	1	1
CLIC4	PXN	1	1	1	1
CLIC4	SGCB	1	1	1	1
CLIC4	SLC5A6	1	1	1	1
CLIC4	TUBB6	1	1	1	1
CLSTN1	CETN3	1	1	1	1
CLSTN1	LAGE3	1	1	1	1
CLSTN1	MYBL2	1	1	1	1
CLSTN1	NMT1	1	1	1	1
CLSTN1	POLD4	1	1	1	1
CLSTN1	RUVBL1	1	1	1	1
CLSTN1	SNX7	1	1	1	1
CLSTN1	SPRED2	1	1	1	1
CLSTN1	TIMP2	1	1	1	1
CLSTN1	TSPAN3	1	1	1	1
CLSTN1	TXNDC9	1	1	1	1
CLSTN1	USP7	1	1	1	1
CLTB	GPC1	1	1	1	1
CNDP2	ASCC3	1	1	1	1
CNOT4	FDFT1	1	1	1	1
CNOT4	ICMT	1	1	1	1
CNOT4	PECR	1	1	1	1
CNOT4	SPTLC2	1	1	1	1
CNPY3	FAM69A	1	1	1	1
CNPY3	LYN	1	1	1	1
CNPY3	RELB	1	1	1	1
CNPY3	SNX13	1	1	1	1
COG4	CALU	1	1	1	1
COG4	COG7	1	1	1	1
COG4	ELAC2	1	1	1	1
COG4	GPC1	1	1	1	1
COG4	NFE2L2	1	1	1	1
COG4	POLD4	1	1	1	1
COG4	SCRN1	1	1	1	1
COG4	SH3BP5	1	1	1	1
COG4	SLC35A1	1	1	1	1
COG4	TSKU	1	1	1	1
COG7	COG4	1	1	1	1
COG7	DNAJB2	1	1	1	1
COG7	GNB5	1	1	1	1
COG7	ITGAE	1	1	1	1
COG7	KDELR2	1	1	1	1
COG7	LGALS8	1	1	1	1
COG7	ME2	1	1	1	1
COG7	PAN2	1	1	1	1
COG7	PRCP	1	1	1	1
COG7	SSBP2	1	1	1	1
COG7	WFS1	1	1	1	1
COPB2	DYRK3	1	1	1	1
COPB2	EZH2	1	1	1	1
COPB2	GLOD4	1	1	1	1
COPB2	HOMER2	1	1	1	1
COPB2	IDE	1	1	1	1
COPB2	ILK	1	1	1	1
COPB2	ITFG1	1	1	1	1
COPB2	LAGE3	1	1	1	1
COPB2	MICALL1	1	1	1	1
COPB2	NR1H2	1	1	1	1
COPB2	PCK2	1	1	1	1
COPB2	PMM2	1	1	1	1
COPB2	PPOX	1	1	1	1
COPB2	PRAF2	1	1	1	1
COPB2	PSMD10	1	1	1	1
COPB2	RAI14	1	1	1	1
COPB2	SCRN1	1	1	1	1
COPB2	SUPV3L1	1	1	1	1
COPB2	WDTC1	1	1	1	1
COPB2	ZNF395	1	1	1	1
COPS7A	NFIL3	1	1	1	1
COPS7A	RBKS	1	1	1	1
COPS7A	SPAG7	1	1	1	1
COPS7A	UBQLN2	1	1	1	1
CORO1A	PWP1	1	1	1	1
CPNE3	CCNA2	1	1	1	1
CPNE3	CD58	1	1	1	1
CPNE3	CFLAR	1	1	1	1
CPNE3	CIRBP	1	1	1	1
CPNE3	CSNK2A2	1	1	1	1
CPNE3	DNTTIP2	1	1	1	1
CPNE3	FDFT1	1	1	1	1
CPNE3	FOXO4	1	1	1	1
CPNE3	KIF14	1	1	1	1
CPNE3	MAP3K4	1	1	1	1
CPNE3	MICALL1	1	1	1	1
CPNE3	PSMG1	1	1	1	1
CPNE3	PTK2	1	1	1	1
CPNE3	SCRN1	1	1	1	1
CPNE3	SLC2A6	1	1	1	1
CPNE3	TCEAL4	1	1	1	1
CPNE3	TMEM2	1	1	1	1
CPNE3	TRAM2	1	1	1	1
CPNE3	ZNF274	1	1	1	1
CPSF4	MAP2K5	1	1	1	1
CPSF4	MVP	1	1	1	1
CPSF4	PRCP	1	1	1	1
CPSF4	TXNRD1	1	1	1	1
CPSF4	USP6NL	1	1	1	1
CREB1	ERBB2	1	1	1	1
CREB1	POLB	1	1	1	1
CREB1	TRIM2	1	1	1	1
CREG1	GAA	1	1	1	1
CREG1	IKBKAP	1	1	1	1
CREG1	NMT1	1	1	1	1
CREG1	PAPD7	1	1	1	1
CREG1	PDIA5	1	1	1	1
CREG1	PLA2G15	1	1	1	1
CREG1	RFX5	1	1	1	1
CREG1	SPAG7	1	1	1	1
CRKL	CDK1	1	1	1	1
CRYZ	BNIP3	1	1	1	1
CRYZ	LBR	1	1	1	1
CRYZ	PDHX	1	1	1	1
CRYZ	SPTLC2	1	1	1	1
CRYZ	ZNF589	1	1	1	1
CSK	CTTN	1	1	1	1
CSK	ST6GALNAC2	1	1	1	1
CSNK2A2	ARHGAP1	1	1	1	1
CSNK2A2	CDKN1A	1	1	1	1
CSNK2A2	CLTB	1	1	1	1
CSNK2A2	LAGE3	1	1	1	1
CSNK2A2	MYBL2	1	1	1	1
CSNK2A2	RAP1GAP	1	1	1	1
CTNNAL1	ATP2C1	1	1	1	1
CTNNAL1	ATP6V1D	1	1	1	1
CTNNAL1	CCDC86	1	1	1	1
CTNNAL1	CRYZ	1	1	1	1
CTNNAL1	CSRP1	1	1	1	1
CTNNAL1	DNTTIP2	1	1	1	1
CTNNAL1	ELOVL6	1	1	1	1
CTNNAL1	ERBB2	1	1	1	1
CTNNAL1	FAM69A	1	1	1	1
CTNNAL1	KCTD5	1	1	1	1
CTNNAL1	MAPKAPK5	1	1	1	1
CTNNAL1	MBNL2	1	1	1	1
CTNNAL1	MTA1	1	1	1	1
CTNNAL1	NR2F6	1	1	1	1
CTNNAL1	PPIC	1	1	1	1
CTNNAL1	SLC2A6	1	1	1	1
CTNNAL1	SMC4	1	1	1	1
CTNNAL1	SNX11	1	1	1	1
CTNNAL1	TESK1	1	1	1	1
CTNNAL1	UBE3B	1	1	1	1
CTNNAL1	VPS28	1	1	1	1
CTNNAL1	WDR7	1	1	1	1
CTNND1	BECN1	1	1	1	1
CTNND1	CCDC86	1	1	1	1
CTNND1	EIF5	1	1	1	1
CTNND1	FAM57A	1	1	1	1
CTNND1	GALE	1	1	1	1
CTNND1	HERC6	1	1	1	1
CTNND1	LSM6	1	1	1	1
CTNND1	MAMLD1	1	1	1	1
CTNND1	PXN	1	1	1	1
CTNND1	RFX5	1	1	1	1
CTSD	CIAPIN1	1	1	1	1
CTSD	DDX10	1	1	1	1
CTSD	ITFG1	1	1	1	1
CTSD	PRAF2	1	1	1	1
CTSD	RFC5	1	1	1	1
CTSD	RFNG	1	1	1	1
CTSD	RRAGA	1	1	1	1
CTSD	RRP8	1	1	1	1
CTSD	SCP2	1	1	1	1
CTSD	SYPL1	1	1	1	1
CTSD	TUBB6	1	1	1	1
CTTN	LRPAP1	1	1	1	1
CYB561	ACD	1	1	1	1
CYB561	CFLAR	1	1	1	1
CYB561	CNDP2	1	1	1	1
CYB561	CTNND1	1	1	1	1
CYB561	CXCR4	1	1	1	1
CYB561	FHL2	1	1	1	1
CYB561	GAA	1	1	1	1
CYB561	HOXA5	1	1	1	1
CYB561	KCNK1	1	1	1	1
CYB561	LIPA	1	1	1	1
CYB561	LYPLA1	1	1	1	1
CYB561	MSH6	1	1	1	1
CYB561	MYBL2	1	1	1	1
CYB561	NCAPD2	1	1	1	1
CYB561	NET1	1	1	1	1
CYB561	NUDCD3	1	1	1	1
CYB561	P4HTM	1	1	1	1
CYB561	PRKACA	1	1	1	1
CYB561	RNH1	1	1	1	1
CYB561	SLC5A6	1	1	1	1
CYB561	SNX13	1	1	1	1
CYB561	TCFL5	1	1	1	1
CYB561	TM9SF3	1	1	1	1
CYB561	UBE3B	1	1	1	1
CYTH1	ARHGEF2	1	1	1	1
CYTH1	GPATCH8	1	1	1	1
CYTH1	LSM5	1	1	1	1
DCK	CNOT4	1	1	1	1
DCK	HIST2H2BE	1	1	1	1
DCK	METRN	1	1	1	1
DCK	STK10	1	1	1	1
DCTD	AKR7A2	1	1	1	1
DCTD	BCL7B	1	1	1	1
DCTD	DNMT1	1	1	1	1
DCTD	PACSIN3	1	1	1	1
DCTD	TBPL1	1	1	1	1
DCTD	TIMM17B	1	1	1	1
DCUN1D4	ARID5B	1	1	1	1
DCUN1D4	BCL2	1	1	1	1
DCUN1D4	BUB1B	1	1	1	1
DCUN1D4	CDC45	1	1	1	1
DCUN1D4	CFLAR	1	1	1	1
DCUN1D4	EBNA1BP2	1	1	1	1
DCUN1D4	EBP	1	1	1	1
DCUN1D4	FOS	1	1	1	1
DCUN1D4	HK1	1	1	1	1
DCUN1D4	KIF5C	1	1	1	1
DCUN1D4	MALT1	1	1	1	1
DCUN1D4	ME2	1	1	1	1
DCUN1D4	MELK	1	1	1	1
DCUN1D4	NT5DC2	1	1	1	1
DCUN1D4	PCMT1	1	1	1	1
DCUN1D4	PLA2G15	1	1	1	1
DCUN1D4	PMAIP1	1	1	1	1
DCUN1D4	SPR	1	1	1	1
DDIT4	CREG1	1	1	1	1
DDIT4	EGFR	1	1	1	1
DDIT4	FASTKD5	1	1	1	1
DDIT4	MTHFD2	1	1	1	1
DDIT4	NUP85	1	1	1	1
DDIT4	PIH1D1	1	1	1	1
DDIT4	SPEN	1	1	1	1
DDIT4	SYPL1	1	1	1	1
DDIT4	UBE2C	1	1	1	1
DDR1	APPBP2	1	1	1	1
DDR1	ATP2C1	1	1	1	1
DDR1	CCDC85B	1	1	1	1
DDR1	CDC45	1	1	1	1
DDR1	EBNA1BP2	1	1	1	1
DDR1	ERBB2	1	1	1	1
DDR1	FIS1	1	1	1	1
DDR1	GPC1	1	1	1	1
DDR1	IGF2R	1	1	1	1
DDR1	LBR	1	1	1	1
DDR1	MAST2	1	1	1	1
DDR1	NENF	1	1	1	1
DDR1	PHGDH	1	1	1	1
DDR1	PUF60	1	1	1	1
DDR1	SMARCC1	1	1	1	1
DDR1	TCFL5	1	1	1	1
DDR1	TES	1	1	1	1
DDX10	SNX13	1	1	1	1
DDX42	MTHFD2	1	1	1	1
DENND2D	ATP5S	1	1	1	1
DENND2D	C2CD2	1	1	1	1
DENND2D	CCNB2	1	1	1	1
DENND2D	CNDP2	1	1	1	1
DENND2D	HS2ST1	1	1	1	1
DENND2D	MAP3K4	1	1	1	1
DENND2D	MAPKAPK5	1	1	1	1
DENND2D	MTA1	1	1	1	1
DENND2D	SPR	1	1	1	1
DENND2D	TSTA3	1	1	1	1
DHDDS	CTTN	1	1	1	1
DHDDS	CYTH1	1	1	1	1
DHDDS	MAN2B1	1	1	1	1
DHDDS	PTK2	1	1	1	1
DHDDS	RBM6	1	1	1	1
DHDDS	RFX5	1	1	1	1
DHDDS	SNX11	1	1	1	1
DHDDS	UBE2A	1	1	1	1
DHRS7	DNAJB6	1	1	1	1
DHRS7	DPH2	1	1	1	1
DHRS7	DUSP14	1	1	1	1
DHRS7	FAH	1	1	1	1
DHRS7	FAM20B	1	1	1	1
DHRS7	GATA2	1	1	1	1
DHRS7	LIG1	1	1	1	1
DHRS7	LSR	1	1	1	1
DHRS7	MAN2B1	1	1	1	1
DHRS7	NPC1	1	1	1	1
DHRS7	RPN1	1	1	1	1
DHRS7	SKIV2L	1	1	1	1
DLD	ABHD6	1	1	1	1
DLD	CALU	1	1	1	1
DLD	CIRBP	1	1	1	1
DLD	CLIC4	1	1	1	1
DLD	FAIM	1	1	1	1
DLD	FOXJ3	1	1	1	1
DLD	FSD1	1	1	1	1
DLD	FUT1	1	1	1	1
DLD	ITGB1BP1	1	1	1	1
DLD	JUN	1	1	1	1
DLD	MRPS2	1	1	1	1
DLD	NISCH	1	1	1	1
DLD	ORC1	1	1	1	1
DLD	OXA1L	1	1	1	1
DLD	PEX11A	1	1	1	1
DLD	POLR2I	1	1	1	1
DLD	PTPN12	1	1	1	1
DLD	RAP1GAP	1	1	1	1
DLD	RBKS	1	1	1	1
DLD	SCRN1	1	1	1	1
DLD	SFN	1	1	1	1
DLD	STAP2	1	1	1	1
DLD	STK10	1	1	1	1
DLD	STXBP2	1	1	1	1
DLD	TRAPPC3	1	1	1	1
DLD	TSPAN4	1	1	1	1
DLD	UBE2C	1	1	1	1
DLD	UFM1	1	1	1	1
DLD	YME1L1	1	1	1	1
DMTF1	NFE2L2	1	1	1	1
DMTF1	TCTA	1	1	1	1
DNAJA3	ARHGEF2	1	1	1	1
DNAJA3	BHLHE40	1	1	1	1
DNAJA3	CALU	1	1	1	1
DNAJA3	CAPN1	1	1	1	1
DNAJA3	DECR1	1	1	1	1
DNAJA3	DNAJC15	1	1	1	1
DNAJA3	DYNLT3	1	1	1	1
DNAJA3	FSD1	1	1	1	1
DNAJA3	GPATCH8	1	1	1	1
DNAJA3	KAT6A	1	1	1	1
DNAJA3	LRPAP1	1	1	1	1
DNAJA3	LSR	1	1	1	1
DNAJA3	PGM1	1	1	1	1
DNAJA3	RBM6	1	1	1	1
DNAJA3	RPA1	1	1	1	1
DNAJA3	SCP2	1	1	1	1
DNAJA3	SLC35A1	1	1	1	1
DNAJA3	SSBP2	1	1	1	1
DNAJA3	STK25	1	1	1	1
DNAJA3	STX4	1	1	1	1
DNAJA3	TIMM17B	1	1	1	1
DNAJA3	TSTA3	1	1	1	1
DNAJA3	UBE2C	1	1	1	1
DNAJA3	WRB	1	1	1	1
DNAJA3	ZNF586	1	1	1	1
DNAJA3	ZNF589	1	1	1	1
DNAJB6	ADAT1	1	1	1	1
DNAJB6	BCL7B	1	1	1	1
DNAJB6	DDX10	1	1	1	1
DNAJB6	EVL	1	1	1	1
DNAJB6	GAA	1	1	1	1
DNAJB6	GRWD1	1	1	1	1
DNAJB6	IKBKB	1	1	1	1
DNAJB6	ILK	1	1	1	1
DNAJB6	NVL	1	1	1	1
DNAJB6	P4HTM	1	1	1	1
DNAJB6	PIGB	1	1	1	1
DNAJB6	RAB27A	1	1	1	1
DNAJB6	RAP1GAP	1	1	1	1
DNAJB6	RBM6	1	1	1	1
DNAJB6	RPL39L	1	1	1	1
DNAJB6	SDHB	1	1	1	1
DNAJB6	SLC25A4	1	1	1	1
DNAJB6	SLC35B1	1	1	1	1
DNAJB6	TXNRD1	1	1	1	1
DNAJB6	ZNF131	1	1	1	1
DNAJC15	ARL4C	1	1	1	1
DNMT1	ETFB	1	1	1	1
DNMT1	LAP3	1	1	1	1
DRAP1	CHN1	1	1	1	1
DRAP1	GALE	1	1	1	1
DRAP1	PHGDH	1	1	1	1
DRAP1	SYNGR3	1	1	1	1
DUSP11	EVL	1	1	1	1
DUSP14	EPRS	1	1	1	1
DUSP14	HN1L	1	1	1	1
DUSP14	WDR7	1	1	1	1
DUSP22	ENOPH1	1	1	1	1
DUSP22	FASTKD5	1	1	1	1
DUSP22	FKBP4	1	1	1	1
DUSP22	IKBKAP	1	1	1	1
DUSP22	PLSCR1	1	1	1	1
DUSP22	PRSS23	1	1	1	1
DYRK3	ANO10	1	1	1	1
DYRK3	ARNT2	1	1	1	1
DYRK3	CASC3	1	1	1	1
DYRK3	CHN1	1	1	1	1
DYRK3	CNOT4	1	1	1	1
DYRK3	DDX10	1	1	1	1
DYRK3	DDX42	1	1	1	1
DYRK3	ENOPH1	1	1	1	1
DYRK3	FKBP4	1	1	1	1
DYRK3	GNB5	1	1	1	1
DYRK3	HS2ST1	1	1	1	1
DYRK3	KDELR2	1	1	1	1
DYRK3	KIAA0100	1	1	1	1
DYRK3	NARFL	1	1	1	1
DYRK3	NUCB2	1	1	1	1
DYRK3	PDS5A	1	1	1	1
DYRK3	PIGB	1	1	1	1
DYRK3	PPIE	1	1	1	1
DYRK3	PRR7	1	1	1	1
DYRK3	SCRN1	1	1	1	1
DYRK3	STAT1	1	1	1	1
DYRK3	STK10	1	1	1	1
DYRK3	STK25	1	1	1	1
DYRK3	TBC1D9B	1	1	1	1
DYRK3	TES	1	1	1	1
DYRK3	TIMELESS	1	1	1	1
DYRK3	TRIB1	1	1	1	1
DYRK3	TXNL4B	1	1	1	1
DYRK3	USP22	1	1	1	1
DYRK3	ZNF131	1	1	1	1
EAPP	ARHGEF2	1	1	1	1
EAPP	DUSP11	1	1	1	1
EAPP	GPC1	1	1	1	1
EAPP	LAP3	1	1	1	1
EAPP	MYC	1	1	1	1
EAPP	NIT1	1	1	1	1
EAPP	NNT	1	1	1	1
EAPP	NRAS	1	1	1	1
EAPP	OXA1L	1	1	1	1
EAPP	PPIC	1	1	1	1
EAPP	SOX4	1	1	1	1
EAPP	STK25	1	1	1	1
EBNA1BP2	ACD	1	1	1	1
EBNA1BP2	EBP	1	1	1	1
EBNA1BP2	FCHO1	1	1	1	1
EBNA1BP2	HIST2H2BE	1	1	1	1
EBNA1BP2	HMGCR	1	1	1	1
EBNA1BP2	IKBKE	1	1	1	1
EBNA1BP2	JUN	1	1	1	1
EBNA1BP2	NUP62	1	1	1	1
EBNA1BP2	PDIA5	1	1	1	1
EBNA1BP2	PIGB	1	1	1	1
EBNA1BP2	TBPL1	1	1	1	1
EBNA1BP2	TERF2IP	1	1	1	1
EBNA1BP2	TXLNA	1	1	1	1
EBP	ATP1B1	1	1	1	1
EBP	CCDC86	1	1	1	1
EBP	DHX29	1	1	1	1
EBP	ERBB3	1	1	1	1
EBP	KAT6B	1	1	1	1
EBP	MFSD10	1	1	1	1
EBP	PAFAH1B1	1	1	1	1
EBP	PHGDH	1	1	1	1
EBP	PRKACA	1	1	1	1
EBP	SLC2A6	1	1	1	1
EBP	SMNDC1	1	1	1	1
EBP	SNX13	1	1	1	1
EBP	ST7	1	1	1	1
EBP	STUB1	1	1	1	1
EBP	TOMM70A	1	1	1	1
ECD	DHRS7	1	1	1	1
ECD	MAPKAPK5	1	1	1	1
ECD	PACSIN3	1	1	1	1
ECD	PHKA1	1	1	1	1
ECD	PKIG	1	1	1	1
ECD	PPIE	1	1	1	1
ECD	TIPARP	1	1	1	1
ECD	UBQLN2	1	1	1	1
ECD	USP1	1	1	1	1
ECH1	BCL7B	1	1	1	1
ECH1	DCTD	1	1	1	1
ECH1	DUSP22	1	1	1	1
ECH1	EML3	1	1	1	1
ECH1	FCHO1	1	1	1	1
ECH1	MSH6	1	1	1	1
ECH1	MTA1	1	1	1	1
ECH1	NIT1	1	1	1	1
ECH1	NOLC1	1	1	1	1
ECH1	NUCB2	1	1	1	1
ECH1	PTPRF	1	1	1	1
ECH1	TOR1A	1	1	1	1
EDEM1	B3GNT1	1	1	1	1
EDEM1	OXA1L	1	1	1	1
EIF5	ABHD6	1	1	1	1
EIF5	ALDOC	1	1	1	1
EIF5	BACE2	1	1	1	1
EIF5	CETN3	1	1	1	1
EIF5	CGRRF1	1	1	1	1
EIF5	CTSD	1	1	1	1
EIF5	DRAP1	1	1	1	1
EIF5	DYRK3	1	1	1	1
EIF5	HN1L	1	1	1	1
EIF5	KIF5C	1	1	1	1
EIF5	MYCBP2	1	1	1	1
EIF5	PSMD10	1	1	1	1
EIF5	TIMM9	1	1	1	1
EIF5	TOMM34	1	1	1	1
EIF5	TRIB3	1	1	1	1
EIF5	WASF3	1	1	1	1
ELAVL1	CBR1	1	1	1	1
ELAVL1	PCMT1	1	1	1	1
ELOVL6	ARID4B	1	1	1	1
ELOVL6	ARID5B	1	1	1	1
ELOVL6	BID	1	1	1	1
ELOVL6	CDC45	1	1	1	1
ELOVL6	CDK1	1	1	1	1
ELOVL6	DDR1	1	1	1	1
ELOVL6	HDAC6	1	1	1	1
ELOVL6	JUN	1	1	1	1
ELOVL6	KDM5B	1	1	1	1
ELOVL6	MCM3	1	1	1	1
ELOVL6	NUCB2	1	1	1	1
ELOVL6	POLR2K	1	1	1	1
ELOVL6	SLC35F2	1	1	1	1
ELOVL6	TIPARP	1	1	1	1
ELOVL6	TOMM34	1	1	1	1
EML3	COG4	1	1	1	1
ENOPH1	ABL1	1	1	1	1
ENOPH1	ANXA7	1	1	1	1
ENOPH1	BLVRA	1	1	1	1
ENOPH1	EXT1	1	1	1	1
ENOPH1	INSIG1	1	1	1	1
ENOPH1	MTHFD2	1	1	1	1
ENOPH1	PRKCD	1	1	1	1
ENOPH1	PRPF4	1	1	1	1
ENOPH1	PRR15L	1	1	1	1
ENOPH1	PRR7	1	1	1	1
ENOPH1	STX4	1	1	1	1
ENOPH1	TCEA2	1	1	1	1
ENOSF1	ABL1	1	1	1	1
ENOSF1	ATMIN	1	1	1	1
ENOSF1	CREG1	1	1	1	1
ENOSF1	CRYZ	1	1	1	1
ENOSF1	DUSP22	1	1	1	1
ENOSF1	FCHO1	1	1	1	1
ENOSF1	GADD45A	1	1	1	1
ENOSF1	KIF14	1	1	1	1
ENOSF1	MAMLD1	1	1	1	1
ENOSF1	PHKG2	1	1	1	1
ENOSF1	SNX13	1	1	1	1
ENOSF1	SPDEF	1	1	1	1
ENOSF1	TIMM22	1	1	1	1
ENOSF1	TOR1A	1	1	1	1
ENOSF1	TXNDC9	1	1	1	1
EPB41L2	ARHGEF2	1	1	1	1
EPB41L2	ATP6V0B	1	1	1	1
EPB41L2	B3GNT1	1	1	1	1
EPB41L2	CBR1	1	1	1	1
EPB41L2	CD320	1	1	1	1
EPB41L2	CERK	1	1	1	1
EPB41L2	CHERP	1	1	1	1
EPB41L2	CIRBP	1	1	1	1
EPB41L2	DCTD	1	1	1	1
EPB41L2	DECR1	1	1	1	1
EPB41L2	FAM69A	1	1	1	1
EPB41L2	GABPB1	1	1	1	1
EPB41L2	GMNN	1	1	1	1
EPB41L2	GNAI2	1	1	1	1
EPB41L2	GSTZ1	1	1	1	1
EPB41L2	GTF2E2	1	1	1	1
EPB41L2	HMGCS1	1	1	1	1
EPB41L2	KIF2C	1	1	1	1
EPB41L2	KLHL21	1	1	1	1
EPB41L2	LYPLA1	1	1	1	1
EPB41L2	MALT1	1	1	1	1
EPB41L2	MAPKAPK5	1	1	1	1
EPB41L2	NRAS	1	1	1	1
EPB41L2	POLD4	1	1	1	1
EPB41L2	SLC25A14	1	1	1	1
EPB41L2	SLC35A1	1	1	1	1
EPB41L2	SMARCA4	1	1	1	1
EPB41L2	TCTN1	1	1	1	1
EPB41L2	TOP2A	1	1	1	1
EPB41L2	TRIB1	1	1	1	1
EPB41L2	XPNPEP1	1	1	1	1
EPRS	ATP2C1	1	1	1	1
EPRS	AURKB	1	1	1	1
EPRS	BIRC5	1	1	1	1
EPRS	CRKL	1	1	1	1
EPRS	DDR1	1	1	1	1
EPRS	DDX42	1	1	1	1
EPRS	IL4R	1	1	1	1
EPRS	KDELR2	1	1	1	1
EPRS	LIPA	1	1	1	1
EPRS	LSM6	1	1	1	1
EPRS	NCOA3	1	1	1	1
EPRS	NUCB2	1	1	1	1
EPRS	PNP	1	1	1	1
EPRS	PRCP	1	1	1	1
EPRS	SFN	1	1	1	1
EPRS	TBC1D9B	1	1	1	1
EPRS	TBXA2R	1	1	1	1
EPRS	TMEM50A	1	1	1	1
EPRS	UBE2L6	1	1	1	1
EPRS	ZFP36	1	1	1	1
ERBB2	KIAA1033	1	1	1	1
ERBB2	PTPRF	1	1	1	1
ERBB2	VAT1	1	1	1	1
ETFB	ABHD6	1	1	1	1
ETFB	ABL1	1	1	1	1
ETFB	CDCA4	1	1	1	1
ETFB	COPS7A	1	1	1	1
ETFB	CTNND1	1	1	1	1
ETFB	DECR1	1	1	1	1
ETFB	EVL	1	1	1	1
ETFB	FBXO21	1	1	1	1
ETFB	GAA	1	1	1	1
ETFB	GRWD1	1	1	1	1
ETFB	HS2ST1	1	1	1	1
ETFB	LIG1	1	1	1	1
ETFB	LOXL1	1	1	1	1
ETFB	PDHX	1	1	1	1
ETFB	PRR7	1	1	1	1
ETFB	RRP1B	1	1	1	1
ETFB	SCRN1	1	1	1	1
ETFB	SLC5A6	1	1	1	1
ETFB	SMC1A	1	1	1	1
ETFB	TES	1	1	1	1
ETFB	VPS72	1	1	1	1
EVL	CFLAR	1	1	1	1
EVL	DNAJC15	1	1	1	1
EVL	FBXO21	1	1	1	1
EVL	TIMP2	1	1	1	1
EZH2	BLCAP	1	1	1	1
EZH2	CCNA2	1	1	1	1
EZH2	CEP57	1	1	1	1
EZH2	CGRRF1	1	1	1	1
EZH2	CTNNAL1	1	1	1	1
EZH2	DNAJB2	1	1	1	1
EZH2	ETFB	1	1	1	1
EZH2	FAS	1	1	1	1
EZH2	FASTKD5	1	1	1	1
EZH2	ICAM3	1	1	1	1
EZH2	KIAA0753	1	1	1	1
EZH2	MAP7	1	1	1	1
EZH2	PHKG2	1	1	1	1
EZH2	POLR2I	1	1	1	1
EZH2	PPARG	1	1	1	1
EZH2	PRAF2	1	1	1	1
EZH2	PRCP	1	1	1	1
EZH2	PUF60	1	1	1	1
EZH2	RAD51C	1	1	1	1
EZH2	SYPL1	1	1	1	1
EZH2	TMEM50A	1	1	1	1
EZH2	TOMM34	1	1	1	1
FAH	BLMH	1	1	1	1
FAH	STUB1	1	1	1	1
FAIM	BCL7B	1	1	1	1
FAIM	DNAJB2	1	1	1	1
FAIM	HERC6	1	1	1	1
FAIM	LAP3	1	1	1	1
FAIM	SCYL3	1	1	1	1
FAIM	VAPB	1	1	1	1
FAM57A	ABCF1	1	1	1	1
FAM57A	ANO10	1	1	1	1
FAM57A	CGRRF1	1	1	1	1
FAM57A	DERA	1	1	1	1
FAM57A	EGFR	1	1	1	1
FAM57A	FAIM	1	1	1	1
FAM57A	FAT1	1	1	1	1
FAM57A	FCHO1	1	1	1	1
FAM57A	GNA11	1	1	1	1
FAM57A	HS2ST1	1	1	1	1
FAM57A	JMJD6	1	1	1	1
FAM57A	KDELR2	1	1	1	1
FAM57A	MBNL2	1	1	1	1
FAM57A	MLEC	1	1	1	1
FAM57A	NENF	1	1	1	1
FAM57A	NET1	1	1	1	1
FAM57A	NOLC1	1	1	1	1
FAM57A	OXCT1	1	1	1	1
FAM57A	PLA2G15	1	1	1	1
FAM57A	RAE1	1	1	1	1
FAM57A	RPL39L	1	1	1	1
FAM57A	SACM1L	1	1	1	1
FAM57A	SKIV2L	1	1	1	1
FAM57A	SPDEF	1	1	1	1
FAM57A	TCFL5	1	1	1	1
FAM57A	TES	1	1	1	1
FAM57A	TLE1	1	1	1	1
FAM57A	TOPBP1	1	1	1	1
FAM57A	TSTA3	1	1	1	1
FAM57A	YKT6	1	1	1	1
FAM57A	ZMIZ1	1	1	1	1
FAM69A	ALAS1	1	1	1	1
FAM69A	ANO10	1	1	1	1
FAM69A	EPN2	1	1	1	1
FAM69A	FAM69A	1	1	1	1
FAM69A	MYBL2	1	1	1	1
FAM69A	PRR15L	1	1	1	1
FAM69A	RAB4A	1	1	1	1
FAM69A	SGCB	1	1	1	1
FAM69A	SLC25A46	1	1	1	1
FAM69A	TMEM5	1	1	1	1
FAM69A	VAPB	1	1	1	1
FAM69A	WFS1	1	1	1	1
FAS	GNPDA1	1	1	1	1
FAT1	MAP3K4	1	1	1	1
FBXL12	CCDC92	1	1	1	1
FBXL12	KDM3A	1	1	1	1
FBXL12	MICALL1	1	1	1	1
FBXL12	PAFAH1B3	1	1	1	1
FBXO21	APBB2	1	1	1	1
FBXO21	KIAA0355	1	1	1	1
FBXO21	NISCH	1	1	1	1
FBXO21	RSU1	1	1	1	1
FBXO21	SYNGR3	1	1	1	1
FBXO7	ABHD6	1	1	1	1
FBXO7	CDH3	1	1	1	1
FBXO7	CFLAR	1	1	1	1
FBXO7	DDB2	1	1	1	1
FBXO7	DNAJC15	1	1	1	1
FBXO7	DUSP22	1	1	1	1
FBXO7	FBXO7	1	1	1	1
FBXO7	GADD45B	1	1	1	1
FBXO7	HAT1	1	1	1	1
FBXO7	KIAA0753	1	1	1	1
FBXO7	MTFR1	1	1	1	1
FBXO7	NMT1	1	1	1	1
FBXO7	PCCB	1	1	1	1
FBXO7	POLD4	1	1	1	1
FBXO7	STMN1	1	1	1	1
FBXO7	TMEM97	1	1	1	1
FBXO7	TOMM34	1	1	1	1
FBXO7	ZNF131	1	1	1	1
FCHO1	CLPX	1	1	1	1
FCHO1	HSPA4	1	1	1	1
FDFT1	AKT1	1	1	1	1
FDFT1	DHRS7	1	1	1	1
FDFT1	TRAK2	1	1	1	1
FEZ2	CCNF	1	1	1	1
FEZ2	DCK	1	1	1	1
FEZ2	KEAP1	1	1	1	1
FEZ2	MAP3K4	1	1	1	1
FEZ2	PEX11A	1	1	1	1
FHL2	AARS	1	1	1	1
FHL2	AGL	1	1	1	1
FHL2	BECN1	1	1	1	1
FHL2	CCDC86	1	1	1	1
FHL2	CDKN1A	1	1	1	1
FHL2	CENPE	1	1	1	1
FHL2	CHAC1	1	1	1	1
FHL2	DUSP11	1	1	1	1
FHL2	FOS	1	1	1	1
FHL2	HN1L	1	1	1	1
FHL2	IER3	1	1	1	1
FHL2	KIAA0753	1	1	1	1
FHL2	NR1H2	1	1	1	1
FHL2	NT5DC2	1	1	1	1
FHL2	PAK4	1	1	1	1
FHL2	PDS5A	1	1	1	1
FHL2	PECR	1	1	1	1
FHL2	PRUNE	1	1	1	1
FHL2	SACM1L	1	1	1	1
FHL2	SPRED2	1	1	1	1
FHL2	TM9SF3	1	1	1	1
FHL2	TMEM50A	1	1	1	1
FKBP14	PKIG	1	1	1	1
FOS	CSNK2A2	1	1	1	1
FOS	DUSP11	1	1	1	1
FOS	ITFG1	1	1	1	1
FOS	SESN1	1	1	1	1
FOXJ3	ABHD6	1	1	1	1
FOXJ3	ADH5	1	1	1	1
FOXJ3	ATP11B	1	1	1	1
FOXJ3	ATP2C1	1	1	1	1
FOXJ3	CDKN1A	1	1	1	1
FOXJ3	CRTAP	1	1	1	1
FOXJ3	DCK	1	1	1	1
FOXJ3	FSD1	1	1	1	1
FOXJ3	INSIG1	1	1	1	1
FOXJ3	LRRC41	1	1	1	1
FOXJ3	MOK	1	1	1	1
FOXJ3	SCYL3	1	1	1	1
FOXJ3	SMAD3	1	1	1	1
FOXJ3	TMEM50A	1	1	1	1
FOXJ3	TRIB1	1	1	1	1
FOXJ3	TWF2	1	1	1	1
FOXJ3	ZMYM2	1	1	1	1
FOXO4	AGL	1	1	1	1
FOXO4	EPRS	1	1	1	1
FOXO4	FOS	1	1	1	1
FOXO4	GAA	1	1	1	1
FOXO4	MLEC	1	1	1	1
FOXO4	NFE2L2	1	1	1	1
FOXO4	PHGDH	1	1	1	1
FOXO4	RPP38	1	1	1	1
FOXO4	TCTA	1	1	1	1
FSD1	GNAI2	1	1	1	1
FSD1	ID2	1	1	1	1
FSD1	IFRD2	1	1	1	1
FSD1	JUN	1	1	1	1
FSD1	OXA1L	1	1	1	1
FSD1	PDHX	1	1	1	1
FSD1	SLC2A6	1	1	1	1
FSD1	SMC4	1	1	1	1
FSD1	SYNE2	1	1	1	1
FSD1	WFS1	1	1	1	1
G3BP1	ACAA1	1	1	1	1
G3BP1	AMDHD2	1	1	1	1
G3BP1	ARL4C	1	1	1	1
G3BP1	CAT	1	1	1	1
G3BP1	CDCA4	1	1	1	1
G3BP1	CLSTN1	1	1	1	1
G3BP1	CNDP2	1	1	1	1
G3BP1	COPB2	1	1	1	1
G3BP1	DNAJA3	1	1	1	1
G3BP1	FBXO7	1	1	1	1
G3BP1	GADD45B	1	1	1	1
G3BP1	HOMER2	1	1	1	1
G3BP1	KIAA0753	1	1	1	1
G3BP1	KIF14	1	1	1	1
G3BP1	NUDT9	1	1	1	1
G3BP1	PHKA1	1	1	1	1
G3BP1	PYCR1	1	1	1	1
G3BP1	RAB11FIP2	1	1	1	1
G3BP1	SCCPDH	1	1	1	1
G3BP1	ST6GALNAC2	1	1	1	1
G3BP1	STAP2	1	1	1	1
G3BP1	TXNL4B	1	1	1	1
G3BP1	UBE3C	1	1	1	1
G3BP1	ZDHHC6	1	1	1	1
GABPB1	ADI1	1	1	1	1
GABPB1	BAD	1	1	1	1
GABPB1	CEP57	1	1	1	1
GABPB1	CFLAR	1	1	1	1
GABPB1	CRTAP	1	1	1	1
GABPB1	FAM69A	1	1	1	1
GABPB1	LRRC16A	1	1	1	1
GABPB1	MYCBP	1	1	1	1
GABPB1	P4HA2	1	1	1	1
GABPB1	RPA1	1	1	1	1
GABPB1	SLC25A46	1	1	1	1
GABPB1	SMC1A	1	1	1	1
GABPB1	TMED10	1	1	1	1
GABPB1	TMEM97	1	1	1	1
GABPB1	TOMM34	1	1	1	1
GABPB1	TRAP1	1	1	1	1
GABPB1	TXNRD1	1	1	1	1
GADD45A	CASP3	1	1	1	1
GADD45A	CAT	1	1	1	1
GADD45A	RRAGA	1	1	1	1
GADD45B	CERK	1	1	1	1
GAPDH	HIST2H2BE	1	1	1	1
GATA2	IL4R	1	1	1	1
GLOD4	CBR1	1	1	1	1
GLRX	PAFAH1B1	1	1	1	1
GLRX	PKIG	1	1	1	1
GLRX	TIPARP	1	1	1	1
GMNN	ARL4C	1	1	1	1
GMNN	BAMBI	1	1	1	1
GMNN	ERBB3	1	1	1	1
GMNN	FPGS	1	1	1	1
GMNN	HOMER2	1	1	1	1
GMNN	INTS3	1	1	1	1
GMNN	KDM5B	1	1	1	1
GMNN	NET1	1	1	1	1
GMNN	PDHX	1	1	1	1
GMNN	PPOX	1	1	1	1
GMNN	PRPF4	1	1	1	1
GMNN	PSIP1	1	1	1	1
GMNN	TIMM22	1	1	1	1
GNA11	PIH1D1	1	1	1	1
GNAI2	MYC	1	1	1	1
GNAI2	NENF	1	1	1	1
GNAI2	POLR2K	1	1	1	1
GNAI2	RNPS1	1	1	1	1
GNAI2	SLC35A1	1	1	1	1
GNAI2	XPNPEP1	1	1	1	1
GNAI2	ZNF318	1	1	1	1
GNAS	CCNF	1	1	1	1
GNAS	CEP57	1	1	1	1
GNAS	CHN1	1	1	1	1
GNAS	CRTAP	1	1	1	1
GNAS	PRSS23	1	1	1	1
GNAS	RPA2	1	1	1	1
GNAS	ZNF131	1	1	1	1
GNB5	AURKA	1	1	1	1
GNB5	CCNF	1	1	1	1
GNB5	CRTAP	1	1	1	1
GNB5	MLLT11	1	1	1	1
GNB5	OXCT1	1	1	1	1
GNB5	PSIP1	1	1	1	1
GNB5	THAP11	1	1	1	1
GNPDA1	GRN	1	1	1	1
GOLT1B	FCHO1	1	1	1	1
GOLT1B	FKBP4	1	1	1	1
GOLT1B	SLC11A2	1	1	1	1
GPATCH8	DCUN1D4	1	1	1	1
GPATCH8	HTRA1	1	1	1	1
GPATCH8	POLR2K	1	1	1	1
GPR56	CISD1	1	1	1	1
GRN	ADO	1	1	1	1
GRN	ANO10	1	1	1	1
GRN	DNAJB2	1	1	1	1
GRN	MALT1	1	1	1	1
GRN	NFE2L2	1	1	1	1
GRN	NRAS	1	1	1	1
GRN	PAF1	1	1	1	1
GRN	PHGDH	1	1	1	1
GRN	PIH1D1	1	1	1	1
GRN	RPP38	1	1	1	1
GRN	STK10	1	1	1	1
GRWD1	BDH1	1	1	1	1
GRWD1	CDK2	1	1	1	1
GRWD1	DUSP22	1	1	1	1
GRWD1	ECD	1	1	1	1
GRWD1	GTF2E2	1	1	1	1
GRWD1	KIAA0100	1	1	1	1
GRWD1	KIAA1279	1	1	1	1
GRWD1	LAGE3	1	1	1	1
GRWD1	MAMLD1	1	1	1	1
GRWD1	MBNL1	1	1	1	1
GRWD1	MELK	1	1	1	1
GRWD1	SLC2A6	1	1	1	1
GRWD1	SLC5A6	1	1	1	1
GRWD1	TIMELESS	1	1	1	1
GRWD1	UBE2J1	1	1	1	1
GRWD1	UTP14A	1	1	1	1
GTF2A2	PHGDH	1	1	1	1
GTF2E2	SLC25A46	1	1	1	1
H2AFV	CDC45	1	1	1	1
H2AFV	CTSD	1	1	1	1
H2AFV	KIAA1279	1	1	1	1
H2AFV	POLG2	1	1	1	1
H2AFV	PSMD10	1	1	1	1
H2AFV	RPS6KA1	1	1	1	1
H2AFV	SLC2A6	1	1	1	1
H2AFV	SPAG7	1	1	1	1
H2AFV	TIMM22	1	1	1	1
H2AFV	TXNRD1	1	1	1	1
H2AFV	WASF3	1	1	1	1
HAT1	ARID5B	1	1	1	1
HAT1	BHLHE40	1	1	1	1
HAT1	CDC45	1	1	1	1
HAT1	CFLAR	1	1	1	1
HAT1	EBNA1BP2	1	1	1	1
HAT1	FAIM	1	1	1	1
HAT1	GMNN	1	1	1	1
HAT1	GRWD1	1	1	1	1
HAT1	PLA2G15	1	1	1	1
HAT1	SNX13	1	1	1	1
HAT1	TMCO1	1	1	1	1
HAT1	TMEM50A	1	1	1	1
HAT1	TNIP1	1	1	1	1
HDAC2	ARL4C	1	1	1	1
HDAC2	NOSIP	1	1	1	1
HDAC2	TWF2	1	1	1	1
HDAC2	ZNF274	1	1	1	1
HDAC6	AMDHD2	1	1	1	1
HDAC6	ARHGAP1	1	1	1	1
HDAC6	ARHGEF2	1	1	1	1
HDAC6	ATG3	1	1	1	1
HDAC6	CD320	1	1	1	1
HDAC6	GALE	1	1	1	1
HDAC6	MAP3K4	1	1	1	1
HDAC6	PLEKHM1	1	1	1	1
HDAC6	POLG2	1	1	1	1
HDAC6	PRR7	1	1	1	1
HDAC6	RPN1	1	1	1	1
HDAC6	STAT1	1	1	1	1
HDAC6	UTP14A	1	1	1	1
HEATR1	ATP1B1	1	1	1	1
HEATR1	BAD	1	1	1	1
HEATR1	CDK2	1	1	1	1
HEATR1	CIRBP	1	1	1	1
HEATR1	CYTH1	1	1	1	1
HEATR1	DNAJB1	1	1	1	1
HEATR1	EGFR	1	1	1	1
HEATR1	FAM69A	1	1	1	1
HEATR1	IER3	1	1	1	1
HEATR1	IL4R	1	1	1	1
HEATR1	KIAA0196	1	1	1	1
HEATR1	MAPK9	1	1	1	1
HEATR1	MRPS2	1	1	1	1
HEATR1	NFE2L2	1	1	1	1
HEATR1	NNT	1	1	1	1
HEATR1	NPC1	1	1	1	1
HEATR1	NR3C1	1	1	1	1
HEATR1	NUP88	1	1	1	1
HEATR1	NUSAP1	1	1	1	1
HEATR1	P4HTM	1	1	1	1
HEATR1	PCK2	1	1	1	1
HEATR1	PHKA1	1	1	1	1
HEATR1	PTPLAD1	1	1	1	1
HEATR1	RAB31	1	1	1	1
HEATR1	RPL39L	1	1	1	1
HEATR1	STAP2	1	1	1	1
HEATR1	STK25	1	1	1	1
HEATR1	VAV3	1	1	1	1
HEATR1	YKT6	1	1	1	1
HEBP1	NUP93	1	1	1	1
HEBP1	VPS72	1	1	1	1
HERC6	ADO	1	1	1	1
HERC6	CASK	1	1	1	1
HERC6	CRKL	1	1	1	1
HERC6	GPC1	1	1	1	1
HERC6	HMGCS1	1	1	1	1
HERC6	MAPK13	1	1	1	1
HERC6	PTPLAD1	1	1	1	1
HERC6	TFAP2A	1	1	1	1
HERC6	TMEM50A	1	1	1	1
HERC6	UGDH	1	1	1	1
HES1	CERK	1	1	1	1
HES1	EPN2	1	1	1	1
HES1	MALT1	1	1	1	1
HES1	MAPK9	1	1	1	1
HES1	NARFL	1	1	1	1
HES1	TMEM2	1	1	1	1
HES1	TRIM2	1	1	1	1
HIST2H2BE	SNX13	1	1	1	1
HK1	ACAA1	1	1	1	1
HK1	BAMBI	1	1	1	1
HK1	BCL7B	1	1	1	1
HK1	CCNB2	1	1	1	1
HK1	CD320	1	1	1	1
HK1	CDC45	1	1	1	1
HK1	CDCA4	1	1	1	1
HK1	CYTH1	1	1	1	1
HK1	DERA	1	1	1	1
HK1	EVL	1	1	1	1
HK1	FAM57A	1	1	1	1
HK1	GMNN	1	1	1	1
HK1	ITFG1	1	1	1	1
HK1	KIAA0753	1	1	1	1
HK1	LAP3	1	1	1	1
HK1	LPAR2	1	1	1	1
HK1	NUSAP1	1	1	1	1
HK1	OXSR1	1	1	1	1
HK1	PNKP	1	1	1	1
HK1	POP4	1	1	1	1
HK1	PRR7	1	1	1	1
HK1	SCARB1	1	1	1	1
HK1	SHB	1	1	1	1
HK1	SLC25A46	1	1	1	1
HK1	SYPL1	1	1	1	1
HK1	TIMP2	1	1	1	1
HK1	TOMM34	1	1	1	1
HK1	TP53BP2	1	1	1	1
HK1	UBE2J1	1	1	1	1
HK1	XPNPEP1	1	1	1	1
HMG20B	HS2ST1	1	1	1	1
HMGCS1	ABCC5	1	1	1	1
HMGCS1	ARID4B	1	1	1	1
HMGCS1	CERK	1	1	1	1
HMGCS1	CFLAR	1	1	1	1
HMGCS1	EBNA1BP2	1	1	1	1
HMGCS1	GAA	1	1	1	1
HMGCS1	GFOD1	1	1	1	1
HMGCS1	GLRX	1	1	1	1
HMGCS1	GTF2E2	1	1	1	1
HMGCS1	HDAC6	1	1	1	1
HMGCS1	IER3	1	1	1	1
HMGCS1	LRRC41	1	1	1	1
HMGCS1	NARFL	1	1	1	1
HMGCS1	PAFAH1B3	1	1	1	1
HMGCS1	PIH1D1	1	1	1	1
HMGCS1	RAD51C	1	1	1	1
HMGCS1	TCTN1	1	1	1	1
HMGCS1	TP53BP2	1	1	1	1
HMGCS1	VAV3	1	1	1	1
HMGCS1	WDTC1	1	1	1	1
HN1L	ARID4B	1	1	1	1
HN1L	C2CD2L	1	1	1	1
HN1L	CCNF	1	1	1	1
HN1L	CTSD	1	1	1	1
HN1L	FAIM	1	1	1	1
HN1L	GATA3	1	1	1	1
HN1L	GLOD4	1	1	1	1
HN1L	GMNN	1	1	1	1
HN1L	GRWD1	1	1	1	1
HN1L	HYOU1	1	1	1	1
HN1L	KDM3A	1	1	1	1
HN1L	MAPKAPK5	1	1	1	1
HN1L	MYCBP2	1	1	1	1
HN1L	NMT1	1	1	1	1
HN1L	NPC1	1	1	1	1
HN1L	PNKP	1	1	1	1
HN1L	RAD51C	1	1	1	1
HN1L	SKIV2L	1	1	1	1
HN1L	TM9SF3	1	1	1	1
HN1L	TRIM2	1	1	1	1
HN1L	XPO7	1	1	1	1
HOMER2	AKAP8	1	1	1	1
HOMER2	ATMIN	1	1	1	1
HOMER2	CTNND1	1	1	1	1
HOMER2	FAM69A	1	1	1	1
HOMER2	IL4R	1	1	1	1
HOMER2	NUDT9	1	1	1	1
HOMER2	PCCB	1	1	1	1
HOMER2	PWP1	1	1	1	1
HOMER2	RAD51C	1	1	1	1
HOMER2	RRP1B	1	1	1	1
HOMER2	S100A4	1	1	1	1
HOMER2	SOCS2	1	1	1	1
HOMER2	WASF3	1	1	1	1
HOOK2	MPZL1	1	1	1	1
HOOK2	NOL3	1	1	1	1
HOOK2	SHB	1	1	1	1
HOOK2	TUBB6	1	1	1	1
HOXA5	FOXJ3	1	1	1	1
HOXA5	HOMER2	1	1	1	1
HPRT1	ADCK3	1	1	1	1
HPRT1	APBB2	1	1	1	1
HPRT1	CAST	1	1	1	1
HPRT1	CHN1	1	1	1	1
HPRT1	GAA	1	1	1	1
HPRT1	HTATSF1	1	1	1	1
HPRT1	ITGAE	1	1	1	1
HPRT1	P4HTM	1	1	1	1
HPRT1	PIK3C2B	1	1	1	1
HPRT1	PTPLAD1	1	1	1	1
HPRT1	RUVBL1	1	1	1	1
HPRT1	STX4	1	1	1	1
HPRT1	UBE2J1	1	1	1	1
HS2ST1	BAMBI	1	1	1	1
HS2ST1	CTNNAL1	1	1	1	1
HS2ST1	HADH	1	1	1	1
HS2ST1	NUDT9	1	1	1	1
HS2ST1	SLC35F2	1	1	1	1
HS2ST1	TNFRSF21	1	1	1	1
HS2ST1	TPD52L2	1	1	1	1
HSD17B11	GDPD5	1	1	1	1
HSD17B11	MYC	1	1	1	1
HSD17B11	NR1H2	1	1	1	1
HSD17B11	PIGB	1	1	1	1
HSD17B11	PRR7	1	1	1	1
HSD17B11	PRUNE	1	1	1	1
HSD17B11	TSPAN4	1	1	1	1
HSD17B11	WRB	1	1	1	1
HTATSF1	CYB561	1	1	1	1
HTATSF1	G3BP1	1	1	1	1
HTATSF1	HERPUD1	1	1	1	1
HTATSF1	IKBKB	1	1	1	1
HTATSF1	NUP133	1	1	1	1
HTATSF1	SKIV2L	1	1	1	1
HTATSF1	ZMIZ1	1	1	1	1
HTATSF1	ZW10	1	1	1	1
HTRA1	PARP2	1	1	1	1
ICAM3	FBXO7	1	1	1	1
ICAM3	GNAI2	1	1	1	1
ICAM3	GPR56	1	1	1	1
ICAM3	HTRA1	1	1	1	1
ICAM3	HYOU1	1	1	1	1
ICAM3	PAF1	1	1	1	1
ICAM3	PHGDH	1	1	1	1
ICAM3	SCYL3	1	1	1	1
ICAM3	TP53BP2	1	1	1	1
ICAM3	TXLNA	1	1	1	1
ID2	GNAS	1	1	1	1
ID2	POLR2I	1	1	1	1
ID2	SCP2	1	1	1	1
ID2	TCFL5	1	1	1	1
IDE	ADH5	1	1	1	1
IDE	AURKB	1	1	1	1
IDE	BACE2	1	1	1	1
IDE	BIRC5	1	1	1	1
IDE	CALU	1	1	1	1
IDE	CAST	1	1	1	1
IDE	CBR1	1	1	1	1
IDE	CLTB	1	1	1	1
IDE	COG4	1	1	1	1
IDE	DMTF1	1	1	1	1
IDE	DYRK3	1	1	1	1
IDE	ELAC2	1	1	1	1
IDE	ERBB2	1	1	1	1
IDE	FOXO4	1	1	1	1
IDE	GALE	1	1	1	1
IDE	GATA2	1	1	1	1
IDE	IGF1R	1	1	1	1
IDE	INTS3	1	1	1	1
IDE	IQGAP1	1	1	1	1
IDE	MAPKAPK5	1	1	1	1
IDE	MEST	1	1	1	1
IDE	MSH6	1	1	1	1
IDE	MYC	1	1	1	1
IDE	MYCBP	1	1	1	1
IDE	NOSIP	1	1	1	1
IDE	NR3C1	1	1	1	1
IDE	NUCB2	1	1	1	1
IDE	PSIP1	1	1	1	1
IDE	RBM15B	1	1	1	1
IDE	RPS6KA1	1	1	1	1
IDE	TM9SF2	1	1	1	1
IDE	TXNRD1	1	1	1	1
IDE	UTP14A	1	1	1	1
IFRD2	CDC45	1	1	1	1
IFRD2	CTNND1	1	1	1	1
IFRD2	CTSD	1	1	1	1
IFRD2	HS2ST1	1	1	1	1
IFRD2	KEAP1	1	1	1	1
IFRD2	MSRA	1	1	1	1
IFRD2	PCBD1	1	1	1	1
IFRD2	POLD4	1	1	1	1
IFRD2	RAI14	1	1	1	1
IFRD2	RNMT	1	1	1	1
IFRD2	SLC25A14	1	1	1	1
IFRD2	TUBB6	1	1	1	1
IGF1R	CTSD	1	1	1	1
IGF1R	DNAJB2	1	1	1	1
IGF1R	ERBB3	1	1	1	1
IGF1R	GTF2E2	1	1	1	1
IGF1R	JUN	1	1	1	1
IGF1R	MAPK9	1	1	1	1
IGF1R	MOK	1	1	1	1
IGF1R	NOLC1	1	1	1	1
IGF1R	PAN2	1	1	1	1
IGF1R	PCK2	1	1	1	1
IGF1R	PRR15L	1	1	1	1
IGF1R	SGCB	1	1	1	1
IGF1R	SLC2A6	1	1	1	1
IGF1R	SMARCC1	1	1	1	1
IGF1R	TBX2	1	1	1	1
IGF1R	TEX10	1	1	1	1
IGF1R	TIMM17B	1	1	1	1
IGF1R	UBE2A	1	1	1	1
IGF2R	ABCF3	1	1	1	1
IGF2R	ATP5S	1	1	1	1
IGF2R	RAD51C	1	1	1	1
IGF2R	SPAG7	1	1	1	1
IGHMBP2	ABHD4	1	1	1	1
IGHMBP2	BAD	1	1	1	1
IGHMBP2	CD320	1	1	1	1
IGHMBP2	CNOT4	1	1	1	1
IGHMBP2	FAM69A	1	1	1	1
IGHMBP2	HEATR1	1	1	1	1
IGHMBP2	IL13RA1	1	1	1	1
IGHMBP2	MAP4K4	1	1	1	1
IGHMBP2	PDS5A	1	1	1	1
IGHMBP2	PIGB	1	1	1	1
IGHMBP2	PRCP	1	1	1	1
IGHMBP2	PRPF4	1	1	1	1
IGHMBP2	RPA1	1	1	1	1
IGHMBP2	SCYL3	1	1	1	1
IGHMBP2	SMNDC1	1	1	1	1
IGHMBP2	TSPAN6	1	1	1	1
IGHMBP2	YKT6	1	1	1	1
IKBKAP	ARID5B	1	1	1	1
IKBKAP	CHEK2	1	1	1	1
IKBKAP	CYTH1	1	1	1	1
IKBKAP	DHRS7	1	1	1	1
IKBKAP	ENOPH1	1	1	1	1
IKBKAP	GPR56	1	1	1	1
IKBKAP	IKBKAP	1	1	1	1
IKBKAP	KAT6A	1	1	1	1
IKBKAP	KIF14	1	1	1	1
IKBKAP	NISCH	1	1	1	1
IKBKAP	PUF60	1	1	1	1
IKBKAP	RBM6	1	1	1	1
IKBKAP	RPA3	1	1	1	1
IKBKAP	RRP1B	1	1	1	1
IKBKAP	TRAPPC6A	1	1	1	1
IKBKE	CHERP	1	1	1	1
IKBKE	CREG1	1	1	1	1
IKBKE	DECR1	1	1	1	1
IKBKE	FAM69A	1	1	1	1
IKBKE	FBXO7	1	1	1	1
IKBKE	GPC1	1	1	1	1
IKBKE	MAPK1IP1L	1	1	1	1
IKBKE	MPZL1	1	1	1	1
IKBKE	PAFAH1B3	1	1	1	1
IKBKE	PECR	1	1	1	1
IKBKE	PNKP	1	1	1	1
IKBKE	RPA1	1	1	1	1
IKBKE	TCFL5	1	1	1	1
IKBKE	USP6NL	1	1	1	1
IL13RA1	CRYZ	1	1	1	1
IL13RA1	LAGE3	1	1	1	1
IL13RA1	SLC25A13	1	1	1	1
IL13RA1	UBE3C	1	1	1	1
ILK	KIF5C	1	1	1	1
ILK	SPAG4	1	1	1	1
INSIG1	DNM1	1	1	1	1
INTS3	CD320	1	1	1	1
INTS3	CENPE	1	1	1	1
INTS3	FPGS	1	1	1	1
INTS3	ITGAE	1	1	1	1
INTS3	MAP3K4	1	1	1	1
INTS3	NIT1	1	1	1	1
INTS3	PAN2	1	1	1	1
INTS3	TCTA	1	1	1	1
INTS3	TNFRSF21	1	1	1	1
INTS3	VAPB	1	1	1	1
IPO13	AKR7A2	1	1	1	1
IPO13	AKT1	1	1	1	1
IPO13	LGALS8	1	1	1	1
IPO13	MRPL19	1	1	1	1
IPO13	PEX11A	1	1	1	1
IPO13	PIH1D1	1	1	1	1
IPO13	POLE2	1	1	1	1
IPO13	PPIE	1	1	1	1
IPO13	PYCR1	1	1	1	1
IPO13	SKIV2L	1	1	1	1
IPO13	TRAPPC3	1	1	1	1
ISOC1	CIRBP	1	1	1	1
ISOC1	CSNK2A2	1	1	1	1
ISOC1	FAM20B	1	1	1	1
ISOC1	FASTKD5	1	1	1	1
ISOC1	MAP4K4	1	1	1	1
ISOC1	ORC1	1	1	1	1
ISOC1	PNP	1	1	1	1
ISOC1	TCTA	1	1	1	1
ISOC1	TSTA3	1	1	1	1
ITFG1	ARL4C	1	1	1	1
ITFG1	OXA1L	1	1	1	1
ITFG1	PRR15L	1	1	1	1
ITFG1	USP22	1	1	1	1
ITFG1	ZNF318	1	1	1	1
ITGB1BP1	ACAT2	1	1	1	1
ITGB1BP1	FOS	1	1	1	1
ITGB1BP1	MICALL1	1	1	1	1
ITGB1BP1	UBE3C	1	1	1	1
ITGB5	CNDP2	1	1	1	1
ITGB5	HSPA4	1	1	1	1
ITGB5	SLC37A4	1	1	1	1
JMJD6	ICAM3	1	1	1	1
JMJD6	POLB	1	1	1	1
JMJD6	PRR7	1	1	1	1
JMJD6	RFNG	1	1	1	1
JMJD6	TMCO1	1	1	1	1
JMJD6	VAT1	1	1	1	1
JUN	NISCH	1	1	1	1
KAT6A	CD44	1	1	1	1
KAT6B	HK1	1	1	1	1
KAT6B	NUSAP1	1	1	1	1
KAT6B	PIGB	1	1	1	1
KCNK1	BUB1B	1	1	1	1
KCNK1	C2CD2L	1	1	1	1
KCNK1	CENPE	1	1	1	1
KCNK1	CHN1	1	1	1	1
KCNK1	CSK	1	1	1	1
KCNK1	DHX29	1	1	1	1
KCNK1	DNTTIP2	1	1	1	1
KCNK1	DYRK3	1	1	1	1
KCNK1	FOS	1	1	1	1
KCNK1	IKBKE	1	1	1	1
KCNK1	NR3C1	1	1	1	1
KCNK1	PAPD7	1	1	1	1
KCNK1	PAX8	1	1	1	1
KCNK1	PLA2G15	1	1	1	1
KCNK1	PLSCR1	1	1	1	1
KCNK1	POLR1C	1	1	1	1
KCNK1	SMAD3	1	1	1	1
KCNK1	SMARCC1	1	1	1	1
KCNK1	TRAPPC6A	1	1	1	1
KCNK1	TSC22D3	1	1	1	1
KCNK1	TSTA3	1	1	1	1
KCTD5	TIMM9	1	1	1	1
KDELR2	MYC	1	1	1	1
KDM5A	CAT	1	1	1	1
KDM5A	CDC45	1	1	1	1
KDM5A	ECD	1	1	1	1
KDM5A	HIST2H2BE	1	1	1	1
KDM5A	KIAA0355	1	1	1	1
KDM5A	MBNL1	1	1	1	1
KDM5A	PRAF2	1	1	1	1
KDM5A	RAB21	1	1	1	1
KDM5A	TBX2	1	1	1	1
KDM5A	TMCO1	1	1	1	1
KDM5B	CHERP	1	1	1	1
KDM5B	GRN	1	1	1	1
KDM5B	MAPK9	1	1	1	1
KDM5B	NIT1	1	1	1	1
KDM5B	PGRMC1	1	1	1	1
KDM5B	PHGDH	1	1	1	1
KDM5B	PLP2	1	1	1	1
KDM5B	PPOX	1	1	1	1
KDM5B	ST3GAL5	1	1	1	1
KDM5B	STAT1	1	1	1	1
KDM5B	TEX10	1	1	1	1
KDM5B	TP53BP1	1	1	1	1
KDM5B	VPS28	1	1	1	1
KIAA0100	BCL7B	1	1	1	1
KIAA0196	CCDC85B	1	1	1	1
KIAA0196	CCNF	1	1	1	1
KIAA0196	DDX10	1	1	1	1
KIAA0196	GMNN	1	1	1	1
KIAA0196	GNAS	1	1	1	1
KIAA0196	TEX10	1	1	1	1
KIAA0355	ARID5B	1	1	1	1
KIAA0355	CLPX	1	1	1	1
KIAA0355	DNAJB6	1	1	1	1
KIAA0355	HDAC6	1	1	1	1
KIAA0355	HSD17B11	1	1	1	1
KIAA0355	KEAP1	1	1	1	1
KIAA0355	LRRC41	1	1	1	1
KIAA0355	MTFR1	1	1	1	1
KIAA0355	PHGDH	1	1	1	1
KIAA0355	RUVBL1	1	1	1	1
KIAA0355	TIPARP	1	1	1	1
KIAA0355	TMCO1	1	1	1	1
KIAA1033	ADI1	1	1	1	1
KIAA1033	APPBP2	1	1	1	1
KIAA1033	CIRBP	1	1	1	1
KIAA1033	COG4	1	1	1	1
KIAA1033	DCTD	1	1	1	1
KIAA1033	DHRS7	1	1	1	1
KIAA1033	DLD	1	1	1	1
KIAA1033	FAM63A	1	1	1	1
KIAA1033	FKBP4	1	1	1	1
KIAA1033	IL4R	1	1	1	1
KIAA1033	KDM3A	1	1	1	1
KIAA1033	KLHDC2	1	1	1	1
KIAA1033	LYPLA1	1	1	1	1
KIAA1033	MACF1	1	1	1	1
KIAA1033	NFE2L2	1	1	1	1
KIAA1033	PPP2R5A	1	1	1	1
KIAA1033	PRUNE	1	1	1	1
KIAA1033	RRP1B	1	1	1	1
KIAA1033	SESN1	1	1	1	1
KIAA1033	STK25	1	1	1	1
KIAA1033	SUPV3L1	1	1	1	1
KIAA1033	TMED10	1	1	1	1
KIAA1033	TRAK2	1	1	1	1
KIAA1033	UBE2C	1	1	1	1
KIAA1033	ZNF395	1	1	1	1
KIF14	CDC45	1	1	1	1
KIF14	MAN2B1	1	1	1	1
KIF14	SCCPDH	1	1	1	1
KIF14	USP14	1	1	1	1
KIF20A	DNAJB6	1	1	1	1
KIF20A	FCHO1	1	1	1	1
KIF2C	ASCC3	1	1	1	1
KIF2C	DNAJC15	1	1	1	1
KIF2C	GRN	1	1	1	1
KIF2C	PGRMC1	1	1	1	1
KLHL21	ABHD6	1	1	1	1
KLHL21	ANO10	1	1	1	1
KLHL21	ATP6V0B	1	1	1	1
KLHL21	BAG3	1	1	1	1
KLHL21	BAMBI	1	1	1	1
KLHL21	COPB2	1	1	1	1
KLHL21	CSNK2A2	1	1	1	1
KLHL21	DERA	1	1	1	1
KLHL21	DPH2	1	1	1	1
KLHL21	ECD	1	1	1	1
KLHL21	ENOSF1	1	1	1	1
KLHL21	GAPDH	1	1	1	1
KLHL21	GRN	1	1	1	1
KLHL21	HOXA10	1	1	1	1
KLHL21	HSPA4	1	1	1	1
KLHL21	IKBKB	1	1	1	1
KLHL21	KDM5A	1	1	1	1
KLHL21	MAMLD1	1	1	1	1
KLHL21	MAST2	1	1	1	1
KLHL21	NR1H2	1	1	1	1
KLHL21	NT5DC2	1	1	1	1
KLHL21	SNX13	1	1	1	1
KLHL21	SYNGR3	1	1	1	1
KLHL21	TIMP2	1	1	1	1
KLHL21	TM9SF2	1	1	1	1
KLHL21	TMCO1	1	1	1	1
KLHL21	ZNF318	1	1	1	1
KTN1	DHDDS	1	1	1	1
KTN1	ENOSF1	1	1	1	1
KTN1	ICAM3	1	1	1	1
KTN1	IKBKB	1	1	1	1
KTN1	KLHDC2	1	1	1	1
KTN1	MTFR1	1	1	1	1
KTN1	NVL	1	1	1	1
KTN1	PAPD7	1	1	1	1
KTN1	PDLIM1	1	1	1	1
KTN1	PNP	1	1	1	1
KTN1	SLC25A4	1	1	1	1
KTN1	TXNDC9	1	1	1	1
LAMA3	ACBD3	1	1	1	1
LAMA3	ADAM10	1	1	1	1
LAMA3	ADAT1	1	1	1	1
LAMA3	ADH5	1	1	1	1
LAMA3	ATP1B1	1	1	1	1
LAMA3	BAD	1	1	1	1
LAMA3	BCL7B	1	1	1	1
LAMA3	BECN1	1	1	1	1
LAMA3	BLCAP	1	1	1	1
LAMA3	CCNF	1	1	1	1
LAMA3	CDCA4	1	1	1	1
LAMA3	CEP57	1	1	1	1
LAMA3	CHMP6	1	1	1	1
LAMA3	CISD1	1	1	1	1
LAMA3	CTTN	1	1	1	1
LAMA3	CYB561	1	1	1	1
LAMA3	DNM1	1	1	1	1
LAMA3	DUSP22	1	1	1	1
LAMA3	EGFR	1	1	1	1
LAMA3	EPN2	1	1	1	1
LAMA3	FAM63A	1	1	1	1
LAMA3	FASTKD5	1	1	1	1
LAMA3	FCHO1	1	1	1	1
LAMA3	GNAS	1	1	1	1
LAMA3	GOLT1B	1	1	1	1
LAMA3	GRN	1	1	1	1
LAMA3	GSTZ1	1	1	1	1
LAMA3	HOXA5	1	1	1	1
LAMA3	IER3	1	1	1	1
LAMA3	IL4R	1	1	1	1
LAMA3	ITGB1BP1	1	1	1	1
LAMA3	KIF14	1	1	1	1
LAMA3	KIT	1	1	1	1
LAMA3	KLHDC2	1	1	1	1
LAMA3	LAGE3	1	1	1	1
LAMA3	LBR	1	1	1	1
LAMA3	LIG1	1	1	1	1
LAMA3	LRRC16A	1	1	1	1
LAMA3	MALT1	1	1	1	1
LAMA3	MAP3K4	1	1	1	1
LAMA3	MEST	1	1	1	1
LAMA3	MPZL1	1	1	1	1
LAMA3	MYO10	1	1	1	1
LAMA3	NUP93	1	1	1	1
LAMA3	P4HA2	1	1	1	1
LAMA3	PCCB	1	1	1	1
LAMA3	PEX11A	1	1	1	1
LAMA3	PHKA1	1	1	1	1
LAMA3	PKIG	1	1	1	1
LAMA3	POP4	1	1	1	1
LAMA3	PSIP1	1	1	1	1
LAMA3	PTK2	1	1	1	1
LAMA3	RAB31	1	1	1	1
LAMA3	RBM15B	1	1	1	1
LAMA3	RFX5	1	1	1	1
LAMA3	RPA2	1	1	1	1
LAMA3	RPN1	1	1	1	1
LAMA3	SENP6	1	1	1	1
LAMA3	SLC1A4	1	1	1	1
LAMA3	SLC35A1	1	1	1	1
LAMA3	SLC5A6	1	1	1	1
LAMA3	SMARCC1	1	1	1	1
LAMA3	SMC3	1	1	1	1
LAMA3	SPEN	1	1	1	1
LAMA3	TESK1	1	1	1	1
LAMA3	TFAP2A	1	1	1	1
LAMA3	THAP11	1	1	1	1
LAMA3	TIMELESS	1	1	1	1
LAMA3	TIMP2	1	1	1	1
LAMA3	TMEM2	1	1	1	1
LAMA3	TRAP1	1	1	1	1
LAMA3	TRIM2	1	1	1	1
LAMA3	TXNRD1	1	1	1	1
LAMA3	UBQLN2	1	1	1	1
LAMA3	UGDH	1	1	1	1
LAMA3	USP6NL	1	1	1	1
LAMA3	VGLL4	1	1	1	1
LAMA3	VPS28	1	1	1	1
LAMA3	WASF3	1	1	1	1
LAMA3	ZDHHC6	1	1	1	1
LAMA3	ZNF131	1	1	1	1
LAMA3	ZNF395	1	1	1	1
LAMA3	ZNF586	1	1	1	1
LAP3	MYC	1	1	1	1
LBR	HSPA4	1	1	1	1
LBR	TP53BP1	1	1	1	1
LGMN	DNAJA3	1	1	1	1
LGMN	LAGE3	1	1	1	1
LGMN	NMT1	1	1	1	1
LGMN	PIK3C2B	1	1	1	1
LIG1	COG7	1	1	1	1
LIPA	LAP3	1	1	1	1
LOXL1	HEATR1	1	1	1	1
LPAR2	RGS2	1	1	1	1
LPAR2	TIMM17B	1	1	1	1
LRP10	G3BP1	1	1	1	1
LRP10	NOSIP	1	1	1	1
LRPAP1	CNOT4	1	1	1	1
LRPAP1	MVP	1	1	1	1
LRRC16A	HOXA10	1	1	1	1
LRRC41	CCDC92	1	1	1	1
LRRC41	CSRP1	1	1	1	1
LRRC41	FIS1	1	1	1	1
LRRC41	HN1L	1	1	1	1
LRRC41	HS2ST1	1	1	1	1
LRRC41	HSD17B11	1	1	1	1
LRRC41	IPO13	1	1	1	1
LRRC41	MFSD10	1	1	1	1
LRRC41	MICALL1	1	1	1	1
LRRC41	NET1	1	1	1	1
LRRC41	NOLC1	1	1	1	1
LRRC41	PAF1	1	1	1	1
LRRC41	PLP2	1	1	1	1
LRRC41	PRR7	1	1	1	1
LRRC41	RRS1	1	1	1	1
LRRC41	SMARCD2	1	1	1	1
LRRC41	VPS28	1	1	1	1
LSR	ARID5B	1	1	1	1
LSR	EML3	1	1	1	1
LSR	LGMN	1	1	1	1
LSR	PTPN12	1	1	1	1
LSR	VAPB	1	1	1	1
LYN	CDKN1A	1	1	1	1
LYN	CHMP6	1	1	1	1
LYN	FAH	1	1	1	1
LYN	KEAP1	1	1	1	1
LYN	KIAA0753	1	1	1	1
LYN	PPIE	1	1	1	1
LYN	PRCP	1	1	1	1
LYN	RNH1	1	1	1	1
LYN	SLC2A6	1	1	1	1
LYN	SOX4	1	1	1	1
LYN	UBE2C	1	1	1	1
LYPLA1	AMDHD2	1	1	1	1
LYPLA1	BLVRA	1	1	1	1
LYPLA1	CDCA4	1	1	1	1
LYPLA1	GDPD5	1	1	1	1
LYPLA1	GFOD1	1	1	1	1
LYPLA1	HOOK2	1	1	1	1
LYPLA1	IKBKB	1	1	1	1
LYPLA1	IL4R	1	1	1	1
LYPLA1	NFE2L2	1	1	1	1
LYPLA1	ORC1	1	1	1	1
LYPLA1	PEX11A	1	1	1	1
LYPLA1	PPP2R3C	1	1	1	1
LYPLA1	RNF167	1	1	1	1
LYPLA1	RRP12	1	1	1	1
LYPLA1	RRS1	1	1	1	1
LYPLA1	SLC35A3	1	1	1	1
LYPLA1	SLC5A6	1	1	1	1
LYPLA1	TIAM1	1	1	1	1
LYRM1	CHMP6	1	1	1	1
MACF1	GPC1	1	1	1	1
MACF1	RBKS	1	1	1	1
MAN2B1	PPIE	1	1	1	1
MAP2K5	CLSTN1	1	1	1	1
MAP2K5	CPSF4	1	1	1	1
MAP2K5	MLEC	1	1	1	1
MAP2K5	OXSR1	1	1	1	1
MAP2K5	PEX11A	1	1	1	1
MAP2K5	PTPN1	1	1	1	1
MAP2K5	RBM15B	1	1	1	1
MAP2K5	TATDN2	1	1	1	1
MAP2K5	TFAP2A	1	1	1	1
MAP2K5	TRAP1	1	1	1	1
MAP2K5	TSTA3	1	1	1	1
MAP3K4	PAFAH1B1	1	1	1	1
MAP4K4	C2CD2L	1	1	1	1
MAPK13	LYRM1	1	1	1	1
MAPK9	CAMSAP2	1	1	1	1
MAPK9	CCNA2	1	1	1	1
MAPK9	DUSP22	1	1	1	1
MAPK9	PDHX	1	1	1	1
MAST2	ATP11B	1	1	1	1
MAST2	CCNB2	1	1	1	1
MAST2	CCNF	1	1	1	1
MAST2	EML3	1	1	1	1
MAST2	FASTKD5	1	1	1	1
MAST2	FOXO4	1	1	1	1
MAST2	GLRX	1	1	1	1
MAST2	GNPDA1	1	1	1	1
MAST2	NUP133	1	1	1	1
MAST2	PSMG1	1	1	1	1
MAST2	RRP8	1	1	1	1
MAST2	SMARCD2	1	1	1	1
MAST2	SPDEF	1	1	1	1
MAST2	STK25	1	1	1	1
MAST2	THAP11	1	1	1	1
MAST2	TOMM34	1	1	1	1
MAST2	TRAPPC3	1	1	1	1
MBNL2	CASK	1	1	1	1
MBNL2	CCDC92	1	1	1	1
MBNL2	GTF2A2	1	1	1	1
MBNL2	HADH	1	1	1	1
MBNL2	HS2ST1	1	1	1	1
MBNL2	IL4R	1	1	1	1
MBNL2	MSH6	1	1	1	1
MBNL2	NARFL	1	1	1	1
MBNL2	NUP85	1	1	1	1
MBNL2	PCM1	1	1	1	1
MBNL2	PTPN12	1	1	1	1
MBNL2	PUF60	1	1	1	1
MBOAT7	ATP1B1	1	1	1	1
MBOAT7	C2CD2L	1	1	1	1
MBOAT7	CDK1	1	1	1	1
MBOAT7	CHERP	1	1	1	1
MBOAT7	DENND2D	1	1	1	1
MBOAT7	DERA	1	1	1	1
MBOAT7	DHDDS	1	1	1	1
MBOAT7	ITGB5	1	1	1	1
MBOAT7	PLP2	1	1	1	1
MBOAT7	POLR1C	1	1	1	1
MBOAT7	RPIA	1	1	1	1
MBOAT7	SGCB	1	1	1	1
MBOAT7	STK10	1	1	1	1
MBOAT7	TRIM2	1	1	1	1
MBOAT7	TSPAN3	1	1	1	1
MBOAT7	USP6NL	1	1	1	1
MBTPS1	AGL	1	1	1	1
MBTPS1	ATP1B1	1	1	1	1
MBTPS1	BECN1	1	1	1	1
MBTPS1	CPNE3	1	1	1	1
MBTPS1	DUSP22	1	1	1	1
MBTPS1	FAT1	1	1	1	1
MBTPS1	FEZ2	1	1	1	1
MBTPS1	FIS1	1	1	1	1
MBTPS1	GAA	1	1	1	1
MBTPS1	H2AFV	1	1	1	1
MBTPS1	HADH	1	1	1	1
MBTPS1	HEATR1	1	1	1	1
MBTPS1	HIST2H2BE	1	1	1	1
MBTPS1	IDE	1	1	1	1
MBTPS1	IQGAP1	1	1	1	1
MBTPS1	LOXL1	1	1	1	1
MBTPS1	LRRC16A	1	1	1	1
MBTPS1	MACF1	1	1	1	1
MBTPS1	MBOAT7	1	1	1	1
MBTPS1	PLOD3	1	1	1	1
MBTPS1	PRPF4	1	1	1	1
MBTPS1	PTK2	1	1	1	1
MBTPS1	RNMT	1	1	1	1
MBTPS1	SCCPDH	1	1	1	1
MBTPS1	SMC1A	1	1	1	1
MBTPS1	SPAG7	1	1	1	1
MBTPS1	TNFRSF21	1	1	1	1
MBTPS1	TOMM34	1	1	1	1
MBTPS1	TSC22D3	1	1	1	1
MBTPS1	WASF3	1	1	1	1
MCM3	ARID5B	1	1	1	1
MCM3	BLMH	1	1	1	1
MCM3	BPHL	1	1	1	1
MCM3	CORO1A	1	1	1	1
MCM3	CRKL	1	1	1	1
MCM3	DNAJB2	1	1	1	1
MCM3	FEZ2	1	1	1	1
MCM3	ITGB5	1	1	1	1
MCM3	NPC1	1	1	1	1
MCM3	PIGB	1	1	1	1
MCM3	STUB1	1	1	1	1
MCOLN1	ACLY	1	1	1	1
MCOLN1	PAFAH1B3	1	1	1	1
ME2	CENPE	1	1	1	1
ME2	PAN2	1	1	1	1
ME2	PGRMC1	1	1	1	1
ME2	RAB4A	1	1	1	1
MELK	DHX29	1	1	1	1
MELK	NR2F6	1	1	1	1
MELK	RFC5	1	1	1	1
MEST	GTPBP8	1	1	1	1
MEST	PTPN1	1	1	1	1
METRN	BUB1B	1	1	1	1
METRN	DLD	1	1	1	1
METRN	FAM63A	1	1	1	1
METRN	FBXO7	1	1	1	1
METRN	MAP2K5	1	1	1	1
METRN	NUDT9	1	1	1	1
METRN	PPARG	1	1	1	1
METRN	PRR15L	1	1	1	1
METRN	SLC27A3	1	1	1	1
METRN	TMEM109	1	1	1	1
MFSD10	AGL	1	1	1	1
MFSD10	CASP3	1	1	1	1
MFSD10	CCDC85B	1	1	1	1
MFSD10	CNPY3	1	1	1	1
MFSD10	FAT1	1	1	1	1
MFSD10	GABPB1	1	1	1	1
MFSD10	GALE	1	1	1	1
MFSD10	MAP2K5	1	1	1	1
MFSD10	OXCT1	1	1	1	1
MFSD10	PTPLAD1	1	1	1	1
MFSD10	SLC25A46	1	1	1	1
MFSD10	SPRED2	1	1	1	1
MFSD10	TMEM5	1	1	1	1
MFSD10	TMEM50A	1	1	1	1
MFSD10	TPM1	1	1	1	1
MFSD10	TRAK2	1	1	1	1
MFSD10	TSPAN3	1	1	1	1
MFSD10	UFM1	1	1	1	1
MICALL1	CASP3	1	1	1	1
MICALL1	GRN	1	1	1	1
MLEC	EPB41L2	1	1	1	1
MLLT11	TSTA3	1	1	1	1
MPZL1	FCHO1	1	1	1	1
MPZL1	HN1L	1	1	1	1
MPZL1	KIAA0753	1	1	1	1
MRPL19	ADAM10	1	1	1	1
MRPL19	BPHL	1	1	1	1
MRPL19	CASP3	1	1	1	1
MRPL19	CDC45	1	1	1	1
MRPL19	EML3	1	1	1	1
MRPL19	GAA	1	1	1	1
MRPL19	NUP93	1	1	1	1
MRPL19	NVL	1	1	1	1
MRPL19	PPIE	1	1	1	1
MRPL19	SNX11	1	1	1	1
MRPL19	SQRDL	1	1	1	1
MRPL19	VAT1	1	1	1	1
MRPS16	BHLHE40	1	1	1	1
MRPS16	BLMH	1	1	1	1
MRPS16	CDH3	1	1	1	1
MRPS16	CHN1	1	1	1	1
MRPS16	COASY	1	1	1	1
MRPS16	GATA3	1	1	1	1
MRPS16	GMNN	1	1	1	1
MRPS16	HDAC6	1	1	1	1
MRPS16	HTRA1	1	1	1	1
MRPS16	IGF1R	1	1	1	1
MRPS16	IL13RA1	1	1	1	1
MRPS16	LSR	1	1	1	1
MRPS16	NARFL	1	1	1	1
MRPS16	P4HA2	1	1	1	1
MRPS16	PAX8	1	1	1	1
MRPS16	PCMT1	1	1	1	1
MRPS16	PPP2R5A	1	1	1	1
MRPS16	PRR7	1	1	1	1
MRPS16	PUF60	1	1	1	1
MRPS16	RBKS	1	1	1	1
MRPS16	RBM15B	1	1	1	1
MRPS16	RPL39L	1	1	1	1
MRPS16	SMARCC1	1	1	1	1
MRPS16	SPAG7	1	1	1	1
MSH6	ADAT1	1	1	1	1
MSH6	ARL4C	1	1	1	1
MSH6	CLSTN1	1	1	1	1
MSH6	CLTB	1	1	1	1
MSH6	DERA	1	1	1	1
MSH6	EML3	1	1	1	1
MSH6	FIS1	1	1	1	1
MSH6	GFOD1	1	1	1	1
MSH6	GMNN	1	1	1	1
MSH6	PMM2	1	1	1	1
MSH6	TATDN2	1	1	1	1
MSH6	TNIP1	1	1	1	1
MSH6	TSPAN3	1	1	1	1
MSRA	MBOAT7	1	1	1	1
MTA1	CASP3	1	1	1	1
MTA1	GNB5	1	1	1	1
MTA1	GTF2A2	1	1	1	1
MTA1	ITGB1BP1	1	1	1	1
MTA1	PIH1D1	1	1	1	1
MTA1	POLB	1	1	1	1
MTA1	TRIM13	1	1	1	1
MTF2	ABCF3	1	1	1	1
MTF2	DHRS7	1	1	1	1
MTHFD2	MICALL1	1	1	1	1
MVP	DHX29	1	1	1	1
MVP	FAIM	1	1	1	1
MVP	FAM20B	1	1	1	1
MVP	HOMER2	1	1	1	1
MVP	IL13RA1	1	1	1	1
MVP	IPO13	1	1	1	1
MVP	KDELR2	1	1	1	1
MVP	KEAP1	1	1	1	1
MVP	LAP3	1	1	1	1
MVP	LRRC16A	1	1	1	1
MVP	POLR2K	1	1	1	1
MVP	SKIV2L	1	1	1	1
MVP	SLC35A1	1	1	1	1
MVP	SNX13	1	1	1	1
MVP	TMEM2	1	1	1	1
MVP	ZNF274	1	1	1	1
MYBL2	TMED10	1	1	1	1
MYCBP	ANKRD10	1	1	1	1
MYCBP	DPH2	1	1	1	1
MYCBP	DUSP11	1	1	1	1
MYCBP	EZH2	1	1	1	1
MYCBP	PIK3C2B	1	1	1	1
MYCBP	TMEM97	1	1	1	1
NARFL	CCNF	1	1	1	1
NARFL	DNAJB6	1	1	1	1
NARFL	ELAVL1	1	1	1	1
NARFL	KAT6B	1	1	1	1
NARFL	MEST	1	1	1	1
NARFL	MVP	1	1	1	1
NARFL	PPP2R5A	1	1	1	1
NARFL	TXNDC9	1	1	1	1
NARFL	ZMYM2	1	1	1	1
NENF	ANO10	1	1	1	1
NENF	AURKB	1	1	1	1
NENF	CNPY3	1	1	1	1
NENF	DDX42	1	1	1	1
NENF	GRN	1	1	1	1
NENF	IARS2	1	1	1	1
NENF	IKBKAP	1	1	1	1
NENF	INPP1	1	1	1	1
NENF	MFSD10	1	1	1	1
NENF	MLEC	1	1	1	1
NENF	MTHFD2	1	1	1	1
NENF	NCOA3	1	1	1	1
NENF	NISCH	1	1	1	1
NENF	PEX11A	1	1	1	1
NENF	PRR7	1	1	1	1
NENF	RRP12	1	1	1	1
NENF	SMAD3	1	1	1	1
NENF	SMARCD2	1	1	1	1
NENF	STK25	1	1	1	1
NENF	STUB1	1	1	1	1
NENF	THAP11	1	1	1	1
NENF	TRAK2	1	1	1	1
NENF	ZFP36	1	1	1	1
NFIL3	METRN	1	1	1	1
NIPSNAP1	ELAC2	1	1	1	1
NIPSNAP1	OXA1L	1	1	1	1
NIPSNAP1	RPA2	1	1	1	1
NIT1	SMARCD2	1	1	1	1
NMT1	BACE2	1	1	1	1
NMT1	CAPN1	1	1	1	1
NMT1	DHRS7	1	1	1	1
NMT1	GALE	1	1	1	1
NMT1	H2AFV	1	1	1	1
NMT1	MTHFD2	1	1	1	1
NMT1	MYC	1	1	1	1
NMT1	PCK2	1	1	1	1
NMT1	PRAF2	1	1	1	1
NMT1	TIMP2	1	1	1	1
NMT1	TRAM2	1	1	1	1
NMT1	TRAPPC3	1	1	1	1
NMT1	UBQLN2	1	1	1	1
NNT	FAS	1	1	1	1
NNT	HERC6	1	1	1	1
NNT	IL13RA1	1	1	1	1
NNT	REEP5	1	1	1	1
NOLC1	CTNND1	1	1	1	1
NR2F6	CAMSAP2	1	1	1	1
NR2F6	EXT1	1	1	1	1
NR3C1	POLB	1	1	1	1
NRAS	LGALS8	1	1	1	1
NRAS	PHKB	1	1	1	1
NRIP1	SYNGR3	1	1	1	1
NRIP1	TMCO1	1	1	1	1
NT5DC2	ANKRD10	1	1	1	1
NT5DC2	ARHGAP1	1	1	1	1
NT5DC2	C2CD2L	1	1	1	1
NT5DC2	CCNA2	1	1	1	1
NT5DC2	IGF2R	1	1	1	1
NT5DC2	LSR	1	1	1	1
NT5DC2	NR1H2	1	1	1	1
NT5DC2	PLS1	1	1	1	1
NT5DC2	PTPRK	1	1	1	1
NT5DC2	SYPL1	1	1	1	1
NT5DC2	UFM1	1	1	1	1
NT5DC2	WFS1	1	1	1	1
NUDCD3	NISCH	1	1	1	1
NUDCD3	PTK2	1	1	1	1
NUDCD3	SKIV2L	1	1	1	1
NUDCD3	TSPAN3	1	1	1	1
NUDT9	STAP2	1	1	1	1
NUP133	DDR1	1	1	1	1
NUP133	DYRK3	1	1	1	1
NUP133	FASTKD5	1	1	1	1
NUP133	GNAS	1	1	1	1
NUP133	HOXA10	1	1	1	1
NUP133	KIAA1279	1	1	1	1
NUP133	LRRC16A	1	1	1	1
NUP133	MYO10	1	1	1	1
NUP133	NARFL	1	1	1	1
NUP133	NSDHL	1	1	1	1
NUP133	PSIP1	1	1	1	1
NUP133	RBKS	1	1	1	1
NUP133	SLC35B1	1	1	1	1
NUP133	STAP2	1	1	1	1
NUP133	STMN1	1	1	1	1
NUP88	ARID5B	1	1	1	1
NUP88	CTNNAL1	1	1	1	1
NUP88	KIAA0196	1	1	1	1
NUP88	MAPK9	1	1	1	1
NUP88	SPAG4	1	1	1	1
NUP88	TXLNA	1	1	1	1
NUP93	CEBPD	1	1	1	1
NUP93	EZH2	1	1	1	1
NUP93	INPP4B	1	1	1	1
NUP93	NUP93	1	1	1	1
NUSAP1	ADCK3	1	1	1	1
NUSAP1	ARID4B	1	1	1	1
NUSAP1	CLPX	1	1	1	1
NUSAP1	FDFT1	1	1	1	1
NUSAP1	FEZ2	1	1	1	1
NUSAP1	MAP4K4	1	1	1	1
NUSAP1	MYBL2	1	1	1	1
NUSAP1	PIP4K2B	1	1	1	1
NUSAP1	PPP2R5A	1	1	1	1
NUSAP1	PSMD10	1	1	1	1
NUSAP1	TARBP1	1	1	1	1
NUSAP1	TSKU	1	1	1	1
NUSAP1	UFM1	1	1	1	1
NVL	DHRS7	1	1	1	1
NVL	TSEN2	1	1	1	1
ORC1	ABHD4	1	1	1	1
ORC1	ACAA1	1	1	1	1
ORC1	ACBD3	1	1	1	1
ORC1	ACOT9	1	1	1	1
ORC1	ADAM10	1	1	1	1
ORC1	ADAT1	1	1	1	1
ORC1	ADH5	1	1	1	1
ORC1	AKAP8L	1	1	1	1
ORC1	ANO10	1	1	1	1
ORC1	ARID4B	1	1	1	1
ORC1	ARPP19	1	1	1	1
ORC1	ATG3	1	1	1	1
ORC1	ATP6V0B	1	1	1	1
ORC1	ATP6V1D	1	1	1	1
ORC1	BLCAP	1	1	1	1
ORC1	CAT	1	1	1	1
ORC1	CCDC86	1	1	1	1
ORC1	CCDC92	1	1	1	1
ORC1	CCNB2	1	1	1	1
ORC1	CCNF	1	1	1	1
ORC1	CCP110	1	1	1	1
ORC1	CD58	1	1	1	1
ORC1	CDC45	1	1	1	1
ORC1	CDK1	1	1	1	1
ORC1	CEP57	1	1	1	1
ORC1	CHIC2	1	1	1	1
ORC1	CORO1A	1	1	1	1
ORC1	CRELD2	1	1	1	1
ORC1	CTTN	1	1	1	1
ORC1	DCK	1	1	1	1
ORC1	DDB2	1	1	1	1
ORC1	DDR1	1	1	1	1
ORC1	DENND2D	1	1	1	1
ORC1	DNAJC15	1	1	1	1
ORC1	DNTTIP2	1	1	1	1
ORC1	DUSP14	1	1	1	1
ORC1	DYRK3	1	1	1	1
ORC1	EBP	1	1	1	1
ORC1	EGFR	1	1	1	1
ORC1	ELAC2	1	1	1	1
ORC1	EZH2	1	1	1	1
ORC1	FAM69A	1	1	1	1
ORC1	FBXO7	1	1	1	1
ORC1	FHL2	1	1	1	1
ORC1	FOXO4	1	1	1	1
ORC1	FPGS	1	1	1	1
ORC1	GATA2	1	1	1	1
ORC1	GATA3	1	1	1	1
ORC1	GFPT1	1	1	1	1
ORC1	GMNN	1	1	1	1
ORC1	GNB5	1	1	1	1
ORC1	GRB10	1	1	1	1
ORC1	GTF2E2	1	1	1	1
ORC1	HADH	1	1	1	1
ORC1	HES1	1	1	1	1
ORC1	HIST2H2BE	1	1	1	1
ORC1	HK1	1	1	1	1
ORC1	HMG20B	1	1	1	1
ORC1	HOOK2	1	1	1	1
ORC1	IDE	1	1	1	1
ORC1	IGF1R	1	1	1	1
ORC1	IKBKE	1	1	1	1
ORC1	IPO13	1	1	1	1
ORC1	ISOC1	1	1	1	1
ORC1	KDM5B	1	1	1	1
ORC1	KIAA0355	1	1	1	1
ORC1	KIAA1033	1	1	1	1
ORC1	KLHDC2	1	1	1	1
ORC1	KLHL21	1	1	1	1
ORC1	LAGE3	1	1	1	1
ORC1	LAP3	1	1	1	1
ORC1	LBR	1	1	1	1
ORC1	LGALS8	1	1	1	1
ORC1	LGMN	1	1	1	1
ORC1	LRRC16A	1	1	1	1
ORC1	LSR	1	1	1	1
ORC1	MACF1	1	1	1	1
ORC1	MALT1	1	1	1	1
ORC1	MAP2K5	1	1	1	1
ORC1	MAP3K4	1	1	1	1
ORC1	MAP4K4	1	1	1	1
ORC1	MAPK1IP1L	1	1	1	1
ORC1	MBOAT7	1	1	1	1
ORC1	MEST	1	1	1	1
ORC1	MFSD10	1	1	1	1
ORC1	MPZL1	1	1	1	1
ORC1	MTF2	1	1	1	1
ORC1	MTFR1	1	1	1	1
ORC1	MYBL2	1	1	1	1
ORC1	MYC	1	1	1	1
ORC1	NMT1	1	1	1	1
ORC1	NOLC1	1	1	1	1
ORC1	NOSIP	1	1	1	1
ORC1	NRAS	1	1	1	1
ORC1	NUDCD3	1	1	1	1
ORC1	NUP93	1	1	1	1
ORC1	NVL	1	1	1	1
ORC1	OXCT1	1	1	1	1
ORC1	PACSIN3	1	1	1	1
ORC1	PAFAH1B1	1	1	1	1
ORC1	PARP2	1	1	1	1
ORC1	PDLIM1	1	1	1	1
ORC1	PECR	1	1	1	1
ORC1	PHKB	1	1	1	1
ORC1	PIK3C2B	1	1	1	1
ORC1	PKIG	1	1	1	1
ORC1	PLEKHM1	1	1	1	1
ORC1	POLG2	1	1	1	1
ORC1	POLR2K	1	1	1	1
ORC1	POP4	1	1	1	1
ORC1	PPP2R5A	1	1	1	1
ORC1	PRCP	1	1	1	1
ORC1	PRKCD	1	1	1	1
ORC1	PSIP1	1	1	1	1
ORC1	PSMD10	1	1	1	1
ORC1	PTPN1	1	1	1	1
ORC1	PTPRF	1	1	1	1
ORC1	PWP1	1	1	1	1
ORC1	PXN	1	1	1	1
ORC1	PYCR1	1	1	1	1
ORC1	RAE1	1	1	1	1
ORC1	RAI14	1	1	1	1
ORC1	RAP1GAP	1	1	1	1
ORC1	REEP5	1	1	1	1
ORC1	RGS2	1	1	1	1
ORC1	RPL39L	1	1	1	1
ORC1	RPN1	1	1	1	1
ORC1	RPS6KA1	1	1	1	1
ORC1	RRP1B	1	1	1	1
ORC1	RRP8	1	1	1	1
ORC1	RRS1	1	1	1	1
ORC1	SCAND1	1	1	1	1
ORC1	SCYL3	1	1	1	1
ORC1	SESN1	1	1	1	1
ORC1	SKIV2L	1	1	1	1
ORC1	SLC11A2	1	1	1	1
ORC1	SLC1A4	1	1	1	1
ORC1	SLC25A14	1	1	1	1
ORC1	SLC25A46	1	1	1	1
ORC1	SLC27A3	1	1	1	1
ORC1	SLC35A3	1	1	1	1
ORC1	SMARCC1	1	1	1	1
ORC1	SMC3	1	1	1	1
ORC1	SPAG4	1	1	1	1
ORC1	SPRED2	1	1	1	1
ORC1	ST7	1	1	1	1
ORC1	STK10	1	1	1	1
ORC1	STMN1	1	1	1	1
ORC1	STX4	1	1	1	1
ORC1	TCEA2	1	1	1	1
ORC1	TCTA	1	1	1	1
ORC1	TCTN1	1	1	1	1
ORC1	TERF2IP	1	1	1	1
ORC1	TESK1	1	1	1	1
ORC1	TFAP2A	1	1	1	1
ORC1	TIMM17B	1	1	1	1
ORC1	TJP1	1	1	1	1
ORC1	TMEM50A	1	1	1	1
ORC1	TNFRSF21	1	1	1	1
ORC1	TOMM34	1	1	1	1
ORC1	TRAPPC6A	1	1	1	1
ORC1	TSC22D3	1	1	1	1
ORC1	TUBB6	1	1	1	1
ORC1	TXLNA	1	1	1	1
ORC1	TXNL4B	1	1	1	1
ORC1	UBE2A	1	1	1	1
ORC1	UBE3B	1	1	1	1
ORC1	USP7	1	1	1	1
ORC1	VAPB	1	1	1	1
ORC1	VAT1	1	1	1	1
ORC1	VPS72	1	1	1	1
ORC1	WIPF2	1	1	1	1
ORC1	ZMYM2	1	1	1	1
ORC1	ZNF586	1	1	1	1
ORC1	ZW10	1	1	1	1
OXA1L	ARNT2	1	1	1	1
OXA1L	CPSF4	1	1	1	1
OXA1L	DLD	1	1	1	1
OXA1L	DMTF1	1	1	1	1
OXA1L	FOS	1	1	1	1
OXA1L	IL4R	1	1	1	1
OXA1L	LGMN	1	1	1	1
OXA1L	MBOAT7	1	1	1	1
OXA1L	NMT1	1	1	1	1
OXA1L	RAB11FIP2	1	1	1	1
OXA1L	RPS6KA1	1	1	1	1
OXA1L	TRIM13	1	1	1	1
OXCT1	AGL	1	1	1	1
OXCT1	ANKRD10	1	1	1	1
OXCT1	ANXA7	1	1	1	1
OXCT1	BCL7B	1	1	1	1
OXCT1	C2CD2L	1	1	1	1
OXCT1	CBR1	1	1	1	1
OXCT1	CIRBP	1	1	1	1
OXCT1	DCK	1	1	1	1
OXCT1	DNAJA3	1	1	1	1
OXCT1	DSG2	1	1	1	1
OXCT1	DUSP14	1	1	1	1
OXCT1	ENOPH1	1	1	1	1
OXCT1	FAM69A	1	1	1	1
OXCT1	FOXO4	1	1	1	1
OXCT1	GMNN	1	1	1	1
OXCT1	GRWD1	1	1	1	1
OXCT1	ICMT	1	1	1	1
OXCT1	IGF1R	1	1	1	1
OXCT1	IKBKAP	1	1	1	1
OXCT1	NFE2L2	1	1	1	1
OXCT1	PCK2	1	1	1	1
OXCT1	RBM15B	1	1	1	1
OXCT1	S100A4	1	1	1	1
OXCT1	SCARB1	1	1	1	1
OXCT1	SCP2	1	1	1	1
OXCT1	SSBP2	1	1	1	1
OXCT1	STMN1	1	1	1	1
OXCT1	THAP11	1	1	1	1
OXCT1	UTP14A	1	1	1	1
OXSR1	ARID5B	1	1	1	1
P4HA2	GPATCH8	1	1	1	1
P4HTM	BLMH	1	1	1	1
P4HTM	CDKN1A	1	1	1	1
P4HTM	GADD45A	1	1	1	1
P4HTM	LYPLA1	1	1	1	1
P4HTM	OXCT1	1	1	1	1
P4HTM	RGS2	1	1	1	1
P4HTM	XPNPEP1	1	1	1	1
PACSIN3	ABCC5	1	1	1	1
PACSIN3	ABCF3	1	1	1	1
PACSIN3	ATP2C1	1	1	1	1
PACSIN3	CETN3	1	1	1	1
PACSIN3	CFLAR	1	1	1	1
PACSIN3	DDIT4	1	1	1	1
PACSIN3	EGFR	1	1	1	1
PACSIN3	FAM63A	1	1	1	1
PACSIN3	GSTZ1	1	1	1	1
PACSIN3	HADH	1	1	1	1
PACSIN3	MAP2K5	1	1	1	1
PACSIN3	NCOA3	1	1	1	1
PACSIN3	RFNG	1	1	1	1
PACSIN3	RNMT	1	1	1	1
PACSIN3	RRP1B	1	1	1	1
PACSIN3	STK10	1	1	1	1
PACSIN3	TMEM2	1	1	1	1
PACSIN3	TRAP1	1	1	1	1
PAF1	CAT	1	1	1	1
PAF1	CORO1A	1	1	1	1
PAF1	MAPKAPK3	1	1	1	1
PAF1	PLEKHM1	1	1	1	1
PAF1	SSBP2	1	1	1	1
PAF1	TRIM2	1	1	1	1
PAF1	TXNL4B	1	1	1	1
PAF1	VGLL4	1	1	1	1
PAFAH1B3	EGFR	1	1	1	1
PAFAH1B3	PECR	1	1	1	1
PAFAH1B3	POLG2	1	1	1	1
PAK4	CANT1	1	1	1	1
PAK4	CCNB2	1	1	1	1
PAK4	CHERP	1	1	1	1
PAK4	CLTB	1	1	1	1
PAK4	FBXL12	1	1	1	1
PAK4	LRPAP1	1	1	1	1
PAK4	NVL	1	1	1	1
PAK4	PHKA1	1	1	1	1
PAK4	PRCP	1	1	1	1
PAK4	RNPS1	1	1	1	1
PAK4	SPR	1	1	1	1
PAK4	TRAPPC3	1	1	1	1
PAK4	TSEN2	1	1	1	1
PAPD7	AMDHD2	1	1	1	1
PAPD7	H2AFV	1	1	1	1
PAPD7	SCP2	1	1	1	1
PARP2	MTFR1	1	1	1	1
PARP2	NRAS	1	1	1	1
PARP2	POLB	1	1	1	1
PARP2	TMCO1	1	1	1	1
PCCB	AGL	1	1	1	1
PCCB	CBR1	1	1	1	1
PCCB	COASY	1	1	1	1
PCCB	ELOVL6	1	1	1	1
PCCB	FAIM	1	1	1	1
PCCB	HN1L	1	1	1	1
PCCB	LGALS8	1	1	1	1
PCCB	METRN	1	1	1	1
PCCB	MSH6	1	1	1	1
PCCB	NUCB2	1	1	1	1
PCCB	NVL	1	1	1	1
PCCB	ORC1	1	1	1	1
PCCB	PCMT1	1	1	1	1
PCCB	PIP4K2B	1	1	1	1
PCCB	POLR1C	1	1	1	1
PCCB	PTPRF	1	1	1	1
PCCB	RAP1GAP	1	1	1	1
PCCB	SPTLC2	1	1	1	1
PCCB	THAP11	1	1	1	1
PCCB	UTP14A	1	1	1	1
PDHX	CNDP2	1	1	1	1
PDHX	GPR56	1	1	1	1
PDHX	IL4R	1	1	1	1
PDHX	KDM5A	1	1	1	1
PDHX	POLD4	1	1	1	1
PDHX	PRKCD	1	1	1	1
PDHX	PRPF4	1	1	1	1
PDHX	TBX2	1	1	1	1
PDHX	WIPF2	1	1	1	1
PDIA5	AKAP8	1	1	1	1
PDIA5	ARHGAP1	1	1	1	1
PDIA5	BNIP3	1	1	1	1
PDIA5	BUB1B	1	1	1	1
PDIA5	EVL	1	1	1	1
PDIA5	EXT1	1	1	1	1
PDIA5	GABPB1	1	1	1	1
PDIA5	HEATR1	1	1	1	1
PDIA5	HMGCR	1	1	1	1
PDIA5	KEAP1	1	1	1	1
PDIA5	MAPKAPK3	1	1	1	1
PDIA5	NOSIP	1	1	1	1
PDIA5	PIH1D1	1	1	1	1
PDIA5	SCCPDH	1	1	1	1
PDIA5	SLC25A46	1	1	1	1
PDIA5	SMC4	1	1	1	1
PDIA5	TIPARP	1	1	1	1
PDIA5	UBE3C	1	1	1	1
PDIA5	UBQLN2	1	1	1	1
PDLIM1	CDK1	1	1	1	1
PDLIM1	TMEM97	1	1	1	1
PDS5A	ACBD3	1	1	1	1
PDS5A	AGL	1	1	1	1
PDS5A	ARID5B	1	1	1	1
PDS5A	ATP6V0B	1	1	1	1
PDS5A	BUB1B	1	1	1	1
PDS5A	C2CD2L	1	1	1	1
PDS5A	DNAJA3	1	1	1	1
PDS5A	DUSP11	1	1	1	1
PDS5A	FOXJ3	1	1	1	1
PDS5A	GATA2	1	1	1	1
PDS5A	GSTZ1	1	1	1	1
PDS5A	IL13RA1	1	1	1	1
PDS5A	KDELR2	1	1	1	1
PDS5A	KIAA1279	1	1	1	1
PDS5A	LBR	1	1	1	1
PDS5A	LPAR2	1	1	1	1
PDS5A	NARFL	1	1	1	1
PDS5A	NIPSNAP1	1	1	1	1
PDS5A	PCCB	1	1	1	1
PDS5A	SCYL3	1	1	1	1
PDS5A	STX4	1	1	1	1
PDS5A	SUPV3L1	1	1	1	1
PDS5A	TRIM2	1	1	1	1
PDS5A	ZMYM2	1	1	1	1
PGRMC1	PRKCD	1	1	1	1
PGRMC1	ZNF395	1	1	1	1
PHKB	TMEM97	1	1	1	1
PHKG2	CHIC2	1	1	1	1
PHKG2	DDIT4	1	1	1	1
PHKG2	FOXJ3	1	1	1	1
PHKG2	GPC1	1	1	1	1
PHKG2	INPP1	1	1	1	1
PHKG2	LBR	1	1	1	1
PHKG2	MBTPS1	1	1	1	1
PHKG2	PXN	1	1	1	1
PHKG2	SMC3	1	1	1	1
PHKG2	TLE1	1	1	1	1
PHKG2	TMED10	1	1	1	1
PHKG2	UBE3B	1	1	1	1
PIGB	NVL	1	1	1	1
PIH1D1	ACBD3	1	1	1	1
PIH1D1	COPB2	1	1	1	1
PIH1D1	LGMN	1	1	1	1
PIH1D1	REEP5	1	1	1	1
PIH1D1	ZNF586	1	1	1	1
PIK3C2B	ADAT1	1	1	1	1
PIK3C2B	ASCC3	1	1	1	1
PIK3C2B	BCL2	1	1	1	1
PIK3C2B	CENPE	1	1	1	1
PIK3C2B	CETN3	1	1	1	1
PIK3C2B	CTTN	1	1	1	1
PIK3C2B	DUSP22	1	1	1	1
PIK3C2B	HOOK2	1	1	1	1
PIK3C2B	KIAA0100	1	1	1	1
PIK3C2B	MSH6	1	1	1	1
PIK3C2B	NARFL	1	1	1	1
PIK3C2B	NRAS	1	1	1	1
PIK3C2B	PTPRF	1	1	1	1
PIN1	GLOD4	1	1	1	1
PIN1	MTA1	1	1	1	1
PIN1	NVL	1	1	1	1
PLOD3	ABCF3	1	1	1	1
PLOD3	ABL1	1	1	1	1
PLOD3	ACBD3	1	1	1	1
PLOD3	ADAT1	1	1	1	1
PLOD3	ADH5	1	1	1	1
PLOD3	ANXA7	1	1	1	1
PLOD3	ARHGAP1	1	1	1	1
PLOD3	ARID5B	1	1	1	1
PLOD3	ATP11B	1	1	1	1
PLOD3	ATP1B1	1	1	1	1
PLOD3	ATP6V0B	1	1	1	1
PLOD3	B3GNT1	1	1	1	1
PLOD3	BAD	1	1	1	1
PLOD3	BCL7B	1	1	1	1
PLOD3	BECN1	1	1	1	1
PLOD3	BHLHE40	1	1	1	1
PLOD3	CASK	1	1	1	1
PLOD3	CCNF	1	1	1	1
PLOD3	CDCA4	1	1	1	1
PLOD3	CDH3	1	1	1	1
PLOD3	CDKN1A	1	1	1	1
PLOD3	CEBPD	1	1	1	1
PLOD3	CGRRF1	1	1	1	1
PLOD3	CHAC1	1	1	1	1
PLOD3	CHERP	1	1	1	1
PLOD3	CHMP6	1	1	1	1
PLOD3	CISD1	1	1	1	1
PLOD3	CNOT4	1	1	1	1
PLOD3	COG2	1	1	1	1
PLOD3	CREB1	1	1	1	1
PLOD3	CSRP1	1	1	1	1
PLOD3	CTTN	1	1	1	1
PLOD3	CYB561	1	1	1	1
PLOD3	DECR1	1	1	1	1
PLOD3	DERA	1	1	1	1
PLOD3	DHDDS	1	1	1	1
PLOD3	DNM1	1	1	1	1
PLOD3	DNTTIP2	1	1	1	1
PLOD3	DUSP22	1	1	1	1
PLOD3	EBNA1BP2	1	1	1	1
PLOD3	EBP	1	1	1	1
PLOD3	ECH1	1	1	1	1
PLOD3	ETFB	1	1	1	1
PLOD3	FAIM	1	1	1	1
PLOD3	FAM63A	1	1	1	1
PLOD3	FAM69A	1	1	1	1
PLOD3	FASTKD5	1	1	1	1
PLOD3	FAT1	1	1	1	1
PLOD3	FCHO1	1	1	1	1
PLOD3	FKBP4	1	1	1	1
PLOD3	GABPB1	1	1	1	1
PLOD3	GADD45A	1	1	1	1
PLOD3	GALE	1	1	1	1
PLOD3	GAPDH	1	1	1	1
PLOD3	GNAS	1	1	1	1
PLOD3	GOLT1B	1	1	1	1
PLOD3	GPATCH8	1	1	1	1
PLOD3	GPC1	1	1	1	1
PLOD3	GRN	1	1	1	1
PLOD3	GRWD1	1	1	1	1
PLOD3	GSTZ1	1	1	1	1
PLOD3	GTF2A2	1	1	1	1
PLOD3	GTPBP8	1	1	1	1
PLOD3	H2AFV	1	1	1	1
PLOD3	HDAC2	1	1	1	1
PLOD3	HDAC6	1	1	1	1
PLOD3	HEBP1	1	1	1	1
PLOD3	HERC6	1	1	1	1
PLOD3	HOXA10	1	1	1	1
PLOD3	HOXA5	1	1	1	1
PLOD3	HS2ST1	1	1	1	1
PLOD3	HTRA1	1	1	1	1
PLOD3	ICMT	1	1	1	1
PLOD3	IER3	1	1	1	1
PLOD3	IFRD2	1	1	1	1
PLOD3	IGHMBP2	1	1	1	1
PLOD3	IL13RA1	1	1	1	1
PLOD3	IL4R	1	1	1	1
PLOD3	INPP1	1	1	1	1
PLOD3	ITFG1	1	1	1	1
PLOD3	ITGB1BP1	1	1	1	1
PLOD3	KAT6B	1	1	1	1
PLOD3	KDM5A	1	1	1	1
PLOD3	KEAP1	1	1	1	1
PLOD3	KIAA1033	1	1	1	1
PLOD3	KIF5C	1	1	1	1
PLOD3	KIT	1	1	1	1
PLOD3	KLHDC2	1	1	1	1
PLOD3	KTN1	1	1	1	1
PLOD3	LAGE3	1	1	1	1
PLOD3	LBR	1	1	1	1
PLOD3	LIG1	1	1	1	1
PLOD3	LIPA	1	1	1	1
PLOD3	LPAR2	1	1	1	1
PLOD3	LRRC16A	1	1	1	1
PLOD3	LSR	1	1	1	1
PLOD3	MALT1	1	1	1	1
PLOD3	MAMLD1	1	1	1	1
PLOD3	MAPK13	1	1	1	1
PLOD3	MAPK9	1	1	1	1
PLOD3	MAPKAPK3	1	1	1	1
PLOD3	MBTPS1	1	1	1	1
PLOD3	MCM3	1	1	1	1
PLOD3	MCOLN1	1	1	1	1
PLOD3	MEST	1	1	1	1
PLOD3	MPZL1	1	1	1	1
PLOD3	MRPL19	1	1	1	1
PLOD3	MSRA	1	1	1	1
PLOD3	MTHFD2	1	1	1	1
PLOD3	MYCBP2	1	1	1	1
PLOD3	MYO10	1	1	1	1
PLOD3	NIPSNAP1	1	1	1	1
PLOD3	NISCH	1	1	1	1
PLOD3	NOLC1	1	1	1	1
PLOD3	NPC1	1	1	1	1
PLOD3	NUP88	1	1	1	1
PLOD3	NUP93	1	1	1	1
PLOD3	OXA1L	1	1	1	1
PLOD3	P4HA2	1	1	1	1
PLOD3	PAN2	1	1	1	1
PLOD3	PCCB	1	1	1	1
PLOD3	PCK2	1	1	1	1
PLOD3	PCM1	1	1	1	1
PLOD3	PCMT1	1	1	1	1
PLOD3	PDLIM1	1	1	1	1
PLOD3	PEX11A	1	1	1	1
PLOD3	PHKA1	1	1	1	1
PLOD3	POLD4	1	1	1	1
PLOD3	POLR2I	1	1	1	1
PLOD3	POP4	1	1	1	1
PLOD3	PPOX	1	1	1	1
PLOD3	PRAF2	1	1	1	1
PLOD3	PRSS23	1	1	1	1
PLOD3	PSIP1	1	1	1	1
PLOD3	PTK2	1	1	1	1
PLOD3	PTPN12	1	1	1	1
PLOD3	PWP1	1	1	1	1
PLOD3	PYCR1	1	1	1	1
PLOD3	RAB31	1	1	1	1
PLOD3	RBM15B	1	1	1	1
PLOD3	RFNG	1	1	1	1
PLOD3	RGS2	1	1	1	1
PLOD3	RNF167	1	1	1	1
PLOD3	RNH1	1	1	1	1
PLOD3	RPA2	1	1	1	1
PLOD3	RPN1	1	1	1	1
PLOD3	RPP38	1	1	1	1
PLOD3	RRS1	1	1	1	1
PLOD3	RTN2	1	1	1	1
PLOD3	SENP6	1	1	1	1
PLOD3	SLC11A2	1	1	1	1
PLOD3	SLC1A4	1	1	1	1
PLOD3	SLC25A4	1	1	1	1
PLOD3	SLC35A1	1	1	1	1
PLOD3	SLC5A6	1	1	1	1
PLOD3	SMC3	1	1	1	1
PLOD3	SMC4	1	1	1	1
PLOD3	SNX7	1	1	1	1
PLOD3	SORBS3	1	1	1	1
PLOD3	SPEN	1	1	1	1
PLOD3	SPR	1	1	1	1
PLOD3	SPRED2	1	1	1	1
PLOD3	ST6GALNAC2	1	1	1	1
PLOD3	STAMBP	1	1	1	1
PLOD3	STXBP2	1	1	1	1
PLOD3	SYNGR3	1	1	1	1
PLOD3	SYPL1	1	1	1	1
PLOD3	TARBP1	1	1	1	1
PLOD3	TBPL1	1	1	1	1
PLOD3	TESK1	1	1	1	1
PLOD3	TFAP2A	1	1	1	1
PLOD3	THAP11	1	1	1	1
PLOD3	TIAM1	1	1	1	1
PLOD3	TIMELESS	1	1	1	1
PLOD3	TIMM9	1	1	1	1
PLOD3	TM9SF2	1	1	1	1
PLOD3	TM9SF3	1	1	1	1
PLOD3	TOP2A	1	1	1	1
PLOD3	TP53BP2	1	1	1	1
PLOD3	TRAK2	1	1	1	1
PLOD3	TRAP1	1	1	1	1
PLOD3	TRIB1	1	1	1	1
PLOD3	TRIM2	1	1	1	1
PLOD3	TSPAN3	1	1	1	1
PLOD3	TSPAN4	1	1	1	1
PLOD3	TXLNA	1	1	1	1
PLOD3	TXNL4B	1	1	1	1
PLOD3	TXNRD1	1	1	1	1
PLOD3	UGDH	1	1	1	1
PLOD3	USP14	1	1	1	1
PLOD3	USP6NL	1	1	1	1
PLOD3	VAPB	1	1	1	1
PLOD3	VGLL4	1	1	1	1
PLOD3	VPS28	1	1	1	1
PLOD3	WASF3	1	1	1	1
PLOD3	WFS1	1	1	1	1
PLOD3	WIPF2	1	1	1	1
PLOD3	ZNF395	1	1	1	1
PLOD3	ZNF451	1	1	1	1
PLP2	ATP1B1	1	1	1	1
PLP2	CANT1	1	1	1	1
PLP2	CEP57	1	1	1	1
PLP2	CTSD	1	1	1	1
PLP2	LAGE3	1	1	1	1
PLP2	MTHFD2	1	1	1	1
PLP2	NOLC1	1	1	1	1
PLP2	PDHX	1	1	1	1
PLP2	PUF60	1	1	1	1
PLP2	RFC5	1	1	1	1
PLP2	SCCPDH	1	1	1	1
PLP2	TPM1	1	1	1	1
PLP2	ZNF395	1	1	1	1
PLS1	STAP2	1	1	1	1
PLSCR1	ABCF3	1	1	1	1
PLSCR1	CBR1	1	1	1	1
PLSCR1	CIAPIN1	1	1	1	1
PLSCR1	DDIT4	1	1	1	1
PLSCR1	DDX42	1	1	1	1
PLSCR1	DERA	1	1	1	1
PLSCR1	GADD45A	1	1	1	1
PLSCR1	H2AFV	1	1	1	1
PLSCR1	HERC6	1	1	1	1
PLSCR1	ID2	1	1	1	1
PLSCR1	KEAP1	1	1	1	1
PLSCR1	NRAS	1	1	1	1
PLSCR1	NUCB2	1	1	1	1
PLSCR1	PAF1	1	1	1	1
PLSCR1	PAPD7	1	1	1	1
PLSCR1	PRCP	1	1	1	1
PLSCR1	SFN	1	1	1	1
PLSCR1	SQRDL	1	1	1	1
PLSCR1	TIMM9	1	1	1	1
PLSCR1	TSC22D3	1	1	1	1
PLSCR1	VAV3	1	1	1	1
PLSCR1	ZFP36	1	1	1	1
PMAIP1	ADH5	1	1	1	1
PMAIP1	AMDHD2	1	1	1	1
PMAIP1	BLMH	1	1	1	1
PMAIP1	BNIP3	1	1	1	1
PMAIP1	EGFR	1	1	1	1
PMAIP1	ENOSF1	1	1	1	1
PMAIP1	FKBP4	1	1	1	1
PMAIP1	IL4R	1	1	1	1
PMAIP1	KTN1	1	1	1	1
PMAIP1	LBR	1	1	1	1
PMAIP1	MRPS16	1	1	1	1
PMAIP1	MTA1	1	1	1	1
PMAIP1	PECR	1	1	1	1
PMAIP1	PIK3C2B	1	1	1	1
PMAIP1	POLB	1	1	1	1
PMAIP1	POLG2	1	1	1	1
PMAIP1	SMAD3	1	1	1	1
PMAIP1	SMC4	1	1	1	1
PMAIP1	STK10	1	1	1	1
PMAIP1	UBE2A	1	1	1	1
PMM2	JMJD6	1	1	1	1
PMM2	PRAF2	1	1	1	1
PMM2	PYGL	1	1	1	1
PMM2	RUVBL1	1	1	1	1
PMM2	SMARCC1	1	1	1	1
PMM2	TMEM2	1	1	1	1
PNP	BAD	1	1	1	1
PNP	BLCAP	1	1	1	1
PNP	CRKL	1	1	1	1
PNP	CRYZ	1	1	1	1
PNP	CSK	1	1	1	1
PNP	CXCR4	1	1	1	1
PNP	DDX42	1	1	1	1
PNP	ELAC2	1	1	1	1
PNP	GRWD1	1	1	1	1
PNP	HEATR1	1	1	1	1
PNP	MCOLN1	1	1	1	1
PNP	RRP12	1	1	1	1
PNP	SLC35F2	1	1	1	1
PNP	SYNGR3	1	1	1	1
PNP	TMEM97	1	1	1	1
PNP	TSPAN6	1	1	1	1
POLB	ASCC3	1	1	1	1
POLB	CAB39	1	1	1	1
POLB	CDC45	1	1	1	1
POLB	CRKL	1	1	1	1
POLB	DDB2	1	1	1	1
POLB	DERA	1	1	1	1
POLB	EML3	1	1	1	1
POLB	GAPDH	1	1	1	1
POLB	IL13RA1	1	1	1	1
POLB	KIAA1033	1	1	1	1
POLB	MYCBP	1	1	1	1
POLB	NUDCD3	1	1	1	1
POLB	PGM1	1	1	1	1
POLB	PIH1D1	1	1	1	1
POLB	PRAF2	1	1	1	1
POLB	PRR15L	1	1	1	1
POLB	SMARCD2	1	1	1	1
POLB	SMC3	1	1	1	1
POLB	TSPAN3	1	1	1	1
POLB	UBE2J1	1	1	1	1
POLB	UFM1	1	1	1	1
POLB	ZDHHC6	1	1	1	1
POLG2	ATP5S	1	1	1	1
POLG2	CALU	1	1	1	1
POLG2	CHAC1	1	1	1	1
POLG2	GNPDA1	1	1	1	1
POLG2	GOLT1B	1	1	1	1
POLG2	HEATR1	1	1	1	1
POLG2	INTS3	1	1	1	1
POLG2	LBR	1	1	1	1
POLG2	PACSIN3	1	1	1	1
POLG2	RGS2	1	1	1	1
POLG2	SSBP2	1	1	1	1
POLR1C	COG4	1	1	1	1
POLR2K	ATMIN	1	1	1	1
POLR2K	GDPD5	1	1	1	1
POLR2K	MAPK9	1	1	1	1
POLR2K	RNMT	1	1	1	1
POLR2K	TRIM2	1	1	1	1
POP4	BAD	1	1	1	1
POP4	CENPE	1	1	1	1
POP4	DNMT1	1	1	1	1
POP4	GFOD1	1	1	1	1
POP4	MEST	1	1	1	1
POP4	TMEM2	1	1	1	1
POP4	ZNF318	1	1	1	1
PPIE	POLG2	1	1	1	1
PPOX	ADAM10	1	1	1	1
PPOX	STUB1	1	1	1	1
PPP2R5A	AURKA	1	1	1	1
PPP2R5A	BIRC5	1	1	1	1
PPP2R5A	CREG1	1	1	1	1
PPP2R5A	DNAJB2	1	1	1	1
PPP2R5A	ICMT	1	1	1	1
PPP2R5A	KAT6B	1	1	1	1
PPP2R5A	LIG1	1	1	1	1
PPP2R5A	PARP2	1	1	1	1
PPP2R5A	TMED10	1	1	1	1
PPP2R5A	TMEM97	1	1	1	1
PRCP	ABL1	1	1	1	1
PRCP	ANKRD10	1	1	1	1
PRCP	FAM69A	1	1	1	1
PRCP	MAP7	1	1	1	1
PRCP	NUCB2	1	1	1	1
PRCP	RAB31	1	1	1	1
PRCP	TNFRSF21	1	1	1	1
PRKCD	DNAJB6	1	1	1	1
PRKCD	TBXA2R	1	1	1	1
PRKCD	TMEM2	1	1	1	1
PRR15L	FBXO7	1	1	1	1
PRR15L	PACSIN3	1	1	1	1
PRSS23	ACD	1	1	1	1
PRSS23	CLSTN1	1	1	1	1
PRSS23	FASTKD5	1	1	1	1
PRSS23	RNH1	1	1	1	1
PRSS23	ZNF131	1	1	1	1
PRUNE	ABCF3	1	1	1	1
PRUNE	PRSS23	1	1	1	1
PRUNE	TIMELESS	1	1	1	1
PSMD10	BCL7B	1	1	1	1
PSMD10	BUB1B	1	1	1	1
PSMD10	CAB39	1	1	1	1
PSMD10	CFLAR	1	1	1	1
PSMD10	CLPX	1	1	1	1
PSMD10	DCTD	1	1	1	1
PSMD10	DCUN1D4	1	1	1	1
PSMD10	FAM57A	1	1	1	1
PSMD10	GRWD1	1	1	1	1
PSMD10	ITGAE	1	1	1	1
PSMD10	SCP2	1	1	1	1
PSMD10	SPAG4	1	1	1	1
PSMD10	TIMM17B	1	1	1	1
PSMD10	UBE2J1	1	1	1	1
PSMD10	UBR7	1	1	1	1
PSMD10	WFS1	1	1	1	1
PSRC1	CNOT4	1	1	1	1
PSRC1	GAPDH	1	1	1	1
PSRC1	HAT1	1	1	1	1
PSRC1	NCOA3	1	1	1	1
PSRC1	PAFAH1B1	1	1	1	1
PSRC1	RRAGA	1	1	1	1
PTPLAD1	ANO10	1	1	1	1
PTPLAD1	DSG2	1	1	1	1
PTPLAD1	GABPB1	1	1	1	1
PTPLAD1	MLLT11	1	1	1	1
PTPLAD1	PDS5A	1	1	1	1
PTPLAD1	PRSS23	1	1	1	1
PTPLAD1	SQRDL	1	1	1	1
PTPLAD1	ST3GAL5	1	1	1	1
PTPLAD1	TOMM34	1	1	1	1
PTPN1	ADI1	1	1	1	1
PTPN1	AGL	1	1	1	1
PTPN1	AURKA	1	1	1	1
PTPN1	CAB39	1	1	1	1
PTPN1	CBR3	1	1	1	1
PTPN1	CD44	1	1	1	1
PTPN1	EPB41L2	1	1	1	1
PTPN1	FDFT1	1	1	1	1
PTPN1	H2AFV	1	1	1	1
PTPN1	HES1	1	1	1	1
PTPN1	HSD17B11	1	1	1	1
PTPN1	IKBKAP	1	1	1	1
PTPN1	KDM5A	1	1	1	1
PTPN1	LIPA	1	1	1	1
PTPN1	NIT1	1	1	1	1
PTPN1	ORC1	1	1	1	1
PTPN1	PIN1	1	1	1	1
PTPN1	SLC1A4	1	1	1	1
PTPN1	STAT1	1	1	1	1
PTPN12	MRPS2	1	1	1	1
PTPN12	SPAG4	1	1	1	1
PTPN12	TXLNA	1	1	1	1
PTPRF	FAM57A	1	1	1	1
PUF60	CHN1	1	1	1	1
PUF60	FAM63A	1	1	1	1
PUF60	HEATR1	1	1	1	1
PUF60	LRP10	1	1	1	1
PUF60	NR2F6	1	1	1	1
PUF60	PUF60	1	1	1	1
PUF60	SYNE2	1	1	1	1
PUF60	ZNF395	1	1	1	1
PWP1	TARBP1	1	1	1	1
PWP1	TIMM22	1	1	1	1
PXN	SMC4	1	1	1	1
PXN	STAP2	1	1	1	1
PYCR1	PCMT1	1	1	1	1
PYGL	AKAP8	1	1	1	1
PYGL	EML3	1	1	1	1
PYGL	WRB	1	1	1	1
RAB11FIP2	ABCF3	1	1	1	1
RAB11FIP2	ADO	1	1	1	1
RAB11FIP2	BLMH	1	1	1	1
RAB11FIP2	CDCA4	1	1	1	1
RAB11FIP2	CSRP1	1	1	1	1
RAB11FIP2	DYRK3	1	1	1	1
RAB11FIP2	ELAC2	1	1	1	1
RAB11FIP2	ENOSF1	1	1	1	1
RAB11FIP2	KIF5C	1	1	1	1
RAB11FIP2	MBOAT7	1	1	1	1
RAB11FIP2	MTFR1	1	1	1	1
RAB11FIP2	NVL	1	1	1	1
RAB11FIP2	P4HA2	1	1	1	1
RAB11FIP2	PIP4K2B	1	1	1	1
RAB11FIP2	PKIG	1	1	1	1
RAB11FIP2	SCCPDH	1	1	1	1
RAB11FIP2	SLC37A4	1	1	1	1
RAB11FIP2	SOCS2	1	1	1	1
RAB11FIP2	TIMM9	1	1	1	1
RAB11FIP2	TXNL4B	1	1	1	1
RAB11FIP2	VAPB	1	1	1	1
RAB11FIP2	ZNF451	1	1	1	1
RAB21	CERK	1	1	1	1
RAB21	PDIA5	1	1	1	1
RAB21	SYNGR3	1	1	1	1
RAB27A	DUSP11	1	1	1	1
RAB4A	CAB39	1	1	1	1
RAB4A	GADD45B	1	1	1	1
RAB4A	HIST2H2BE	1	1	1	1
RAB4A	MTFR1	1	1	1	1
RAB4A	PTPN1	1	1	1	1
RAB4A	PTPN12	1	1	1	1
RAB4A	SPAG4	1	1	1	1
RAB4A	STX4	1	1	1	1
RAB4A	TOMM34	1	1	1	1
RAB4A	ZFP36	1	1	1	1
RAD51C	ATP6V1D	1	1	1	1
RAD51C	CCDC85B	1	1	1	1
RAD51C	CGRRF1	1	1	1	1
RAD51C	CXCR4	1	1	1	1
RAD51C	DNTTIP2	1	1	1	1
RAD51C	EPRS	1	1	1	1
RAD51C	PHKA1	1	1	1	1
RAD51C	PPP2R3C	1	1	1	1
RAD51C	PRR15L	1	1	1	1
RAD9A	ADAM10	1	1	1	1
RAD9A	DNM1	1	1	1	1
RAD9A	ETFB	1	1	1	1
RAD9A	ZNF589	1	1	1	1
RAE1	ADI1	1	1	1	1
RAE1	B3GNT1	1	1	1	1
RAE1	CFLAR	1	1	1	1
RAE1	ENOPH1	1	1	1	1
RAE1	EPN2	1	1	1	1
RAE1	EVL	1	1	1	1
RAE1	FDFT1	1	1	1	1
RAE1	GOLT1B	1	1	1	1
RAE1	GRN	1	1	1	1
RAE1	HK1	1	1	1	1
RAE1	KIF20A	1	1	1	1
RAE1	PIH1D1	1	1	1	1
RAE1	PRKACA	1	1	1	1
RAE1	RAE1	1	1	1	1
RAE1	SOX4	1	1	1	1
RAE1	SYNGR3	1	1	1	1
RAE1	TRAP1	1	1	1	1
RAE1	TSPAN3	1	1	1	1
RAE1	TXLNA	1	1	1	1
RAE1	USP14	1	1	1	1
RAE1	XPNPEP1	1	1	1	1
RAI14	BUB1B	1	1	1	1
RAI14	NSDHL	1	1	1	1
RAI14	RRP8	1	1	1	1
RAI14	SLC25A46	1	1	1	1
RBM15B	ARHGEF2	1	1	1	1
RBM15B	BNIP3	1	1	1	1
RBM15B	OXSR1	1	1	1	1
RBM15B	PIP4K2B	1	1	1	1
RBM15B	PTK2	1	1	1	1
RBM15B	SH3BP5	1	1	1	1
RBM15B	ZNF131	1	1	1	1
REEP5	DNAJC15	1	1	1	1
RFC2	EBP	1	1	1	1
RFC2	PAX8	1	1	1	1
RGS2	BACE2	1	1	1	1
RGS2	EDEM1	1	1	1	1
RGS2	FAM57A	1	1	1	1
RGS2	FBXO21	1	1	1	1
RGS2	MLEC	1	1	1	1
RGS2	RAB11FIP2	1	1	1	1
RGS2	RFC5	1	1	1	1
RGS2	SLC25A46	1	1	1	1
RGS2	SLC35B1	1	1	1	1
RGS2	SPDEF	1	1	1	1
RGS2	STXBP2	1	1	1	1
RGS2	TXNL4B	1	1	1	1
RGS2	USP1	1	1	1	1
RNF167	CERK	1	1	1	1
RNF167	GPC1	1	1	1	1
RNF167	PDLIM1	1	1	1	1
RNH1	CAPN1	1	1	1	1
RNH1	CCDC86	1	1	1	1
RNH1	EML3	1	1	1	1
RNH1	FAS	1	1	1	1
RNH1	FOXJ3	1	1	1	1
RNH1	HK1	1	1	1	1
RNH1	LGALS8	1	1	1	1
RNH1	LOXL1	1	1	1	1
RNH1	MAPK9	1	1	1	1
RNH1	NFE2L2	1	1	1	1
RNH1	PNP	1	1	1	1
RNH1	STAT1	1	1	1	1
RNH1	TCFL5	1	1	1	1
RNH1	TWF2	1	1	1	1
RNH1	VAT1	1	1	1	1
RNPS1	CDC45	1	1	1	1
RNPS1	ISOC1	1	1	1	1
RPIA	ADI1	1	1	1	1
RPIA	ASCC3	1	1	1	1
RPIA	C2CD2L	1	1	1	1
RPIA	CALU	1	1	1	1
RPIA	CD320	1	1	1	1
RPIA	CD44	1	1	1	1
RPIA	CEP57	1	1	1	1
RPIA	CHEK2	1	1	1	1
RPIA	CLPX	1	1	1	1
RPIA	CSNK2A2	1	1	1	1
RPIA	DENND2D	1	1	1	1
RPIA	EAPP	1	1	1	1
RPIA	EGFR	1	1	1	1
RPIA	ELAC2	1	1	1	1
RPIA	FAH	1	1	1	1
RPIA	FCHO1	1	1	1	1
RPIA	GABPB1	1	1	1	1
RPIA	GADD45B	1	1	1	1
RPIA	GTPBP8	1	1	1	1
RPIA	HPRT1	1	1	1	1
RPIA	IER3	1	1	1	1
RPIA	IKBKAP	1	1	1	1
RPIA	IL4R	1	1	1	1
RPIA	KCNK1	1	1	1	1
RPIA	KIAA0196	1	1	1	1
RPIA	KIF5C	1	1	1	1
RPIA	LIG1	1	1	1	1
RPIA	MBOAT7	1	1	1	1
RPIA	METRN	1	1	1	1
RPIA	NOSIP	1	1	1	1
RPIA	NPC1	1	1	1	1
RPIA	NUCB2	1	1	1	1
RPIA	PAFAH1B3	1	1	1	1
RPIA	PDHX	1	1	1	1
RPIA	PPOX	1	1	1	1
RPIA	PRR15L	1	1	1	1
RPIA	PRSS23	1	1	1	1
RPIA	PUF60	1	1	1	1
RPIA	RRS1	1	1	1	1
RPIA	RSU1	1	1	1	1
RPIA	SLC11A2	1	1	1	1
RPIA	SLC27A3	1	1	1	1
RPIA	SPDEF	1	1	1	1
RPIA	SPRED2	1	1	1	1
RPIA	ST6GALNAC2	1	1	1	1
RPIA	STAP2	1	1	1	1
RPIA	STAT1	1	1	1	1
RPIA	STX4	1	1	1	1
RPIA	SYNGR3	1	1	1	1
RPIA	TCFL5	1	1	1	1
RPIA	TCTN1	1	1	1	1
RPIA	TES	1	1	1	1
RPIA	TIMM22	1	1	1	1
RPIA	TM9SF3	1	1	1	1
RPIA	TRAM2	1	1	1	1
RPIA	TRIB1	1	1	1	1
RPIA	TSPAN4	1	1	1	1
RPIA	ZFP36	1	1	1	1
RPL39L	HDAC2	1	1	1	1
RPN1	BAMBI	1	1	1	1
RPN1	HERC6	1	1	1	1
RPP38	CCDC86	1	1	1	1
RPP38	EML3	1	1	1	1
RPP38	PTPN12	1	1	1	1
RRAGA	ACBD3	1	1	1	1
RRAGA	CBR1	1	1	1	1
RRAGA	DDX42	1	1	1	1
RRAGA	FCHO1	1	1	1	1
RRAGA	GPC1	1	1	1	1
RRAGA	KAT6A	1	1	1	1
RRAGA	KIAA1033	1	1	1	1
RRAGA	SLC35A1	1	1	1	1
RRAGA	STX4	1	1	1	1
RRAGA	TIPARP	1	1	1	1
RRAGA	VAT1	1	1	1	1
RRP12	SCCPDH	1	1	1	1
RRP1B	CDC45	1	1	1	1
RRP1B	MAN2B1	1	1	1	1
RRP8	GABPB1	1	1	1	1
RRP8	TCTA	1	1	1	1
RRS1	PAX8	1	1	1	1
RSU1	DHX29	1	1	1	1
RSU1	KIAA1033	1	1	1	1
RSU1	TCEA2	1	1	1	1
RTN2	AGL	1	1	1	1
RTN2	CD320	1	1	1	1
RTN2	DNAJC15	1	1	1	1
RTN2	DNM1	1	1	1	1
RTN2	EVL	1	1	1	1
RTN2	POLD4	1	1	1	1
RTN2	SLC1A4	1	1	1	1
RTN2	YKT6	1	1	1	1
RUVBL1	ATP5S	1	1	1	1
RUVBL1	EPRS	1	1	1	1
RUVBL1	FKBP4	1	1	1	1
RUVBL1	GTF2A2	1	1	1	1
RUVBL1	MTHFD2	1	1	1	1
RUVBL1	TJP1	1	1	1	1
SACM1L	CLTB	1	1	1	1
SACM1L	TRIM13	1	1	1	1
SACM1L	VGLL4	1	1	1	1
SCAND1	KIAA0753	1	1	1	1
SCAND1	TIMELESS	1	1	1	1
SCAND1	TXLNA	1	1	1	1
SCARB1	ARHGEF2	1	1	1	1
SCARB1	ERBB2	1	1	1	1
SCARB1	RSU1	1	1	1	1
SCCPDH	AMDHD2	1	1	1	1
SCCPDH	C2CD2L	1	1	1	1
SCCPDH	ENOSF1	1	1	1	1
SCCPDH	PIK3C2B	1	1	1	1
SCCPDH	TIMM9	1	1	1	1
SCP2	PCMT1	1	1	1	1
SCP2	TPD52L2	1	1	1	1
SCRN1	ATG3	1	1	1	1
SCRN1	ATP5S	1	1	1	1
SCRN1	DHX29	1	1	1	1
SCRN1	EPRS	1	1	1	1
SCRN1	FBXO21	1	1	1	1
SCRN1	GLRX	1	1	1	1
SCRN1	HDAC6	1	1	1	1
SCRN1	HN1L	1	1	1	1
SCRN1	KAT6B	1	1	1	1
SCRN1	KIAA0753	1	1	1	1
SCRN1	MYC	1	1	1	1
SCRN1	PYGL	1	1	1	1
SCRN1	RAE1	1	1	1	1
SCRN1	RAI14	1	1	1	1
SCRN1	STAP2	1	1	1	1
SCRN1	TRIM13	1	1	1	1
SCRN1	TXNL4B	1	1	1	1
SCRN1	UBE2C	1	1	1	1
SCRN1	YME1L1	1	1	1	1
SCYL3	AARS	1	1	1	1
SCYL3	ABCF3	1	1	1	1
SCYL3	ACD	1	1	1	1
SCYL3	ARHGEF2	1	1	1	1
SCYL3	ARL4C	1	1	1	1
SCYL3	ATG3	1	1	1	1
SCYL3	BECN1	1	1	1	1
SCYL3	BZW2	1	1	1	1
SCYL3	C2CD2	1	1	1	1
SCYL3	CALU	1	1	1	1
SCYL3	CAPN1	1	1	1	1
SCYL3	CCDC85B	1	1	1	1
SCYL3	CCDC86	1	1	1	1
SCYL3	CCNF	1	1	1	1
SCYL3	CDCA4	1	1	1	1
SCYL3	CDK1	1	1	1	1
SCYL3	CLSTN1	1	1	1	1
SCYL3	DDR1	1	1	1	1
SCYL3	DECR1	1	1	1	1
SCYL3	DHRS7	1	1	1	1
SCYL3	DLD	1	1	1	1
SCYL3	DNAJC15	1	1	1	1
SCYL3	DYNLT3	1	1	1	1
SCYL3	EDEM1	1	1	1	1
SCYL3	FKBP14	1	1	1	1
SCYL3	FSD1	1	1	1	1
SCYL3	GNA11	1	1	1	1
SCYL3	GNB5	1	1	1	1
SCYL3	GPATCH8	1	1	1	1
SCYL3	GPR56	1	1	1	1
SCYL3	HMG20B	1	1	1	1
SCYL3	IARS2	1	1	1	1
SCYL3	IER3	1	1	1	1
SCYL3	IGF1R	1	1	1	1
SCYL3	IKBKE	1	1	1	1
SCYL3	ISOC1	1	1	1	1
SCYL3	KAT6A	1	1	1	1
SCYL3	KDM5A	1	1	1	1
SCYL3	KIAA0907	1	1	1	1
SCYL3	LAGE3	1	1	1	1
SCYL3	LIG1	1	1	1	1
SCYL3	LIPA	1	1	1	1
SCYL3	LRPAP1	1	1	1	1
SCYL3	LSR	1	1	1	1
SCYL3	LYPLA1	1	1	1	1
SCYL3	MAP3K4	1	1	1	1
SCYL3	MAP7	1	1	1	1
SCYL3	MLLT11	1	1	1	1
SCYL3	MTF2	1	1	1	1
SCYL3	MTFR1	1	1	1	1
SCYL3	MTHFD2	1	1	1	1
SCYL3	MYC	1	1	1	1
SCYL3	NET1	1	1	1	1
SCYL3	P4HTM	1	1	1	1
SCYL3	PAF1	1	1	1	1
SCYL3	PAFAH1B3	1	1	1	1
SCYL3	PIN1	1	1	1	1
SCYL3	PIP4K2B	1	1	1	1
SCYL3	PLSCR1	1	1	1	1
SCYL3	PPIE	1	1	1	1
SCYL3	PSIP1	1	1	1	1
SCYL3	PTPLAD1	1	1	1	1
SCYL3	PTPRK	1	1	1	1
SCYL3	RAB11FIP2	1	1	1	1
SCYL3	RAE1	1	1	1	1
SCYL3	RAI14	1	1	1	1
SCYL3	RBM6	1	1	1	1
SCYL3	RELB	1	1	1	1
SCYL3	RFC5	1	1	1	1
SCYL3	RPA1	1	1	1	1
SCYL3	RPA3	1	1	1	1
SCYL3	RPS6KA1	1	1	1	1
SCYL3	RSU1	1	1	1	1
SCYL3	SCARB1	1	1	1	1
SCYL3	SCP2	1	1	1	1
SCYL3	SCYL3	1	1	1	1
SCYL3	SESN1	1	1	1	1
SCYL3	SKIV2L	1	1	1	1
SCYL3	SLC27A3	1	1	1	1
SCYL3	SLC35A1	1	1	1	1
SCYL3	SLC35F2	1	1	1	1
SCYL3	SNX7	1	1	1	1
SCYL3	SQRDL	1	1	1	1
SCYL3	SSBP2	1	1	1	1
SCYL3	ST7	1	1	1	1
SCYL3	STK25	1	1	1	1
SCYL3	STX1A	1	1	1	1
SCYL3	TES	1	1	1	1
SCYL3	TIMM17B	1	1	1	1
SCYL3	TMEM109	1	1	1	1
SCYL3	TSC22D3	1	1	1	1
SCYL3	VPS72	1	1	1	1
SCYL3	WRB	1	1	1	1
SCYL3	ZMYM2	1	1	1	1
SCYL3	ZNF131	1	1	1	1
SCYL3	ZNF586	1	1	1	1
SCYL3	ZNF589	1	1	1	1
SDHB	ASCC3	1	1	1	1
SDHB	CBR1	1	1	1	1
SDHB	CHERP	1	1	1	1
SDHB	DNAJB1	1	1	1	1
SDHB	DNAJC15	1	1	1	1
SDHB	FKBP4	1	1	1	1
SDHB	GTPBP8	1	1	1	1
SDHB	HTRA1	1	1	1	1
SDHB	KDM5B	1	1	1	1
SDHB	LGALS8	1	1	1	1
SDHB	LIPA	1	1	1	1
SDHB	LPAR2	1	1	1	1
SDHB	NARFL	1	1	1	1
SDHB	PLP2	1	1	1	1
SDHB	POLR1C	1	1	1	1
SDHB	PRKACA	1	1	1	1
SDHB	PTPLAD1	1	1	1	1
SDHB	PTPN12	1	1	1	1
SDHB	RBM15B	1	1	1	1
SDHB	SCAND1	1	1	1	1
SDHB	SLC25A4	1	1	1	1
SDHB	SOCS2	1	1	1	1
SDHB	SYNGR3	1	1	1	1
SDHB	TIPARP	1	1	1	1
SDHB	TRIM2	1	1	1	1
SDHB	TSTA3	1	1	1	1
SDHB	ZDHHC6	1	1	1	1
SFN	CHAC1	1	1	1	1
SFN	EAPP	1	1	1	1
SFN	PCM1	1	1	1	1
SFN	RRP12	1	1	1	1
SFN	TEX10	1	1	1	1
SGCB	DNAJB6	1	1	1	1
SHB	ATG3	1	1	1	1
SHB	BLCAP	1	1	1	1
SHB	BUB1B	1	1	1	1
SHB	CAT	1	1	1	1
SHB	CLSTN1	1	1	1	1
SHB	CLTB	1	1	1	1
SHB	COG4	1	1	1	1
SHB	FAT1	1	1	1	1
SHB	GLRX	1	1	1	1
SHB	IGF1R	1	1	1	1
SHB	JUN	1	1	1	1
SHB	KLHDC2	1	1	1	1
SHB	SGCB	1	1	1	1
SHB	SHB	1	1	1	1
SHB	SLC35F2	1	1	1	1
SHB	TCTA	1	1	1	1
SHB	TRAPPC6A	1	1	1	1
SHB	USP14	1	1	1	1
SKIV2L	PGM1	1	1	1	1
SKIV2L	STUB1	1	1	1	1
SKIV2L	TM9SF3	1	1	1	1
SLC11A2	S100A4	1	1	1	1
SLC11A2	STUB1	1	1	1	1
SLC1A4	ADAT1	1	1	1	1
SLC1A4	BLCAP	1	1	1	1
SLC1A4	CCDC92	1	1	1	1
SLC1A4	CFLAR	1	1	1	1
SLC1A4	DNAJB2	1	1	1	1
SLC1A4	ECD	1	1	1	1
SLC1A4	ENOPH1	1	1	1	1
SLC1A4	EXT1	1	1	1	1
SLC1A4	FBXO21	1	1	1	1
SLC1A4	GAPDH	1	1	1	1
SLC1A4	H2AFV	1	1	1	1
SLC1A4	HADH	1	1	1	1
SLC1A4	HDAC6	1	1	1	1
SLC1A4	KCTD5	1	1	1	1
SLC1A4	KDM5B	1	1	1	1
SLC1A4	MAPK13	1	1	1	1
SLC1A4	MAPKAPK3	1	1	1	1
SLC1A4	NET1	1	1	1	1
SLC1A4	SESN1	1	1	1	1
SLC1A4	SOX4	1	1	1	1
SLC1A4	TIMP2	1	1	1	1
SLC25A46	SCARB1	1	1	1	1
SLC25A46	TRIM2	1	1	1	1
SLC27A3	CNDP2	1	1	1	1
SLC27A3	FAM69A	1	1	1	1
SLC27A3	FKBP4	1	1	1	1
SLC2A6	ADAT1	1	1	1	1
SLC2A6	BLMH	1	1	1	1
SLC2A6	COG7	1	1	1	1
SLC2A6	COPS7A	1	1	1	1
SLC2A6	HADH	1	1	1	1
SLC2A6	LYPLA1	1	1	1	1
SLC2A6	MYO10	1	1	1	1
SLC2A6	PAPD7	1	1	1	1
SLC2A6	PHKG2	1	1	1	1
SLC2A6	RAD51C	1	1	1	1
SLC2A6	RPN1	1	1	1	1
SLC35A1	HTATSF1	1	1	1	1
SLC35A3	FOS	1	1	1	1
SLC35A3	GTPBP8	1	1	1	1
SLC35A3	HPRT1	1	1	1	1
SLC35A3	NRAS	1	1	1	1
SLC35A3	PAPD7	1	1	1	1
SLC35B1	ARFIP2	1	1	1	1
SLC35B1	ICAM3	1	1	1	1
SLC35B1	POLB	1	1	1	1
SLC35B1	PYCR1	1	1	1	1
SLC35B1	TSKU	1	1	1	1
SLC35B1	VGLL4	1	1	1	1
SLC35F2	ADCK3	1	1	1	1
SLC35F2	CCDC86	1	1	1	1
SLC35F2	CCP110	1	1	1	1
SLC35F2	COPS7A	1	1	1	1
SLC35F2	DSG2	1	1	1	1
SLC35F2	MTFR1	1	1	1	1
SLC35F2	NR3C1	1	1	1	1
SLC35F2	NUP62	1	1	1	1
SLC35F2	NUP88	1	1	1	1
SLC35F2	SESN1	1	1	1	1
SLC35F2	SPR	1	1	1	1
SLC35F2	TIMELESS	1	1	1	1
SLC35F2	TMEM5	1	1	1	1
SLC37A4	WRB	1	1	1	1
SLC5A6	ARID5B	1	1	1	1
SLC5A6	BPHL	1	1	1	1
SLC5A6	CIAPIN1	1	1	1	1
SLC5A6	COG4	1	1	1	1
SLC5A6	DCK	1	1	1	1
SLC5A6	DDIT4	1	1	1	1
SLC5A6	FAM69A	1	1	1	1
SLC5A6	FOXJ3	1	1	1	1
SLC5A6	HOXA10	1	1	1	1
SLC5A6	KIAA0753	1	1	1	1
SLC5A6	METRN	1	1	1	1
SLC5A6	MYBL2	1	1	1	1
SLC5A6	NUP133	1	1	1	1
SLC5A6	NVL	1	1	1	1
SLC5A6	PNKP	1	1	1	1
SLC5A6	PRUNE	1	1	1	1
SLC5A6	SCP2	1	1	1	1
SLC5A6	TMCO1	1	1	1	1
SLC5A6	TSPAN4	1	1	1	1
SLC5A6	TXNL4B	1	1	1	1
SLC5A6	UBQLN2	1	1	1	1
SLC5A6	ZNF586	1	1	1	1
SMAD3	ANO10	1	1	1	1
SMAD3	BCL7B	1	1	1	1
SMAD3	CAT	1	1	1	1
SMAD3	CREB1	1	1	1	1
SMAD3	CYTH1	1	1	1	1
SMAD3	DNAJB2	1	1	1	1
SMAD3	EVL	1	1	1	1
SMAD3	FKBP14	1	1	1	1
SMAD3	GAA	1	1	1	1
SMAD3	GALE	1	1	1	1
SMAD3	HPRT1	1	1	1	1
SMAD3	IKBKAP	1	1	1	1
SMAD3	MYO10	1	1	1	1
SMAD3	SFN	1	1	1	1
SMAD3	TCTN1	1	1	1	1
SMAD3	TESK1	1	1	1	1
SMAD3	TIMM9	1	1	1	1
SMAD3	UGDH	1	1	1	1
SMAD3	ZNF451	1	1	1	1
SMC3	BAMBI	1	1	1	1
SMC3	PXN	1	1	1	1
SMC4	METRN	1	1	1	1
SMC4	VAT1	1	1	1	1
SNX13	HTRA1	1	1	1	1
SNX7	ATP6V0B	1	1	1	1
SNX7	B3GNT1	1	1	1	1
SNX7	C2CD2L	1	1	1	1
SNX7	CASP3	1	1	1	1
SNX7	CHEK2	1	1	1	1
SNX7	DHX29	1	1	1	1
SNX7	ELAVL1	1	1	1	1
SNX7	FCHO1	1	1	1	1
SNX7	GRN	1	1	1	1
SNX7	HADH	1	1	1	1
SNX7	HPRT1	1	1	1	1
SNX7	ID2	1	1	1	1
SNX7	KTN1	1	1	1	1
SNX7	MAPKAPK5	1	1	1	1
SNX7	NIT1	1	1	1	1
SNX7	PHKB	1	1	1	1
SNX7	SORBS3	1	1	1	1
SNX7	TMEM97	1	1	1	1
SNX7	TRIB1	1	1	1	1
SORBS3	BCL2	1	1	1	1
SORBS3	CBR1	1	1	1	1
SORBS3	FAM57A	1	1	1	1
SORBS3	INPP1	1	1	1	1
SORBS3	LGALS8	1	1	1	1
SORBS3	LOXL1	1	1	1	1
SORBS3	LRPAP1	1	1	1	1
SORBS3	MYC	1	1	1	1
SORBS3	PYGL	1	1	1	1
SORBS3	SENP6	1	1	1	1
SORBS3	SLC25A46	1	1	1	1
SORBS3	STAP2	1	1	1	1
SORBS3	TCTA	1	1	1	1
SOX4	ACD	1	1	1	1
SOX4	COG7	1	1	1	1
SOX4	CREB1	1	1	1	1
SOX4	DERA	1	1	1	1
SOX4	DNAJB2	1	1	1	1
SOX4	FBXO21	1	1	1	1
SOX4	NET1	1	1	1	1
SOX4	PUF60	1	1	1	1
SPAG4	DNAJB2	1	1	1	1
SPAG4	STAP2	1	1	1	1
SPAG7	FOXJ3	1	1	1	1
SPAG7	HDAC2	1	1	1	1
SPDEF	BIRC5	1	1	1	1
SPDEF	DNMT1	1	1	1	1
SPDEF	ECH1	1	1	1	1
SPDEF	GNPDA1	1	1	1	1
SPDEF	GPC1	1	1	1	1
SPDEF	HES1	1	1	1	1
SPDEF	IKBKE	1	1	1	1
SPDEF	KDELR2	1	1	1	1
SPDEF	MAP7	1	1	1	1
SPDEF	MTA1	1	1	1	1
SPDEF	SPAG7	1	1	1	1
SPDEF	STAT1	1	1	1	1
SPRED2	CASP3	1	1	1	1
SPRED2	CCDC85B	1	1	1	1
SPRED2	ETFB	1	1	1	1
SPRED2	GDPD5	1	1	1	1
SPRED2	KLHL21	1	1	1	1
SPRED2	LSR	1	1	1	1
SPRED2	NISCH	1	1	1	1
SPRED2	PAFAH1B3	1	1	1	1
SPRED2	PRR15L	1	1	1	1
SPRED2	SMC3	1	1	1	1
SPRED2	TRIM2	1	1	1	1
SPRED2	TSPAN3	1	1	1	1
SPRED2	TXLNA	1	1	1	1
SPRED2	UTP14A	1	1	1	1
SPRED2	ZFP36	1	1	1	1
SPTLC2	BNIP3	1	1	1	1
SPTLC2	CDCA4	1	1	1	1
SPTLC2	DCK	1	1	1	1
SPTLC2	PECR	1	1	1	1
SPTLC2	PMM2	1	1	1	1
SPTLC2	PRKACA	1	1	1	1
SPTLC2	RUVBL1	1	1	1	1
SPTLC2	ZW10	1	1	1	1
ST3GAL5	BACE2	1	1	1	1
ST7	ADH5	1	1	1	1
ST7	CANT1	1	1	1	1
ST7	CAST	1	1	1	1
ST7	CD44	1	1	1	1
ST7	CDH3	1	1	1	1
ST7	COASY	1	1	1	1
ST7	CREB1	1	1	1	1
ST7	EDEM1	1	1	1	1
ST7	GMNN	1	1	1	1
ST7	GNAS	1	1	1	1
ST7	GOLT1B	1	1	1	1
ST7	PAFAH1B3	1	1	1	1
ST7	PAX8	1	1	1	1
ST7	POLE2	1	1	1	1
ST7	POP4	1	1	1	1
ST7	PRR7	1	1	1	1
ST7	PYGL	1	1	1	1
ST7	RTN2	1	1	1	1
ST7	RUVBL1	1	1	1	1
ST7	SCP2	1	1	1	1
ST7	SNX11	1	1	1	1
ST7	SOCS2	1	1	1	1
ST7	SYNGR3	1	1	1	1
ST7	YME1L1	1	1	1	1
STAMBP	ARID5B	1	1	1	1
STAMBP	DNAJB1	1	1	1	1
STAMBP	GNPDA1	1	1	1	1
STAMBP	LBR	1	1	1	1
STAMBP	LYN	1	1	1	1
STAMBP	MACF1	1	1	1	1
STAMBP	PEX11A	1	1	1	1
STAMBP	SENP6	1	1	1	1
STAMBP	SMC4	1	1	1	1
STAMBP	STMN1	1	1	1	1
STAMBP	TP53BP2	1	1	1	1
STAP2	AKAP8	1	1	1	1
STAP2	BAMBI	1	1	1	1
STAP2	CDK19	1	1	1	1
STAP2	CHIC2	1	1	1	1
STAP2	CRTAP	1	1	1	1
STAP2	ERBB3	1	1	1	1
STAP2	FAM57A	1	1	1	1
STAP2	FOXJ3	1	1	1	1
STAP2	ILK	1	1	1	1
STAP2	LIPA	1	1	1	1
STAP2	PPARG	1	1	1	1
STAP2	RNF167	1	1	1	1
STAP2	TESK1	1	1	1	1
STAP2	TIPARP	1	1	1	1
STAP2	ZMIZ1	1	1	1	1
STAT1	BACE2	1	1	1	1
STAT1	BZW2	1	1	1	1
STAT1	CERK	1	1	1	1
STAT1	CFLAR	1	1	1	1
STAT1	COASY	1	1	1	1
STAT1	ETFB	1	1	1	1
STAT1	FEZ2	1	1	1	1
STAT1	FIS1	1	1	1	1
STAT1	FOXJ3	1	1	1	1
STAT1	GLRX	1	1	1	1
STAT1	ICMT	1	1	1	1
STAT1	IKBKB	1	1	1	1
STAT1	KIAA0355	1	1	1	1
STAT1	KIT	1	1	1	1
STAT1	MACF1	1	1	1	1
STAT1	MAPK1IP1L	1	1	1	1
STAT1	NR3C1	1	1	1	1
STAT1	PPP2R5A	1	1	1	1
STAT1	RAB21	1	1	1	1
STAT1	SYNE2	1	1	1	1
STAT1	TCEA2	1	1	1	1
STAT1	TIMM17B	1	1	1	1
STAT1	TMEM2	1	1	1	1
STAT1	TSPAN6	1	1	1	1
STAT1	UBE2L6	1	1	1	1
STK10	RPP38	1	1	1	1
STMN1	PRSS23	1	1	1	1
STUB1	DCK	1	1	1	1
STUB1	HK1	1	1	1	1
STUB1	KLHL21	1	1	1	1
STUB1	SKIV2L	1	1	1	1
STX1A	AKAP8	1	1	1	1
STX1A	BIRC5	1	1	1	1
STX1A	ECD	1	1	1	1
STXBP1	POLR1C	1	1	1	1
STXBP2	CBR1	1	1	1	1
STXBP2	CD58	1	1	1	1
STXBP2	CD97	1	1	1	1
STXBP2	CERK	1	1	1	1
STXBP2	EML3	1	1	1	1
STXBP2	GNAI2	1	1	1	1
STXBP2	IKBKAP	1	1	1	1
STXBP2	KDELR2	1	1	1	1
STXBP2	LPAR2	1	1	1	1
STXBP2	METRN	1	1	1	1
STXBP2	MSH6	1	1	1	1
STXBP2	PLP2	1	1	1	1
STXBP2	RAB11FIP2	1	1	1	1
STXBP2	SLC25A4	1	1	1	1
STXBP2	SLC35B1	1	1	1	1
STXBP2	SMARCC1	1	1	1	1
STXBP2	TERF2IP	1	1	1	1
STXBP2	TIMP2	1	1	1	1
STXBP2	UFM1	1	1	1	1
SUPV3L1	PGM1	1	1	1	1
SUPV3L1	WFS1	1	1	1	1
SYNE2	ADI1	1	1	1	1
SYNE2	ATMIN	1	1	1	1
SYNE2	CALU	1	1	1	1
SYNE2	CAMSAP2	1	1	1	1
SYNE2	CENPE	1	1	1	1
SYNE2	COG4	1	1	1	1
SYNE2	DNAJB2	1	1	1	1
SYNE2	FAM20B	1	1	1	1
SYNE2	LBR	1	1	1	1
SYNE2	LRPAP1	1	1	1	1
SYNE2	MCOLN1	1	1	1	1
SYNE2	NNT	1	1	1	1
SYNE2	NUP85	1	1	1	1
SYNE2	PPOX	1	1	1	1
SYNE2	PSIP1	1	1	1	1
SYNE2	RGS2	1	1	1	1
SYNE2	RRAGA	1	1	1	1
SYNE2	RRS1	1	1	1	1
SYNE2	SMARCD2	1	1	1	1
SYNE2	THAP11	1	1	1	1
TARBP1	SNX13	1	1	1	1
TARBP1	ZNF395	1	1	1	1
TBC1D9B	ACBD3	1	1	1	1
TBC1D9B	BLMH	1	1	1	1
TBC1D9B	CASC3	1	1	1	1
TBC1D9B	GNAS	1	1	1	1
TBC1D9B	GNB5	1	1	1	1
TBC1D9B	IKBKE	1	1	1	1
TBC1D9B	LYPLA1	1	1	1	1
TBC1D9B	PDHX	1	1	1	1
TBC1D9B	PRUNE	1	1	1	1
TBC1D9B	SLC11A2	1	1	1	1
TBC1D9B	SLC35F2	1	1	1	1
TBC1D9B	YME1L1	1	1	1	1
TBPL1	NFIL3	1	1	1	1
TBPL1	PCBD1	1	1	1	1
TBX2	DENND2D	1	1	1	1
TBX2	MACF1	1	1	1	1
TBX2	RPP38	1	1	1	1
TBX2	TSKU	1	1	1	1
TBXA2R	COG4	1	1	1	1
TBXA2R	ERBB3	1	1	1	1
TCFL5	CD44	1	1	1	1
TCFL5	ECH1	1	1	1	1
TCFL5	GADD45B	1	1	1	1
TCFL5	IFRD2	1	1	1	1
TCFL5	KLHL9	1	1	1	1
TCFL5	LYPLA1	1	1	1	1
TCFL5	PSMD10	1	1	1	1
TCFL5	RNPS1	1	1	1	1
TCFL5	SLC27A3	1	1	1	1
TCFL5	WDR7	1	1	1	1
TCFL5	WFS1	1	1	1	1
TCTA	ARID5B	1	1	1	1
TCTA	MAPK13	1	1	1	1
TCTA	MPZL1	1	1	1	1
TCTA	OXCT1	1	1	1	1
TCTA	PIGB	1	1	1	1
TCTA	POLR2K	1	1	1	1
TCTA	RBKS	1	1	1	1
TCTA	TRAK2	1	1	1	1
TCTA	YKT6	1	1	1	1
TCTN1	CTNND1	1	1	1	1
TCTN1	DHRS7	1	1	1	1
TCTN1	EGFR	1	1	1	1
TCTN1	ETFB	1	1	1	1
TCTN1	FAM63A	1	1	1	1
TCTN1	FAT1	1	1	1	1
TCTN1	FBXL12	1	1	1	1
TCTN1	GRB10	1	1	1	1
TCTN1	IL13RA1	1	1	1	1
TCTN1	JUN	1	1	1	1
TCTN1	MLEC	1	1	1	1
TCTN1	MSH6	1	1	1	1
TCTN1	RPA1	1	1	1	1
TCTN1	SQRDL	1	1	1	1
TCTN1	STMN1	1	1	1	1
TCTN1	TBXA2R	1	1	1	1
TCTN1	TP53BP2	1	1	1	1
TERF2IP	AGL	1	1	1	1
TERF2IP	BID	1	1	1	1
TERF2IP	GPC1	1	1	1	1
TERF2IP	RRAGA	1	1	1	1
TERF2IP	TCTA	1	1	1	1
TERF2IP	TRIM13	1	1	1	1
TES	AURKA	1	1	1	1
TES	CASC3	1	1	1	1
TES	HAT1	1	1	1	1
TES	MSH6	1	1	1	1
TES	PHKG2	1	1	1	1
TES	STAP2	1	1	1	1
TES	TARBP1	1	1	1	1
TES	ZNF131	1	1	1	1
TESK1	ABHD6	1	1	1	1
TESK1	AKAP8	1	1	1	1
TESK1	BPHL	1	1	1	1
TESK1	EXT1	1	1	1	1
TESK1	FAM69A	1	1	1	1
TESK1	GDPD5	1	1	1	1
TESK1	HIST2H2BE	1	1	1	1
TESK1	HMGCS1	1	1	1	1
TESK1	KDM5A	1	1	1	1
TESK1	LOXL1	1	1	1	1
TESK1	LSM5	1	1	1	1
TESK1	MCOLN1	1	1	1	1
TESK1	PHGDH	1	1	1	1
TESK1	POLR2K	1	1	1	1
TESK1	PPIC	1	1	1	1
TESK1	PRAF2	1	1	1	1
TESK1	PSMD10	1	1	1	1
TESK1	RPA1	1	1	1	1
TESK1	RRS1	1	1	1	1
TESK1	TBC1D9B	1	1	1	1
TESK1	TRAP1	1	1	1	1
TEX10	MAPK1IP1L	1	1	1	1
TFAP2A	ARID5B	1	1	1	1
TFAP2A	ATP1B1	1	1	1	1
TFAP2A	DNM1	1	1	1	1
TFAP2A	KAT6B	1	1	1	1
TFAP2A	MAPK9	1	1	1	1
TFAP2A	NR2F6	1	1	1	1
TFAP2A	PAF1	1	1	1	1
TFAP2A	RPA2	1	1	1	1
TIMELESS	CHN1	1	1	1	1
TIMELESS	SCCPDH	1	1	1	1
TIMM17B	BAD	1	1	1	1
TIMM17B	FASTKD5	1	1	1	1
TIMM17B	IKBKB	1	1	1	1
TIMM17B	PLP2	1	1	1	1
TIMM17B	PRPF4	1	1	1	1
TIMM17B	PWP1	1	1	1	1
TIMM17B	RBM6	1	1	1	1
TIMM22	ALAS1	1	1	1	1
TIPARP	CCDC92	1	1	1	1
TIPARP	HEATR1	1	1	1	1
TIPARP	RNH1	1	1	1	1
TIPARP	SDHB	1	1	1	1
TIPARP	SLC2A6	1	1	1	1
TIPARP	USP7	1	1	1	1
TLE1	CETN3	1	1	1	1
TLE1	DCTD	1	1	1	1
TLE1	PRKACA	1	1	1	1
TLE1	TSC22D3	1	1	1	1
TLE1	YME1L1	1	1	1	1
TM9SF2	NUP88	1	1	1	1
TMCO1	ITGB1BP1	1	1	1	1
TMCO1	MAP4K4	1	1	1	1
TMCO1	TMEM50A	1	1	1	1
TMED10	DNAJB1	1	1	1	1
TMED10	DRAP1	1	1	1	1
TMED10	LPAR2	1	1	1	1
TMED10	TIMM9	1	1	1	1
TMEM2	VPS28	1	1	1	1
TMEM5	ATP6V1D	1	1	1	1
TMEM5	PDIA5	1	1	1	1
TMEM5	PIGB	1	1	1	1
TMEM5	PXN	1	1	1	1
TMEM50A	CTSD	1	1	1	1
TMEM50A	TCEAL4	1	1	1	1
TMEM97	KIT	1	1	1	1
TNFRSF21	FAH	1	1	1	1
TNIP1	BUB1B	1	1	1	1
TNIP1	CCDC85B	1	1	1	1
TNIP1	DUSP11	1	1	1	1
TNIP1	IKBKB	1	1	1	1
TNIP1	KAT6B	1	1	1	1
TNIP1	PNKP	1	1	1	1
TNIP1	REEP5	1	1	1	1
TNIP1	STAP2	1	1	1	1
TOMM34	DPH2	1	1	1	1
TOMM34	HN1L	1	1	1	1
TOMM34	MAPKAPK3	1	1	1	1
TOMM34	MTFR1	1	1	1	1
TOMM70A	ABCC5	1	1	1	1
TOMM70A	CALU	1	1	1	1
TOMM70A	CDKN1A	1	1	1	1
TOMM70A	FAS	1	1	1	1
TOMM70A	PPIC	1	1	1	1
TOMM70A	RAD51C	1	1	1	1
TOMM70A	TIMM9	1	1	1	1
TOMM70A	TNIP1	1	1	1	1
TOP2A	ACLY	1	1	1	1
TOP2A	ACOT9	1	1	1	1
TOP2A	C2CD2L	1	1	1	1
TOP2A	CD58	1	1	1	1
TOP2A	CDC45	1	1	1	1
TOP2A	CLIC4	1	1	1	1
TOP2A	CPSF4	1	1	1	1
TOP2A	FAM69A	1	1	1	1
TOP2A	HERPUD1	1	1	1	1
TOP2A	LGMN	1	1	1	1
TOP2A	MBNL1	1	1	1	1
TOP2A	MLEC	1	1	1	1
TOP2A	OXCT1	1	1	1	1
TOP2A	PDHX	1	1	1	1
TOP2A	PHKB	1	1	1	1
TOP2A	PLOD3	1	1	1	1
TOP2A	PRKCD	1	1	1	1
TOP2A	SLC25A46	1	1	1	1
TOP2A	STUB1	1	1	1	1
TOP2A	TERF2IP	1	1	1	1
TOP2A	TMEM2	1	1	1	1
TOP2A	TSC22D3	1	1	1	1
TOP2A	USP14	1	1	1	1
TOP2A	VPS28	1	1	1	1
TOR1A	PCMT1	1	1	1	1
TP53BP2	CTNNAL1	1	1	1	1
TP53BP2	KIF14	1	1	1	1
TP53BP2	PACSIN3	1	1	1	1
TP53BP2	RBKS	1	1	1	1
TP53BP2	TBPL1	1	1	1	1
TPD52L2	CCDC86	1	1	1	1
TPD52L2	CCNF	1	1	1	1
TPD52L2	CREG1	1	1	1	1
TPD52L2	ENOSF1	1	1	1	1
TPD52L2	PHKG2	1	1	1	1
TPD52L2	TRIM2	1	1	1	1
TRAK2	ACLY	1	1	1	1
TRAK2	ARNT2	1	1	1	1
TRAK2	CHEK2	1	1	1	1
TRAK2	CLIC4	1	1	1	1
TRAK2	CLSTN1	1	1	1	1
TRAK2	DDX42	1	1	1	1
TRAK2	DNAJB2	1	1	1	1
TRAK2	DUSP11	1	1	1	1
TRAK2	FAH	1	1	1	1
TRAK2	FBXL12	1	1	1	1
TRAK2	FSD1	1	1	1	1
TRAK2	GRN	1	1	1	1
TRAK2	GTF2E2	1	1	1	1
TRAK2	HERC6	1	1	1	1
TRAK2	KDM5A	1	1	1	1
TRAK2	KIAA1279	1	1	1	1
TRAK2	LAGE3	1	1	1	1
TRAK2	MAMLD1	1	1	1	1
TRAK2	MRPL19	1	1	1	1
TRAK2	NISCH	1	1	1	1
TRAK2	NPC1	1	1	1	1
TRAK2	NUP88	1	1	1	1
TRAK2	PAF1	1	1	1	1
TRAK2	PCM1	1	1	1	1
TRAK2	PRKACA	1	1	1	1
TRAK2	RNH1	1	1	1	1
TRAK2	RPP38	1	1	1	1
TRAK2	SGCB	1	1	1	1
TRAK2	TERF2IP	1	1	1	1
TRAK2	TRIM13	1	1	1	1
TRAK2	TUBB6	1	1	1	1
TRAK2	TWF2	1	1	1	1
TRAK2	UBE2C	1	1	1	1
TRAK2	VAPB	1	1	1	1
TRAK2	VGLL4	1	1	1	1
TRAK2	ZDHHC6	1	1	1	1
TRAK2	ZNF131	1	1	1	1
TRAM2	TCEA2	1	1	1	1
TRAP1	FBXL12	1	1	1	1
TRAP1	FCHO1	1	1	1	1
TRAP1	OXA1L	1	1	1	1
TRAPPC3	LYPLA1	1	1	1	1
TRAPPC3	PDLIM1	1	1	1	1
TRAPPC3	WDTC1	1	1	1	1
TRAPPC6A	FBXO21	1	1	1	1
TRAPPC6A	PCCB	1	1	1	1
TRAPPC6A	PYCR1	1	1	1	1
TRAPPC6A	SLC35A1	1	1	1	1
TRAPPC6A	TIMM22	1	1	1	1
TRIB1	HEBP1	1	1	1	1
TRIB1	TRIB1	1	1	1	1
TRIM13	LAGE3	1	1	1	1
TRIM13	NUP88	1	1	1	1
TRIM13	ZMYM2	1	1	1	1
TRIM13	ZNF395	1	1	1	1
TSC22D3	GPC1	1	1	1	1
TSC22D3	IL4R	1	1	1	1
TSC22D3	MRPS16	1	1	1	1
TSC22D3	SCAND1	1	1	1	1
TSEN2	ALAS1	1	1	1	1
TSEN2	BECN1	1	1	1	1
TSEN2	EBNA1BP2	1	1	1	1
TSEN2	EPRS	1	1	1	1
TSEN2	HMG20B	1	1	1	1
TSEN2	POP4	1	1	1	1
TSEN2	PRSS23	1	1	1	1
TSEN2	PSMD10	1	1	1	1
TSEN2	SLC35B1	1	1	1	1
TSEN2	STX4	1	1	1	1
TSEN2	VAV3	1	1	1	1
TSEN2	YTHDF1	1	1	1	1
TSKU	PNKP	1	1	1	1
TSPAN3	AKR7A2	1	1	1	1
TSPAN3	BLMH	1	1	1	1
TSPAN3	CEBPD	1	1	1	1
TSPAN3	CEP57	1	1	1	1
TSPAN3	CHERP	1	1	1	1
TSPAN3	CSNK2A2	1	1	1	1
TSPAN3	DCTD	1	1	1	1
TSPAN3	DLD	1	1	1	1
TSPAN3	ECH1	1	1	1	1
TSPAN3	FBXO7	1	1	1	1
TSPAN3	HOOK2	1	1	1	1
TSPAN3	IARS2	1	1	1	1
TSPAN3	IL4R	1	1	1	1
TSPAN3	ITGB1BP1	1	1	1	1
TSPAN3	LAP3	1	1	1	1
TSPAN3	LPAR2	1	1	1	1
TSPAN3	LRRC16A	1	1	1	1
TSPAN3	ME2	1	1	1	1
TSPAN3	MYC	1	1	1	1
TSPAN3	NCOA3	1	1	1	1
TSPAN3	NVL	1	1	1	1
TSPAN3	PDIA5	1	1	1	1
TSPAN3	PLS1	1	1	1	1
TSPAN3	PNP	1	1	1	1
TSPAN3	PPIE	1	1	1	1
TSPAN3	PRAF2	1	1	1	1
TSPAN3	PRKACA	1	1	1	1
TSPAN3	SCRN1	1	1	1	1
TSPAN3	SMC3	1	1	1	1
TSPAN3	TCTN1	1	1	1	1
TSPAN4	ANKRD10	1	1	1	1
TSPAN4	UBE2L6	1	1	1	1
TSPAN6	ACD	1	1	1	1
TSPAN6	AMDHD2	1	1	1	1
TSPAN6	CHMP6	1	1	1	1
TSPAN6	CTNND1	1	1	1	1
TSPAN6	DMTF1	1	1	1	1
TSPAN6	DUSP22	1	1	1	1
TSPAN6	ENOPH1	1	1	1	1
TSPAN6	FAM57A	1	1	1	1
TSPAN6	FKBP14	1	1	1	1
TSPAN6	FOXO4	1	1	1	1
TSPAN6	MAP2K5	1	1	1	1
TSPAN6	MAPK13	1	1	1	1
TSPAN6	MOK	1	1	1	1
TSPAN6	MSH6	1	1	1	1
TSPAN6	NCOA3	1	1	1	1
TSPAN6	NISCH	1	1	1	1
TSPAN6	NOSIP	1	1	1	1
TSPAN6	NUDT9	1	1	1	1
TSPAN6	SPDEF	1	1	1	1
TSPAN6	SYNE2	1	1	1	1
TSPAN6	TBX2	1	1	1	1
TSPAN6	ZDHHC6	1	1	1	1
TSTA3	CANT1	1	1	1	1
TSTA3	CCNA2	1	1	1	1
TSTA3	CD320	1	1	1	1
TSTA3	CETN3	1	1	1	1
TSTA3	CHEK2	1	1	1	1
TSTA3	CTTN	1	1	1	1
TSTA3	TIMM22	1	1	1	1
TUBB6	GAPDH	1	1	1	1
TUBB6	MAPKAPK3	1	1	1	1
TWF2	CAMSAP2	1	1	1	1
TWF2	DCK	1	1	1	1
TWF2	TFAP2A	1	1	1	1
TXLNA	ADAT1	1	1	1	1
TXLNA	ALDOC	1	1	1	1
TXLNA	CAB39	1	1	1	1
TXLNA	CCP110	1	1	1	1
TXLNA	CERK	1	1	1	1
TXLNA	DDX42	1	1	1	1
TXLNA	DNAJC15	1	1	1	1
TXLNA	FAIM	1	1	1	1
TXLNA	HES1	1	1	1	1
TXLNA	HN1L	1	1	1	1
TXLNA	HOXA5	1	1	1	1
TXLNA	ITGB1BP1	1	1	1	1
TXLNA	MAPKAPK3	1	1	1	1
TXLNA	MPZL1	1	1	1	1
TXLNA	NOL3	1	1	1	1
TXLNA	RUVBL1	1	1	1	1
TXLNA	SFN	1	1	1	1
TXLNA	SKIV2L	1	1	1	1
TXLNA	SUPV3L1	1	1	1	1
TXLNA	THAP11	1	1	1	1
TXLNA	TRAM2	1	1	1	1
TXLNA	TXNRD1	1	1	1	1
TXLNA	ZNF318	1	1	1	1
TXNDC9	NNT	1	1	1	1
TXNL4B	DHDDS	1	1	1	1
TXNL4B	EBP	1	1	1	1
TXNL4B	PSRC1	1	1	1	1
TXNL4B	RTN2	1	1	1	1
TXNL4B	USP1	1	1	1	1
TXNRD1	SORBS3	1	1	1	1
UBE2A	TMEM5	1	1	1	1
UBE2C	HK1	1	1	1	1
UBE2C	PSMG1	1	1	1	1
UBE2C	SMC4	1	1	1	1
UBE2C	VAPB	1	1	1	1
UBE2J1	CASK	1	1	1	1
UBE2J1	CIAPIN1	1	1	1	1
UBE2J1	NENF	1	1	1	1
UBE2J1	PECR	1	1	1	1
UBE2J1	PMAIP1	1	1	1	1
UBE2J1	RGS2	1	1	1	1
UBE2J1	TLE1	1	1	1	1
UBE2J1	ZMYM2	1	1	1	1
UBE2L6	CENPE	1	1	1	1
UBE2L6	MCOLN1	1	1	1	1
UBE2L6	RGS2	1	1	1	1
UBE2L6	STUB1	1	1	1	1
UBE2L6	THAP11	1	1	1	1
UBE3B	BLCAP	1	1	1	1
UBE3B	CBR1	1	1	1	1
UBE3B	CERK	1	1	1	1
UBE3B	CHAC1	1	1	1	1
UBE3B	COG4	1	1	1	1
UBE3B	DDX42	1	1	1	1
UBE3B	DNAJB6	1	1	1	1
UBE3B	GPC1	1	1	1	1
UBE3B	GTPBP8	1	1	1	1
UBE3B	HADH	1	1	1	1
UBE3B	HMGCS1	1	1	1	1
UBE3B	KCNK1	1	1	1	1
UBE3B	MICALL1	1	1	1	1
UBE3B	NCOA3	1	1	1	1
UBE3B	NOSIP	1	1	1	1
UBE3B	RFX5	1	1	1	1
UBE3B	SMNDC1	1	1	1	1
UBE3B	SSBP2	1	1	1	1
UBE3B	ST3GAL5	1	1	1	1
UBE3B	UBE2L6	1	1	1	1
UBE3B	ZMYM2	1	1	1	1
UBE3C	TXLNA	1	1	1	1
UBQLN2	CEBPD	1	1	1	1
UBQLN2	TP53BP1	1	1	1	1
UBQLN2	TRAK2	1	1	1	1
USP14	AGL	1	1	1	1
USP14	ASCC3	1	1	1	1
USP14	CETN3	1	1	1	1
USP14	COG2	1	1	1	1
USP14	DPH2	1	1	1	1
USP14	ECH1	1	1	1	1
USP14	EIF5	1	1	1	1
USP14	MVP	1	1	1	1
USP14	MYBL2	1	1	1	1
USP14	PIGB	1	1	1	1
USP14	PPP2R3C	1	1	1	1
USP14	PTPN12	1	1	1	1
USP14	RAD51C	1	1	1	1
USP14	SCP2	1	1	1	1
USP14	SCRN1	1	1	1	1
USP14	SLC1A4	1	1	1	1
USP14	SMC1A	1	1	1	1
USP14	TRAP1	1	1	1	1
USP14	WDTC1	1	1	1	1
USP14	ZNF131	1	1	1	1
USP22	ALAS1	1	1	1	1
USP22	BNIP3	1	1	1	1
USP22	BUB1B	1	1	1	1
USP22	CENPE	1	1	1	1
USP22	CFLAR	1	1	1	1
USP22	COASY	1	1	1	1
USP22	COG2	1	1	1	1
USP22	DENND2D	1	1	1	1
USP22	DHX29	1	1	1	1
USP22	GATA3	1	1	1	1
USP22	GTPBP8	1	1	1	1
USP22	HMGCS1	1	1	1	1
USP22	PAF1	1	1	1	1
USP22	PHGDH	1	1	1	1
USP22	PHKB	1	1	1	1
USP22	STAT1	1	1	1	1
USP22	TMED10	1	1	1	1
USP22	TNIP1	1	1	1	1
USP6NL	BAMBI	1	1	1	1
USP6NL	CNDP2	1	1	1	1
USP6NL	NVL	1	1	1	1
USP6NL	PAF1	1	1	1	1
USP6NL	PDIA5	1	1	1	1
USP6NL	SCAND1	1	1	1	1
USP7	ARHGEF2	1	1	1	1
USP7	ATP11B	1	1	1	1
USP7	AURKA	1	1	1	1
USP7	CDC45	1	1	1	1
USP7	CENPE	1	1	1	1
USP7	COG7	1	1	1	1
USP7	CPSF4	1	1	1	1
USP7	CXCR4	1	1	1	1
USP7	DNAJA3	1	1	1	1
USP7	GFPT1	1	1	1	1
USP7	GMNN	1	1	1	1
USP7	GNB5	1	1	1	1
USP7	HAT1	1	1	1	1
USP7	HDAC6	1	1	1	1
USP7	HERC6	1	1	1	1
USP7	HTATSF1	1	1	1	1
USP7	MAP3K4	1	1	1	1
USP7	MYC	1	1	1	1
USP7	MYCBP	1	1	1	1
USP7	NPC1	1	1	1	1
USP7	PGRMC1	1	1	1	1
USP7	POLE2	1	1	1	1
USP7	PRKACA	1	1	1	1
USP7	SPRED2	1	1	1	1
USP7	TRIB3	1	1	1	1
USP7	TRIM2	1	1	1	1
USP7	ZNF395	1	1	1	1
UTP14A	ACAA1	1	1	1	1
UTP14A	ARNT2	1	1	1	1
UTP14A	BAG3	1	1	1	1
UTP14A	CDC45	1	1	1	1
UTP14A	CDKN1A	1	1	1	1
UTP14A	CFLAR	1	1	1	1
UTP14A	DDX42	1	1	1	1
UTP14A	GRN	1	1	1	1
UTP14A	GRWD1	1	1	1	1
UTP14A	HMGCS1	1	1	1	1
UTP14A	KDM3A	1	1	1	1
UTP14A	KIAA0907	1	1	1	1
UTP14A	LYPLA1	1	1	1	1
UTP14A	NR1H2	1	1	1	1
UTP14A	NUCB2	1	1	1	1
UTP14A	NUDCD3	1	1	1	1
UTP14A	RELB	1	1	1	1
UTP14A	RNF167	1	1	1	1
UTP14A	SLC25A46	1	1	1	1
UTP14A	STMN1	1	1	1	1
UTP14A	TATDN2	1	1	1	1
UTP14A	TRIM2	1	1	1	1
VGLL4	ARNT2	1	1	1	1
VGLL4	BIRC5	1	1	1	1
VGLL4	COPB2	1	1	1	1
VGLL4	HEATR1	1	1	1	1
VGLL4	HEBP1	1	1	1	1
VGLL4	INPP1	1	1	1	1
VGLL4	MACF1	1	1	1	1
VGLL4	NIPSNAP1	1	1	1	1
VGLL4	PAX8	1	1	1	1
VGLL4	PPP2R5A	1	1	1	1
VGLL4	RRP12	1	1	1	1
VGLL4	SKIV2L	1	1	1	1
VGLL4	TIMP2	1	1	1	1
VPS28	CAST	1	1	1	1
VPS28	HMGCS1	1	1	1	1
VPS28	IGF2R	1	1	1	1
VPS28	JMJD6	1	1	1	1
VPS28	NRIP1	1	1	1	1
VPS28	PAF1	1	1	1	1
VPS28	RPA3	1	1	1	1
VPS28	SCP2	1	1	1	1
VPS28	SLC27A3	1	1	1	1
VPS72	BDH1	1	1	1	1
VPS72	DPH2	1	1	1	1
VPS72	GFPT1	1	1	1	1
VPS72	HMG20B	1	1	1	1
VPS72	ICMT	1	1	1	1
VPS72	KIT	1	1	1	1
VPS72	NRAS	1	1	1	1
VPS72	POLR2K	1	1	1	1
VPS72	SLC25A46	1	1	1	1
VPS72	TOMM34	1	1	1	1
WDR7	B3GNT1	1	1	1	1
WDR7	BNIP3	1	1	1	1
WDR7	CTSD	1	1	1	1
WDR7	EML3	1	1	1	1
WDR7	FAS	1	1	1	1
WDR7	HIST2H2BE	1	1	1	1
WDR7	IKBKAP	1	1	1	1
WDR7	KEAP1	1	1	1	1
WDR7	MAP4K4	1	1	1	1
WDR7	MTHFD2	1	1	1	1
WDR7	RAB21	1	1	1	1
WDR7	TMEM97	1	1	1	1
WDR7	TPD52L2	1	1	1	1
WDTC1	C2CD2L	1	1	1	1
WDTC1	TWF2	1	1	1	1
WDTC1	YME1L1	1	1	1	1
WFS1	CSK	1	1	1	1
WFS1	KEAP1	1	1	1	1
WFS1	TSPAN3	1	1	1	1
WFS1	WIPF2	1	1	1	1
WIPF2	ETFB	1	1	1	1
WIPF2	PDIA5	1	1	1	1
WIPF2	TOP2A	1	1	1	1
XPNPEP1	HERC6	1	1	1	1
XPNPEP1	JUN	1	1	1	1
XPNPEP1	PYGL	1	1	1	1
XPO7	ABCF3	1	1	1	1
XPO7	ATP5S	1	1	1	1
XPO7	CAT	1	1	1	1
XPO7	COPB2	1	1	1	1
XPO7	GMNN	1	1	1	1
XPO7	IL13RA1	1	1	1	1
XPO7	P4HTM	1	1	1	1
XPO7	PRCP	1	1	1	1
XPO7	PTPN1	1	1	1	1
XPO7	RAD51C	1	1	1	1
XPO7	RPA1	1	1	1	1
XPO7	SMC4	1	1	1	1
XPO7	SMNDC1	1	1	1	1
XPO7	SPAG7	1	1	1	1
XPO7	TRAPPC3	1	1	1	1
YME1L1	ADCK3	1	1	1	1
YME1L1	AKR7A2	1	1	1	1
YME1L1	BHLHE40	1	1	1	1
YME1L1	CCNF	1	1	1	1
YME1L1	HERC6	1	1	1	1
YME1L1	KTN1	1	1	1	1
YME1L1	NOLC1	1	1	1	1
YME1L1	PNKP	1	1	1	1
YME1L1	RAP1GAP	1	1	1	1
YME1L1	RPA2	1	1	1	1
YME1L1	SOCS2	1	1	1	1
YME1L1	TNFRSF21	1	1	1	1
YTHDF1	ATP1B1	1	1	1	1
YTHDF1	DNAJB6	1	1	1	1
YTHDF1	IL4R	1	1	1	1
YTHDF1	NUDT9	1	1	1	1
YTHDF1	PRPF4	1	1	1	1
YTHDF1	S100A4	1	1	1	1
YTHDF1	STAMBP	1	1	1	1
ZFP36	ADAM10	1	1	1	1
ZFP36	AKAP8L	1	1	1	1
ZFP36	ARID4B	1	1	1	1
ZFP36	ATP6V0B	1	1	1	1
ZFP36	BHLHE40	1	1	1	1
ZFP36	CETN3	1	1	1	1
ZFP36	CSNK2A2	1	1	1	1
ZFP36	DLD	1	1	1	1
ZFP36	DPH2	1	1	1	1
ZFP36	ELAVL1	1	1	1	1
ZFP36	ENOPH1	1	1	1	1
ZFP36	FAM69A	1	1	1	1
ZFP36	FCHO1	1	1	1	1
ZFP36	FDFT1	1	1	1	1
ZFP36	FOXO4	1	1	1	1
ZFP36	FUT1	1	1	1	1
ZFP36	GFOD1	1	1	1	1
ZFP36	HOMER2	1	1	1	1
ZFP36	IKBKE	1	1	1	1
ZFP36	ISOC1	1	1	1	1
ZFP36	KIAA1033	1	1	1	1
ZFP36	MCM3	1	1	1	1
ZFP36	NUDT9	1	1	1	1
ZFP36	P4HA2	1	1	1	1
ZFP36	PACSIN3	1	1	1	1
ZFP36	PAK4	1	1	1	1
ZFP36	PDHX	1	1	1	1
ZFP36	PIK3C2B	1	1	1	1
ZFP36	PNP	1	1	1	1
ZFP36	PRPF4	1	1	1	1
ZFP36	PTK2	1	1	1	1
ZFP36	RAB21	1	1	1	1
ZFP36	SCYL3	1	1	1	1
ZFP36	SMARCC1	1	1	1	1
ZFP36	STK10	1	1	1	1
ZFP36	TIMM9	1	1	1	1
ZFP36	TP53BP2	1	1	1	1
ZFP36	UTP14A	1	1	1	1
ZNF274	FOXJ3	1	1	1	1
ZNF274	TMEM97	1	1	1	1
ZNF451	ADAM10	1	1	1	1
ZNF586	AGL	1	1	1	1
ZNF586	EBP	1	1	1	1
ZNF586	FAM69A	1	1	1	1
ZNF586	FOS	1	1	1	1
ZNF586	GPC1	1	1	1	1
ZNF586	IGHMBP2	1	1	1	1
ZNF586	ISOC1	1	1	1	1
ZNF586	KDM5B	1	1	1	1
ZNF586	MAPKAPK5	1	1	1	1
ZNF586	MAST2	1	1	1	1
ZNF586	NOLC1	1	1	1	1
ZNF586	PRPF4	1	1	1	1
ZNF586	ZFP36	1	1	1	1
ZNF589	CTNND1	1	1	1	1
ZNF589	LRPAP1	1	1	1	1
