ACD	GHR	1	1	1	1
ADAT1	FGFR2	1	1	1	1
ADAT1	PPIE	1	1	1	1
ALAS1	SKIV2L	1	1	1	1
AMDHD2	ABCF3	1	1	1	1
AMDHD2	ABHD4	1	1	1	1
AMDHD2	ACAA1	1	1	1	1
AMDHD2	ACBD3	1	1	1	1
AMDHD2	ACLY	1	1	1	1
AMDHD2	ACOT9	1	1	1	1
AMDHD2	ADAM10	1	1	1	1
AMDHD2	ADAT1	1	1	1	1
AMDHD2	ADH5	1	1	1	1
AMDHD2	ADI1	1	1	1	1
AMDHD2	ADO	1	1	1	1
AMDHD2	AKAP8	1	1	1	1
AMDHD2	AKR7A2	1	1	1	1
AMDHD2	AKT1	1	1	1	1
AMDHD2	ALAS1	1	1	1	1
AMDHD2	ALDOC	1	1	1	1
AMDHD2	AMDHD2	1	1	1	1
AMDHD2	ANKRD10	1	1	1	1
AMDHD2	ANO10	1	1	1	1
AMDHD2	APP	1	1	1	1
AMDHD2	ARHGAP1	1	1	1	1
AMDHD2	ARHGEF12	1	1	1	1
AMDHD2	ARID5B	1	1	1	1
AMDHD2	ARL4C	1	1	1	1
AMDHD2	ASCC3	1	1	1	1
AMDHD2	ATF1	1	1	1	1
AMDHD2	ATF6	1	1	1	1
AMDHD2	ATG3	1	1	1	1
AMDHD2	ATP6V0B	1	1	1	1
AMDHD2	ATP6V1D	1	1	1	1
AMDHD2	AURKA	1	1	1	1
AMDHD2	AXIN1	1	1	1	1
AMDHD2	B3GNT1	1	1	1	1
AMDHD2	BAD	1	1	1	1
AMDHD2	BAG3	1	1	1	1
AMDHD2	BCL7B	1	1	1	1
AMDHD2	BHLHE40	1	1	1	1
AMDHD2	BIRC5	1	1	1	1
AMDHD2	BLCAP	1	1	1	1
AMDHD2	BLMH	1	1	1	1
AMDHD2	BLVRA	1	1	1	1
AMDHD2	BMP4	1	1	1	1
AMDHD2	BNIP3	1	1	1	1
AMDHD2	BPHL	1	1	1	1
AMDHD2	BRCA1	1	1	1	1
AMDHD2	BTK	1	1	1	1
AMDHD2	BUB1B	1	1	1	1
AMDHD2	BZW2	1	1	1	1
AMDHD2	C2CD2L	1	1	1	1
AMDHD2	C5	1	1	1	1
AMDHD2	CAB39	1	1	1	1
AMDHD2	CALU	1	1	1	1
AMDHD2	CAMSAP2	1	1	1	1
AMDHD2	CANT1	1	1	1	1
AMDHD2	CAPN1	1	1	1	1
AMDHD2	CASK	1	1	1	1
AMDHD2	CASP10	1	1	1	1
AMDHD2	CASP3	1	1	1	1
AMDHD2	CAST	1	1	1	1
AMDHD2	CAT	1	1	1	1
AMDHD2	CBLB	1	1	1	1
AMDHD2	CBR1	1	1	1	1
AMDHD2	CBR3	1	1	1	1
AMDHD2	CCDC85B	1	1	1	1
AMDHD2	CCDC86	1	1	1	1
AMDHD2	CCL2	1	1	1	1
AMDHD2	CCNA1	1	1	1	1
AMDHD2	CCNA2	1	1	1	1
AMDHD2	CCNB2	1	1	1	1
AMDHD2	CCND1	1	1	1	1
AMDHD2	CCND3	1	1	1	1
AMDHD2	CCNE2	1	1	1	1
AMDHD2	CCNF	1	1	1	1
AMDHD2	CCNH	1	1	1	1
AMDHD2	CD320	1	1	1	1
AMDHD2	CD44	1	1	1	1
AMDHD2	CD58	1	1	1	1
AMDHD2	CDC25B	1	1	1	1
AMDHD2	CDCA4	1	1	1	1
AMDHD2	CDH3	1	1	1	1
AMDHD2	CDK2	1	1	1	1
AMDHD2	CDK6	1	1	1	1
AMDHD2	CDKN1A	1	1	1	1
AMDHD2	CDKN2A	1	1	1	1
AMDHD2	CEBPA	1	1	1	1
AMDHD2	CEBPD	1	1	1	1
AMDHD2	CEP57	1	1	1	1
AMDHD2	CERK	1	1	1	1
AMDHD2	CETN3	1	1	1	1
AMDHD2	CFLAR	1	1	1	1
AMDHD2	CGRRF1	1	1	1	1
AMDHD2	CHEK1	1	1	1	1
AMDHD2	CHEK2	1	1	1	1
AMDHD2	CHMP6	1	1	1	1
AMDHD2	CIAPIN1	1	1	1	1
AMDHD2	CIRBP	1	1	1	1
AMDHD2	CISD1	1	1	1	1
AMDHD2	CLIC4	1	1	1	1
AMDHD2	CLPX	1	1	1	1
AMDHD2	CLSTN1	1	1	1	1
AMDHD2	CNOT4	1	1	1	1
AMDHD2	COG7	1	1	1	1
AMDHD2	COPB2	1	1	1	1
AMDHD2	COPS7A	1	1	1	1
AMDHD2	CPNE3	1	1	1	1
AMDHD2	CPSF4	1	1	1	1
AMDHD2	CREB1	1	1	1	1
AMDHD2	CRK	1	1	1	1
AMDHD2	CRKL	1	1	1	1
AMDHD2	CRTAP	1	1	1	1
AMDHD2	CRYZ	1	1	1	1
AMDHD2	CSK	1	1	1	1
AMDHD2	CTNND1	1	1	1	1
AMDHD2	CXCR4	1	1	1	1
AMDHD2	CYTH1	1	1	1	1
AMDHD2	DAG1	1	1	1	1
AMDHD2	DAXX	1	1	1	1
AMDHD2	DCK	1	1	1	1
AMDHD2	DCTD	1	1	1	1
AMDHD2	DCUN1D4	1	1	1	1
AMDHD2	DDB2	1	1	1	1
AMDHD2	DDIT4	1	1	1	1
AMDHD2	DDR1	1	1	1	1
AMDHD2	DDX42	1	1	1	1
AMDHD2	DECR1	1	1	1	1
AMDHD2	DENND2D	1	1	1	1
AMDHD2	DFFA	1	1	1	1
AMDHD2	DFFB	1	1	1	1
AMDHD2	DHDDS	1	1	1	1
AMDHD2	DHRS7	1	1	1	1
AMDHD2	DHX29	1	1	1	1
AMDHD2	DLD	1	1	1	1
AMDHD2	DNAJA3	1	1	1	1
AMDHD2	DNAJB2	1	1	1	1
AMDHD2	DNAJB6	1	1	1	1
AMDHD2	DNAJC15	1	1	1	1
AMDHD2	DNTTIP2	1	1	1	1
AMDHD2	DPH2	1	1	1	1
AMDHD2	DRAP1	1	1	1	1
AMDHD2	DSG2	1	1	1	1
AMDHD2	DUSP11	1	1	1	1
AMDHD2	DUSP14	1	1	1	1
AMDHD2	DUSP22	1	1	1	1
AMDHD2	EAPP	1	1	1	1
AMDHD2	EBNA1BP2	1	1	1	1
AMDHD2	ECD	1	1	1	1
AMDHD2	ECH1	1	1	1	1
AMDHD2	EDN1	1	1	1	1
AMDHD2	EGF	1	1	1	1
AMDHD2	EIF4EBP1	1	1	1	1
AMDHD2	EIF5	1	1	1	1
AMDHD2	ELAVL1	1	1	1	1
AMDHD2	ELOVL6	1	1	1	1
AMDHD2	ENOPH1	1	1	1	1
AMDHD2	EPB41L2	1	1	1	1
AMDHD2	EPHA3	1	1	1	1
AMDHD2	EPHB2	1	1	1	1
AMDHD2	EPN2	1	1	1	1
AMDHD2	EPRS	1	1	1	1
AMDHD2	ERBB2	1	1	1	1
AMDHD2	ERO1L	1	1	1	1
AMDHD2	ETFB	1	1	1	1
AMDHD2	FAH	1	1	1	1
AMDHD2	FAIM	1	1	1	1
AMDHD2	FAM57A	1	1	1	1
AMDHD2	FAM63A	1	1	1	1
AMDHD2	FBXL12	1	1	1	1
AMDHD2	FBXO11	1	1	1	1
AMDHD2	FBXO7	1	1	1	1
AMDHD2	FDFT1	1	1	1	1
AMDHD2	FGFR4	1	1	1	1
AMDHD2	FHL2	1	1	1	1
AMDHD2	FOS	1	1	1	1
AMDHD2	FOXO4	1	1	1	1
AMDHD2	FPGS	1	1	1	1
AMDHD2	FSD1	1	1	1	1
AMDHD2	FUT1	1	1	1	1
AMDHD2	FYN	1	1	1	1
AMDHD2	GAA	1	1	1	1
AMDHD2	GABPB1	1	1	1	1
AMDHD2	GADD45A	1	1	1	1
AMDHD2	GADD45B	1	1	1	1
AMDHD2	GATA3	1	1	1	1
AMDHD2	GFPT1	1	1	1	1
AMDHD2	GHR	1	1	1	1
AMDHD2	GNA11	1	1	1	1
AMDHD2	GNB5	1	1	1	1
AMDHD2	GPR56	1	1	1	1
AMDHD2	GRN	1	1	1	1
AMDHD2	GRWD1	1	1	1	1
AMDHD2	GTF2A2	1	1	1	1
AMDHD2	GTF2E2	1	1	1	1
AMDHD2	GTPBP8	1	1	1	1
AMDHD2	H2AFV	1	1	1	1
AMDHD2	HAT1	1	1	1	1
AMDHD2	HDAC2	1	1	1	1
AMDHD2	HDAC6	1	1	1	1
AMDHD2	HEATR1	1	1	1	1
AMDHD2	HERC6	1	1	1	1
AMDHD2	HIF1A	1	1	1	1
AMDHD2	HK1	1	1	1	1
AMDHD2	HMGCR	1	1	1	1
AMDHD2	HN1L	1	1	1	1
AMDHD2	HOXA10	1	1	1	1
AMDHD2	HOXA5	1	1	1	1
AMDHD2	HSPB1	1	1	1	1
AMDHD2	HYOU1	1	1	1	1
AMDHD2	IARS2	1	1	1	1
AMDHD2	ICAM1	1	1	1	1
AMDHD2	ICMT	1	1	1	1
AMDHD2	IDE	1	1	1	1
AMDHD2	IER3	1	1	1	1
AMDHD2	IFRD2	1	1	1	1
AMDHD2	IGF2BP2	1	1	1	1
AMDHD2	IGF2R	1	1	1	1
AMDHD2	IGFBP3	1	1	1	1
AMDHD2	IGHMBP2	1	1	1	1
AMDHD2	IKBKAP	1	1	1	1
AMDHD2	IKBKE	1	1	1	1
AMDHD2	IL13RA1	1	1	1	1
AMDHD2	IL1B	1	1	1	1
AMDHD2	IL4R	1	1	1	1
AMDHD2	ILK	1	1	1	1
AMDHD2	INPP4B	1	1	1	1
AMDHD2	IPO13	1	1	1	1
AMDHD2	ITFG1	1	1	1	1
AMDHD2	ITGAE	1	1	1	1
AMDHD2	JMJD6	1	1	1	1
AMDHD2	JUN	1	1	1	1
AMDHD2	KAT6A	1	1	1	1
AMDHD2	KAT6B	1	1	1	1
AMDHD2	KDELR2	1	1	1	1
AMDHD2	KDM5A	1	1	1	1
AMDHD2	KDM5B	1	1	1	1
AMDHD2	KIAA0100	1	1	1	1
AMDHD2	KIAA0355	1	1	1	1
AMDHD2	KIAA0753	1	1	1	1
AMDHD2	KIAA0907	1	1	1	1
AMDHD2	KIAA1033	1	1	1	1
AMDHD2	KIAA1279	1	1	1	1
AMDHD2	KIF14	1	1	1	1
AMDHD2	KIF20A	1	1	1	1
AMDHD2	KIF5C	1	1	1	1
AMDHD2	KIT	1	1	1	1
AMDHD2	KLHL21	1	1	1	1
AMDHD2	KLHL9	1	1	1	1
AMDHD2	LAGE3	1	1	1	1
AMDHD2	LAMA3	1	1	1	1
AMDHD2	LBR	1	1	1	1
AMDHD2	LGALS8	1	1	1	1
AMDHD2	LGMN	1	1	1	1
AMDHD2	LIG1	1	1	1	1
AMDHD2	LOXL1	1	1	1	1
AMDHD2	LPAR2	1	1	1	1
AMDHD2	LRPAP1	1	1	1	1
AMDHD2	LRRC41	1	1	1	1
AMDHD2	LSM5	1	1	1	1
AMDHD2	LSM6	1	1	1	1
AMDHD2	MACF1	1	1	1	1
AMDHD2	MAP3K4	1	1	1	1
AMDHD2	MAP7	1	1	1	1
AMDHD2	MAPK13	1	1	1	1
AMDHD2	MAPK9	1	1	1	1
AMDHD2	MAPKAPK2	1	1	1	1
AMDHD2	MAPKAPK5	1	1	1	1
AMDHD2	MAT2A	1	1	1	1
AMDHD2	MBNL1	1	1	1	1
AMDHD2	MBOAT7	1	1	1	1
AMDHD2	MBTPS1	1	1	1	1
AMDHD2	MCM3	1	1	1	1
AMDHD2	MEF2C	1	1	1	1
AMDHD2	MEST	1	1	1	1
AMDHD2	MLEC	1	1	1	1
AMDHD2	MLLT11	1	1	1	1
AMDHD2	MMP1	1	1	1	1
AMDHD2	MMP2	1	1	1	1
AMDHD2	MOK	1	1	1	1
AMDHD2	MRPL19	1	1	1	1
AMDHD2	MRPS16	1	1	1	1
AMDHD2	MSH6	1	1	1	1
AMDHD2	MTA1	1	1	1	1
AMDHD2	MTF2	1	1	1	1
AMDHD2	MTHFD2	1	1	1	1
AMDHD2	MVP	1	1	1	1
AMDHD2	MYBL2	1	1	1	1
AMDHD2	MYCBP	1	1	1	1
AMDHD2	MYL9	1	1	1	1
AMDHD2	MYLK	1	1	1	1
AMDHD2	MYO10	1	1	1	1
AMDHD2	NARFL	1	1	1	1
AMDHD2	NCAPD2	1	1	1	1
AMDHD2	NCOA3	1	1	1	1
AMDHD2	NENF	1	1	1	1
AMDHD2	NFE2L2	1	1	1	1
AMDHD2	NFKB2	1	1	1	1
AMDHD2	NFKBIA	1	1	1	1
AMDHD2	NFKBIB	1	1	1	1
AMDHD2	NFKBIE	1	1	1	1
AMDHD2	NIT1	1	1	1	1
AMDHD2	NNT	1	1	1	1
AMDHD2	NOS3	1	1	1	1
AMDHD2	NOSIP	1	1	1	1
AMDHD2	NPC1	1	1	1	1
AMDHD2	NR2F6	1	1	1	1
AMDHD2	NRAS	1	1	1	1
AMDHD2	NSDHL	1	1	1	1
AMDHD2	NT5DC2	1	1	1	1
AMDHD2	NUCB2	1	1	1	1
AMDHD2	NUDT9	1	1	1	1
AMDHD2	NUP133	1	1	1	1
AMDHD2	NUP62	1	1	1	1
AMDHD2	NUP85	1	1	1	1
AMDHD2	NUP88	1	1	1	1
AMDHD2	NUSAP1	1	1	1	1
AMDHD2	NVL	1	1	1	1
AMDHD2	ORC1	1	1	1	1
AMDHD2	OXA1L	1	1	1	1
AMDHD2	OXCT1	1	1	1	1
AMDHD2	P4HA2	1	1	1	1
AMDHD2	P4HTM	1	1	1	1
AMDHD2	PACSIN3	1	1	1	1
AMDHD2	PAF1	1	1	1	1
AMDHD2	PAK1	1	1	1	1
AMDHD2	PAK4	1	1	1	1
AMDHD2	PAN2	1	1	1	1
AMDHD2	PAPD7	1	1	1	1
AMDHD2	PARP1	1	1	1	1
AMDHD2	PCK2	1	1	1	1
AMDHD2	PCM1	1	1	1	1
AMDHD2	PCMT1	1	1	1	1
AMDHD2	PDHX	1	1	1	1
AMDHD2	PDLIM1	1	1	1	1
AMDHD2	PECR	1	1	1	1
AMDHD2	PEX11A	1	1	1	1
AMDHD2	PGM1	1	1	1	1
AMDHD2	PGRMC1	1	1	1	1
AMDHD2	PHGDH	1	1	1	1
AMDHD2	PHKG2	1	1	1	1
AMDHD2	PIH1D1	1	1	1	1
AMDHD2	PIK3CA	1	1	1	1
AMDHD2	PIK3R3	1	1	1	1
AMDHD2	PIK3R4	1	1	1	1
AMDHD2	PKIG	1	1	1	1
AMDHD2	PLCB3	1	1	1	1
AMDHD2	PLK1	1	1	1	1
AMDHD2	PLOD3	1	1	1	1
AMDHD2	PLP2	1	1	1	1
AMDHD2	PLS1	1	1	1	1
AMDHD2	PMAIP1	1	1	1	1
AMDHD2	PMM2	1	1	1	1
AMDHD2	PNP	1	1	1	1
AMDHD2	POLB	1	1	1	1
AMDHD2	POLG2	1	1	1	1
AMDHD2	POLR2K	1	1	1	1
AMDHD2	POP4	1	1	1	1
AMDHD2	PPARG	1	1	1	1
AMDHD2	PPP1R13B	1	1	1	1
AMDHD2	PRAF2	1	1	1	1
AMDHD2	PRPF4	1	1	1	1
AMDHD2	PRR15L	1	1	1	1
AMDHD2	PRR7	1	1	1	1
AMDHD2	PRSS23	1	1	1	1
AMDHD2	PRUNE	1	1	1	1
AMDHD2	PSMB10	1	1	1	1
AMDHD2	PSMB8	1	1	1	1
AMDHD2	PSMD10	1	1	1	1
AMDHD2	PSMD2	1	1	1	1
AMDHD2	PSME1	1	1	1	1
AMDHD2	PSRC1	1	1	1	1
AMDHD2	PTGS2	1	1	1	1
AMDHD2	PTPLAD1	1	1	1	1
AMDHD2	PTPN1	1	1	1	1
AMDHD2	PYCR1	1	1	1	1
AMDHD2	PYGL	1	1	1	1
AMDHD2	RAB21	1	1	1	1
AMDHD2	RAB4A	1	1	1	1
AMDHD2	RAD51C	1	1	1	1
AMDHD2	RAE1	1	1	1	1
AMDHD2	RALA	1	1	1	1
AMDHD2	RALB	1	1	1	1
AMDHD2	RALGDS	1	1	1	1
AMDHD2	RAP1GAP	1	1	1	1
AMDHD2	RASA1	1	1	1	1
AMDHD2	RB1	1	1	1	1
AMDHD2	RBKS	1	1	1	1
AMDHD2	RBM6	1	1	1	1
AMDHD2	REEP5	1	1	1	1
AMDHD2	RELB	1	1	1	1
AMDHD2	RFX5	1	1	1	1
AMDHD2	RGS2	1	1	1	1
AMDHD2	RHOA	1	1	1	1
AMDHD2	RNH1	1	1	1	1
AMDHD2	RNMT	1	1	1	1
AMDHD2	RPA1	1	1	1	1
AMDHD2	RPA2	1	1	1	1
AMDHD2	RPA3	1	1	1	1
AMDHD2	RPIA	1	1	1	1
AMDHD2	RPL39L	1	1	1	1
AMDHD2	RPS6	1	1	1	1
AMDHD2	RPS6KA1	1	1	1	1
AMDHD2	RRP12	1	1	1	1
AMDHD2	RRP1B	1	1	1	1
AMDHD2	RRP8	1	1	1	1
AMDHD2	RRS1	1	1	1	1
AMDHD2	RSU1	1	1	1	1
AMDHD2	RTN2	1	1	1	1
AMDHD2	SATB1	1	1	1	1
AMDHD2	SCAND1	1	1	1	1
AMDHD2	SCARB1	1	1	1	1
AMDHD2	SCCPDH	1	1	1	1
AMDHD2	SCYL3	1	1	1	1
AMDHD2	SERPINE1	1	1	1	1
AMDHD2	SFN	1	1	1	1
AMDHD2	SGCB	1	1	1	1
AMDHD2	SHB	1	1	1	1
AMDHD2	SKP1	1	1	1	1
AMDHD2	SLC25A13	1	1	1	1
AMDHD2	SLC25A4	1	1	1	1
AMDHD2	SLC25A46	1	1	1	1
AMDHD2	SLC27A3	1	1	1	1
AMDHD2	SLC35A3	1	1	1	1
AMDHD2	SLC35B1	1	1	1	1
AMDHD2	SMAD3	1	1	1	1
AMDHD2	SMARCA4	1	1	1	1
AMDHD2	SMARCC1	1	1	1	1
AMDHD2	SMARCD2	1	1	1	1
AMDHD2	SMC1A	1	1	1	1
AMDHD2	SMC4	1	1	1	1
AMDHD2	SMNDC1	1	1	1	1
AMDHD2	SNCA	1	1	1	1
AMDHD2	SNX11	1	1	1	1
AMDHD2	SNX13	1	1	1	1
AMDHD2	SNX7	1	1	1	1
AMDHD2	SOCS2	1	1	1	1
AMDHD2	SORBS3	1	1	1	1
AMDHD2	SOX2	1	1	1	1
AMDHD2	SOX4	1	1	1	1
AMDHD2	SPAG4	1	1	1	1
AMDHD2	SPAG7	1	1	1	1
AMDHD2	SPDEF	1	1	1	1
AMDHD2	SPRED2	1	1	1	1
AMDHD2	SPTAN1	1	1	1	1
AMDHD2	SPTLC2	1	1	1	1
AMDHD2	SQRDL	1	1	1	1
AMDHD2	SRC	1	1	1	1
AMDHD2	SSBP2	1	1	1	1
AMDHD2	ST7	1	1	1	1
AMDHD2	STAMBP	1	1	1	1
AMDHD2	STAT1	1	1	1	1
AMDHD2	STAT3	1	1	1	1
AMDHD2	STAT5B	1	1	1	1
AMDHD2	STK10	1	1	1	1
AMDHD2	STUB1	1	1	1	1
AMDHD2	STX1A	1	1	1	1
AMDHD2	STXBP1	1	1	1	1
AMDHD2	SUPV3L1	1	1	1	1
AMDHD2	SYK	1	1	1	1
AMDHD2	SYPL1	1	1	1	1
AMDHD2	TARBP1	1	1	1	1
AMDHD2	TATDN2	1	1	1	1
AMDHD2	TBC1D9B	1	1	1	1
AMDHD2	TBP	1	1	1	1
AMDHD2	TBPL1	1	1	1	1
AMDHD2	TBX2	1	1	1	1
AMDHD2	TCEA2	1	1	1	1
AMDHD2	TCEAL4	1	1	1	1
AMDHD2	TCTA	1	1	1	1
AMDHD2	TCTN1	1	1	1	1
AMDHD2	TERF2IP	1	1	1	1
AMDHD2	TES	1	1	1	1
AMDHD2	TEX10	1	1	1	1
AMDHD2	TFAP2A	1	1	1	1
AMDHD2	TGFBR2	1	1	1	1
AMDHD2	THAP11	1	1	1	1
AMDHD2	TIMELESS	1	1	1	1
AMDHD2	TIMM17B	1	1	1	1
AMDHD2	TIMM9	1	1	1	1
AMDHD2	TIMP2	1	1	1	1
AMDHD2	TJP1	1	1	1	1
AMDHD2	TM9SF2	1	1	1	1
AMDHD2	TMCO1	1	1	1	1
AMDHD2	TMED10	1	1	1	1
AMDHD2	TMEM109	1	1	1	1
AMDHD2	TMEM50A	1	1	1	1
AMDHD2	TMEM97	1	1	1	1
AMDHD2	TNFRSF21	1	1	1	1
AMDHD2	TNIP1	1	1	1	1
AMDHD2	TOP2A	1	1	1	1
AMDHD2	TOR1A	1	1	1	1
AMDHD2	TP53	1	1	1	1
AMDHD2	TPD52L2	1	1	1	1
AMDHD2	TPM1	1	1	1	1
AMDHD2	TRAK2	1	1	1	1
AMDHD2	TRAM2	1	1	1	1
AMDHD2	TRAPPC3	1	1	1	1
AMDHD2	TRIB1	1	1	1	1
AMDHD2	TRIB3	1	1	1	1
AMDHD2	TXLNA	1	1	1	1
AMDHD2	TXNDC9	1	1	1	1
AMDHD2	UBE2L6	1	1	1	1
AMDHD2	UBQLN2	1	1	1	1
AMDHD2	UBR7	1	1	1	1
AMDHD2	UGDH	1	1	1	1
AMDHD2	USP1	1	1	1	1
AMDHD2	USP14	1	1	1	1
AMDHD2	USP7	1	1	1	1
AMDHD2	UTP14A	1	1	1	1
AMDHD2	VPS28	1	1	1	1
AMDHD2	VPS72	1	1	1	1
AMDHD2	WASF3	1	1	1	1
AMDHD2	WFS1	1	1	1	1
AMDHD2	WIPF2	1	1	1	1
AMDHD2	WRB	1	1	1	1
AMDHD2	XPNPEP1	1	1	1	1
AMDHD2	XPO7	1	1	1	1
AMDHD2	YKT6	1	1	1	1
AMDHD2	YME1L1	1	1	1	1
AMDHD2	ZDHHC6	1	1	1	1
AMDHD2	ZMIZ1	1	1	1	1
AMDHD2	ZMYM2	1	1	1	1
AMDHD2	ZNF131	1	1	1	1
AMDHD2	ZNF274	1	1	1	1
AMDHD2	ZNF395	1	1	1	1
AMDHD2	ZNF451	1	1	1	1
AMDHD2	ZNF586	1	1	1	1
AMDHD2	ZNF589	1	1	1	1
AMDHD2	ZW10	1	1	1	1
ARID5B	SCAND1	1	1	1	1
ARID5B	TSTA3	1	1	1	1
ATF1	EPHB2	1	1	1	1
ATMIN	DUSP14	1	1	1	1
ATP5S	TRAPPC6A	1	1	1	1
BDH1	PFKL	1	1	1	1
CASP10	SACM1L	1	1	1	1
CCDC92	ATP2C1	1	1	1	1
CCDC92	JUN	1	1	1	1
CCDC92	MAMLD1	1	1	1	1
CCNB1	APBB2	1	1	1	1
CCNE2	DCTD	1	1	1	1
CCNF	NFIL3	1	1	1	1
CDC20	PLOD3	1	1	1	1
CDC20	SCCPDH	1	1	1	1
CDC42	SQSTM1	1	1	1	1
CDK2	GNPDA1	1	1	1	1
CEBPA	INPP1	1	1	1	1
CHERP	ARFIP2	1	1	1	1
CLTB	KDM5A	1	1	1	1
CRYZ	ADAM10	1	1	1	1
CTNNAL1	LAMA3	1	1	1	1
CTNNAL1	MIF	1	1	1	1
CTSD	GRB7	1	1	1	1
CYTH1	AKR7A2	1	1	1	1
CYTH1	SPAG7	1	1	1	1
CYTH1	TRAP1	1	1	1	1
DAXX	CCNE2	1	1	1	1
DAXX	MAPKAPK2	1	1	1	1
DAXX	ST6GALNAC2	1	1	1	1
DFFA	CANT1	1	1	1	1
DNAJB6	PGAM1	1	1	1	1
DNAJB6	SDHB	1	1	1	1
DNAJB6	YME1L1	1	1	1	1
DUSP11	KIF2C	1	1	1	1
DUSP11	TSEN2	1	1	1	1
EIF4G1	GTF2A2	1	1	1	1
EIF4G1	IL13RA1	1	1	1	1
EIF4G1	PRKACA	1	1	1	1
EIF4G1	RAE1	1	1	1	1
EIF5	DRAP1	1	1	1	1
ELOVL6	IQGAP1	1	1	1	1
ENOSF1	MAPK9	1	1	1	1
ENOSF1	RAP1GAP	1	1	1	1
ENOSF1	SLC2A6	1	1	1	1
ETV1	ABCF3	1	1	1	1
ETV1	HOXA5	1	1	1	1
FAM57A	NENF	1	1	1	1
FAM69A	CSK	1	1	1	1
FAM69A	STAT5B	1	1	1	1
FBXO11	ZMIZ1	1	1	1	1
FBXO7	ADO	1	1	1	1
FBXO7	IGHMBP2	1	1	1	1
FBXO7	INTS3	1	1	1	1
FOS	PAK1	1	1	1	1
FOXJ3	CCNF	1	1	1	1
FOXJ3	PRAF2	1	1	1	1
FOXO3	HK1	1	1	1	1
FOXO3	SCYL3	1	1	1	1
FSD1	ADAM10	1	1	1	1
FSD1	HSPA4	1	1	1	1
FSD1	JMJD6	1	1	1	1
HEATR1	GRN	1	1	1	1
HEATR1	HDAC2	1	1	1	1
HIF1A	CNPY3	1	1	1	1
HIF1A	DFFA	1	1	1	1
HIF1A	GPR56	1	1	1	1
HK1	SPTAN1	1	1	1	1
HPRT1	CSNK2A2	1	1	1	1
HPRT1	PTK2B	1	1	1	1
ICAM1	ANXA7	1	1	1	1
IFRD2	MAST2	1	1	1	1
IFRD2	PCBD1	1	1	1	1
IGF1R	ME2	1	1	1	1
IGF1R	RPS6	1	1	1	1
IGF1R	SOX4	1	1	1	1
IKBKE	CHEK2	1	1	1	1
IKBKE	CHERP	1	1	1	1
IKBKE	POLD4	1	1	1	1
INTS3	BAX	1	1	1	1
INTS3	CYB561	1	1	1	1
INTS3	PARP1	1	1	1	1
INTS3	STX1A	1	1	1	1
ITGB1BP1	PIK3R4	1	1	1	1
ITGB1BP1	PSME1	1	1	1	1
KCNK1	CASC3	1	1	1	1
KDM5B	ACLY	1	1	1	1
KIAA0100	CSNK1E	1	1	1	1
KTN1	DNAJA3	1	1	1	1
KTN1	KIAA0100	1	1	1	1
KTN1	ZMYM2	1	1	1	1
LAMA3	AARS	1	1	1	1
LAMA3	ABCC5	1	1	1	1
LAMA3	ABCF1	1	1	1	1
LAMA3	ABCF3	1	1	1	1
LAMA3	ABHD4	1	1	1	1
LAMA3	ABHD6	1	1	1	1
LAMA3	ACBD3	1	1	1	1
LAMA3	ACD	1	1	1	1
LAMA3	ACLY	1	1	1	1
LAMA3	ACOT9	1	1	1	1
LAMA3	ADH5	1	1	1	1
LAMA3	ADI1	1	1	1	1
LAMA3	ADO	1	1	1	1
LAMA3	ADRB2	1	1	1	1
LAMA3	AGL	1	1	1	1
LAMA3	AKAP8	1	1	1	1
LAMA3	AKAP8L	1	1	1	1
LAMA3	AKR7A2	1	1	1	1
LAMA3	AKT1	1	1	1	1
LAMA3	ALDOA	1	1	1	1
LAMA3	AMDHD2	1	1	1	1
LAMA3	ANO10	1	1	1	1
LAMA3	APOE	1	1	1	1
LAMA3	APP	1	1	1	1
LAMA3	ARHGAP1	1	1	1	1
LAMA3	ARHGEF2	1	1	1	1
LAMA3	ASAH1	1	1	1	1
LAMA3	ASCC3	1	1	1	1
LAMA3	ATF1	1	1	1	1
LAMA3	ATF6	1	1	1	1
LAMA3	ATG3	1	1	1	1
LAMA3	ATP2C1	1	1	1	1
LAMA3	AURKA	1	1	1	1
LAMA3	AXIN1	1	1	1	1
LAMA3	B3GNT1	1	1	1	1
LAMA3	BACE2	1	1	1	1
LAMA3	BAD	1	1	1	1
LAMA3	BCL7B	1	1	1	1
LAMA3	BDH1	1	1	1	1
LAMA3	BHLHE40	1	1	1	1
LAMA3	BID	1	1	1	1
LAMA3	BIRC2	1	1	1	1
LAMA3	BIRC5	1	1	1	1
LAMA3	BLVRA	1	1	1	1
LAMA3	BTK	1	1	1	1
LAMA3	BZW2	1	1	1	1
LAMA3	C2CD2L	1	1	1	1
LAMA3	C5	1	1	1	1
LAMA3	CAB39	1	1	1	1
LAMA3	CALU	1	1	1	1
LAMA3	CAMSAP2	1	1	1	1
LAMA3	CANT1	1	1	1	1
LAMA3	CAPN1	1	1	1	1
LAMA3	CASP3	1	1	1	1
LAMA3	CAST	1	1	1	1
LAMA3	CAT	1	1	1	1
LAMA3	CCDC86	1	1	1	1
LAMA3	CCDC92	1	1	1	1
LAMA3	CCL2	1	1	1	1
LAMA3	CCNB2	1	1	1	1
LAMA3	CCND1	1	1	1	1
LAMA3	CCNH	1	1	1	1
LAMA3	CD320	1	1	1	1
LAMA3	CD40	1	1	1	1
LAMA3	CD44	1	1	1	1
LAMA3	CD97	1	1	1	1
LAMA3	CDC25B	1	1	1	1
LAMA3	CDC42	1	1	1	1
LAMA3	CDC45	1	1	1	1
LAMA3	CDCA4	1	1	1	1
LAMA3	CDH3	1	1	1	1
LAMA3	CDK2	1	1	1	1
LAMA3	CDK4	1	1	1	1
LAMA3	CDK6	1	1	1	1
LAMA3	CDKN2A	1	1	1	1
LAMA3	CEBPZ	1	1	1	1
LAMA3	CETN3	1	1	1	1
LAMA3	CFLAR	1	1	1	1
LAMA3	CHERP	1	1	1	1
LAMA3	CHMP6	1	1	1	1
LAMA3	CHN1	1	1	1	1
LAMA3	CIAPIN1	1	1	1	1
LAMA3	CIRBP	1	1	1	1
LAMA3	CISD1	1	1	1	1
LAMA3	CLPX	1	1	1	1
LAMA3	CLSTN1	1	1	1	1
LAMA3	CNPY3	1	1	1	1
LAMA3	COG4	1	1	1	1
LAMA3	COG7	1	1	1	1
LAMA3	COPB2	1	1	1	1
LAMA3	CPNE3	1	1	1	1
LAMA3	CREG1	1	1	1	1
LAMA3	CRELD2	1	1	1	1
LAMA3	CRTAP	1	1	1	1
LAMA3	CSK	1	1	1	1
LAMA3	CSNK1E	1	1	1	1
LAMA3	CSNK2A2	1	1	1	1
LAMA3	CSRP1	1	1	1	1
LAMA3	CTNNAL1	1	1	1	1
LAMA3	CTNND1	1	1	1	1
LAMA3	CTSD	1	1	1	1
LAMA3	CTTN	1	1	1	1
LAMA3	DCK	1	1	1	1
LAMA3	DCTD	1	1	1	1
LAMA3	DDIT4	1	1	1	1
LAMA3	DDR1	1	1	1	1
LAMA3	DDX10	1	1	1	1
LAMA3	DFFB	1	1	1	1
LAMA3	DHDDS	1	1	1	1
LAMA3	DHRS7	1	1	1	1
LAMA3	DHX29	1	1	1	1
LAMA3	DNAJB1	1	1	1	1
LAMA3	DNAJB2	1	1	1	1
LAMA3	DNAJB6	1	1	1	1
LAMA3	DNAJC15	1	1	1	1
LAMA3	DNM1	1	1	1	1
LAMA3	DNM1L	1	1	1	1
LAMA3	DNMT1	1	1	1	1
LAMA3	DNMT3A	1	1	1	1
LAMA3	DRAP1	1	1	1	1
LAMA3	DUSP11	1	1	1	1
LAMA3	DUSP3	1	1	1	1
LAMA3	DYRK3	1	1	1	1
LAMA3	EBP	1	1	1	1
LAMA3	ECH1	1	1	1	1
LAMA3	EIF4EBP1	1	1	1	1
LAMA3	ELOVL6	1	1	1	1
LAMA3	EML3	1	1	1	1
LAMA3	ENOSF1	1	1	1	1
LAMA3	EPB41L2	1	1	1	1
LAMA3	EPHA3	1	1	1	1
LAMA3	EPHB2	1	1	1	1
LAMA3	EPN2	1	1	1	1
LAMA3	EPRS	1	1	1	1
LAMA3	ERBB3	1	1	1	1
LAMA3	ETS1	1	1	1	1
LAMA3	EXT1	1	1	1	1
LAMA3	EZH2	1	1	1	1
LAMA3	FAM57A	1	1	1	1
LAMA3	FAM63A	1	1	1	1
LAMA3	FAM69A	1	1	1	1
LAMA3	FBXO21	1	1	1	1
LAMA3	FDFT1	1	1	1	1
LAMA3	FGFR2	1	1	1	1
LAMA3	FGFR4	1	1	1	1
LAMA3	FHL2	1	1	1	1
LAMA3	FKBP14	1	1	1	1
LAMA3	FOXO4	1	1	1	1
LAMA3	FPGS	1	1	1	1
LAMA3	FSD1	1	1	1	1
LAMA3	FYN	1	1	1	1
LAMA3	G3BP1	1	1	1	1
LAMA3	GABPB1	1	1	1	1
LAMA3	GADD45B	1	1	1	1
LAMA3	GALE	1	1	1	1
LAMA3	GAPDH	1	1	1	1
LAMA3	GATA2	1	1	1	1
LAMA3	GATA3	1	1	1	1
LAMA3	GFOD1	1	1	1	1
LAMA3	GLRX	1	1	1	1
LAMA3	GNA11	1	1	1	1
LAMA3	GNA15	1	1	1	1
LAMA3	GNAS	1	1	1	1
LAMA3	GNB5	1	1	1	1
LAMA3	GNPDA1	1	1	1	1
LAMA3	GOLT1B	1	1	1	1
LAMA3	GPR56	1	1	1	1
LAMA3	GRB10	1	1	1	1
LAMA3	GRWD1	1	1	1	1
LAMA3	GSTZ1	1	1	1	1
LAMA3	HAT1	1	1	1	1
LAMA3	HDAC2	1	1	1	1
LAMA3	HDAC6	1	1	1	1
LAMA3	HERC6	1	1	1	1
LAMA3	HERPUD1	1	1	1	1
LAMA3	HMGCS1	1	1	1	1
LAMA3	HMOX1	1	1	1	1
LAMA3	HN1L	1	1	1	1
LAMA3	HOMER2	1	1	1	1
LAMA3	HPRT1	1	1	1	1
LAMA3	HSPA4	1	1	1	1
LAMA3	HTATSF1	1	1	1	1
LAMA3	HTRA1	1	1	1	1
LAMA3	ICAM1	1	1	1	1
LAMA3	ICAM3	1	1	1	1
LAMA3	ICMT	1	1	1	1
LAMA3	IFRD2	1	1	1	1
LAMA3	IGHMBP2	1	1	1	1
LAMA3	IKBKAP	1	1	1	1
LAMA3	IKBKB	1	1	1	1
LAMA3	IKBKE	1	1	1	1
LAMA3	IKZF1	1	1	1	1
LAMA3	IL13RA1	1	1	1	1
LAMA3	IL1B	1	1	1	1
LAMA3	ILK	1	1	1	1
LAMA3	INPP1	1	1	1	1
LAMA3	INTS3	1	1	1	1
LAMA3	IPO13	1	1	1	1
LAMA3	IQGAP1	1	1	1	1
LAMA3	ISOC1	1	1	1	1
LAMA3	ITFG1	1	1	1	1
LAMA3	ITGB1BP1	1	1	1	1
LAMA3	ITGB5	1	1	1	1
LAMA3	JUN	1	1	1	1
LAMA3	KAT6A	1	1	1	1
LAMA3	KCTD5	1	1	1	1
LAMA3	KDELR2	1	1	1	1
LAMA3	KEAP1	1	1	1	1
LAMA3	KIAA0100	1	1	1	1
LAMA3	KIAA0355	1	1	1	1
LAMA3	KIAA0907	1	1	1	1
LAMA3	KIAA1033	1	1	1	1
LAMA3	KIAA1279	1	1	1	1
LAMA3	KIF20A	1	1	1	1
LAMA3	KIF2C	1	1	1	1
LAMA3	KLHDC2	1	1	1	1
LAMA3	LAGE3	1	1	1	1
LAMA3	LAMA3	1	1	1	1
LAMA3	LBR	1	1	1	1
LAMA3	LIG1	1	1	1	1
LAMA3	LIPA	1	1	1	1
LAMA3	LOXL1	1	1	1	1
LAMA3	LPAR2	1	1	1	1
LAMA3	LRRC16A	1	1	1	1
LAMA3	LSR	1	1	1	1
LAMA3	LYN	1	1	1	1
LAMA3	LYPLA1	1	1	1	1
LAMA3	MACF1	1	1	1	1
LAMA3	MAP2K5	1	1	1	1
LAMA3	MAPK13	1	1	1	1
LAMA3	MAPK9	1	1	1	1
LAMA3	MAPKAPK2	1	1	1	1
LAMA3	MBNL1	1	1	1	1
LAMA3	MBNL2	1	1	1	1
LAMA3	MBOAT7	1	1	1	1
LAMA3	MCOLN1	1	1	1	1
LAMA3	ME2	1	1	1	1
LAMA3	MEF2C	1	1	1	1
LAMA3	MELK	1	1	1	1
LAMA3	MFSD10	1	1	1	1
LAMA3	MICALL1	1	1	1	1
LAMA3	MIF	1	1	1	1
LAMA3	MLEC	1	1	1	1
LAMA3	MMP1	1	1	1	1
LAMA3	MMP2	1	1	1	1
LAMA3	MNAT1	1	1	1	1
LAMA3	MPZL1	1	1	1	1
LAMA3	MRPS16	1	1	1	1
LAMA3	MTA1	1	1	1	1
LAMA3	MTHFD2	1	1	1	1
LAMA3	MVP	1	1	1	1
LAMA3	MYBL2	1	1	1	1
LAMA3	MYCBP	1	1	1	1
LAMA3	MYCBP2	1	1	1	1
LAMA3	MYL9	1	1	1	1
LAMA3	MYLK	1	1	1	1
LAMA3	NCAPD2	1	1	1	1
LAMA3	NENF	1	1	1	1
LAMA3	NFE2L2	1	1	1	1
LAMA3	NFIL3	1	1	1	1
LAMA3	NFKB2	1	1	1	1
LAMA3	NFKBIA	1	1	1	1
LAMA3	NFKBIE	1	1	1	1
LAMA3	NIPSNAP1	1	1	1	1
LAMA3	NISCH	1	1	1	1
LAMA3	NNT	1	1	1	1
LAMA3	NOL3	1	1	1	1
LAMA3	NOLC1	1	1	1	1
LAMA3	NPC1	1	1	1	1
LAMA3	NR1H2	1	1	1	1
LAMA3	NR2F6	1	1	1	1
LAMA3	NRIP1	1	1	1	1
LAMA3	NSDHL	1	1	1	1
LAMA3	NT5DC2	1	1	1	1
LAMA3	NUDCD3	1	1	1	1
LAMA3	NUP133	1	1	1	1
LAMA3	NUP88	1	1	1	1
LAMA3	ORC1	1	1	1	1
LAMA3	PAF1	1	1	1	1
LAMA3	PAK1	1	1	1	1
LAMA3	PAK4	1	1	1	1
LAMA3	PAN2	1	1	1	1
LAMA3	PAPD7	1	1	1	1
LAMA3	PARP1	1	1	1	1
LAMA3	PCM1	1	1	1	1
LAMA3	PCMT1	1	1	1	1
LAMA3	PDHX	1	1	1	1
LAMA3	PDIA5	1	1	1	1
LAMA3	PDS5A	1	1	1	1
LAMA3	PECR	1	1	1	1
LAMA3	PEX11A	1	1	1	1
LAMA3	PFKL	1	1	1	1
LAMA3	PGM1	1	1	1	1
LAMA3	PHKA1	1	1	1	1
LAMA3	PHKB	1	1	1	1
LAMA3	PHKG2	1	1	1	1
LAMA3	PIGB	1	1	1	1
LAMA3	PIK3CA	1	1	1	1
LAMA3	PIK3R3	1	1	1	1
LAMA3	PIN1	1	1	1	1
LAMA3	PLA2G15	1	1	1	1
LAMA3	PLCB3	1	1	1	1
LAMA3	PLOD3	1	1	1	1
LAMA3	PLSCR1	1	1	1	1
LAMA3	PMAIP1	1	1	1	1
LAMA3	PMM2	1	1	1	1
LAMA3	PNKP	1	1	1	1
LAMA3	PNP	1	1	1	1
LAMA3	POLE2	1	1	1	1
LAMA3	POLG2	1	1	1	1
LAMA3	POLR2K	1	1	1	1
LAMA3	PPIC	1	1	1	1
LAMA3	PPP2R5A	1	1	1	1
LAMA3	PRAF2	1	1	1	1
LAMA3	PRCP	1	1	1	1
LAMA3	PRKACA	1	1	1	1
LAMA3	PRKCD	1	1	1	1
LAMA3	PRKCQ	1	1	1	1
LAMA3	PRPF4	1	1	1	1
LAMA3	PRR15L	1	1	1	1
LAMA3	PRR7	1	1	1	1
LAMA3	PRSS23	1	1	1	1
LAMA3	PSIP1	1	1	1	1
LAMA3	PSMD10	1	1	1	1
LAMA3	PSME2	1	1	1	1
LAMA3	PSMG1	1	1	1	1
LAMA3	PSRC1	1	1	1	1
LAMA3	PTGS2	1	1	1	1
LAMA3	PTPN1	1	1	1	1
LAMA3	PUF60	1	1	1	1
LAMA3	PWP1	1	1	1	1
LAMA3	PXN	1	1	1	1
LAMA3	PYCR1	1	1	1	1
LAMA3	PYGL	1	1	1	1
LAMA3	RAB11FIP2	1	1	1	1
LAMA3	RAB21	1	1	1	1
LAMA3	RAB31	1	1	1	1
LAMA3	RAD51C	1	1	1	1
LAMA3	RAD9A	1	1	1	1
LAMA3	RALA	1	1	1	1
LAMA3	RALGDS	1	1	1	1
LAMA3	RAP1GAP	1	1	1	1
LAMA3	RBKS	1	1	1	1
LAMA3	RBM15B	1	1	1	1
LAMA3	RELB	1	1	1	1
LAMA3	RFNG	1	1	1	1
LAMA3	RFX5	1	1	1	1
LAMA3	RGS2	1	1	1	1
LAMA3	RHOA	1	1	1	1
LAMA3	RNH1	1	1	1	1
LAMA3	RPN1	1	1	1	1
LAMA3	RPP38	1	1	1	1
LAMA3	RPS5	1	1	1	1
LAMA3	RPS6KA1	1	1	1	1
LAMA3	RRP1B	1	1	1	1
LAMA3	RRS1	1	1	1	1
LAMA3	RSU1	1	1	1	1
LAMA3	RTN2	1	1	1	1
LAMA3	SACM1L	1	1	1	1
LAMA3	SATB1	1	1	1	1
LAMA3	SCCPDH	1	1	1	1
LAMA3	SCP2	1	1	1	1
LAMA3	SCYL3	1	1	1	1
LAMA3	SH3BP5	1	1	1	1
LAMA3	SHB	1	1	1	1
LAMA3	SIRT3	1	1	1	1
LAMA3	SKIV2L	1	1	1	1
LAMA3	SLC25A13	1	1	1	1
LAMA3	SLC25A4	1	1	1	1
LAMA3	SLC27A3	1	1	1	1
LAMA3	SLC35B1	1	1	1	1
LAMA3	SLC5A6	1	1	1	1
LAMA3	SMAD3	1	1	1	1
LAMA3	SMARCD2	1	1	1	1
LAMA3	SMC3	1	1	1	1
LAMA3	SMNDC1	1	1	1	1
LAMA3	SNX11	1	1	1	1
LAMA3	SNX7	1	1	1	1
LAMA3	SOCS2	1	1	1	1
LAMA3	SOX2	1	1	1	1
LAMA3	SPAG4	1	1	1	1
LAMA3	SPEN	1	1	1	1
LAMA3	SPTLC2	1	1	1	1
LAMA3	SQRDL	1	1	1	1
LAMA3	SQSTM1	1	1	1	1
LAMA3	SSBP2	1	1	1	1
LAMA3	ST7	1	1	1	1
LAMA3	STAMBP	1	1	1	1
LAMA3	STMN1	1	1	1	1
LAMA3	STUB1	1	1	1	1
LAMA3	STX1A	1	1	1	1
LAMA3	STXBP1	1	1	1	1
LAMA3	STXBP2	1	1	1	1
LAMA3	SYK	1	1	1	1
LAMA3	TARBP1	1	1	1	1
LAMA3	TBXA2R	1	1	1	1
LAMA3	TCEAL4	1	1	1	1
LAMA3	TCTA	1	1	1	1
LAMA3	TERF2IP	1	1	1	1
LAMA3	TESK1	1	1	1	1
LAMA3	THAP11	1	1	1	1
LAMA3	TMEM5	1	1	1	1
LAMA3	TOMM34	1	1	1	1
LAMA3	TOP2A	1	1	1	1
LAMA3	TOPBP1	1	1	1	1
LAMA3	TOR1A	1	1	1	1
LAMA3	TP53	1	1	1	1
LAMA3	TPD52L2	1	1	1	1
LAMA3	TRAM2	1	1	1	1
LAMA3	TRIB1	1	1	1	1
LAMA3	TRIM13	1	1	1	1
LAMA3	TRIM2	1	1	1	1
LAMA3	TSEN2	1	1	1	1
LAMA3	TWF2	1	1	1	1
LAMA3	TXLNA	1	1	1	1
LAMA3	TXNDC9	1	1	1	1
LAMA3	TXNL4B	1	1	1	1
LAMA3	TXNRD1	1	1	1	1
LAMA3	UBE2C	1	1	1	1
LAMA3	UBE3C	1	1	1	1
LAMA3	UBQLN2	1	1	1	1
LAMA3	UGDH	1	1	1	1
LAMA3	USP1	1	1	1	1
LAMA3	USP22	1	1	1	1
LAMA3	USP7	1	1	1	1
LAMA3	UTP14A	1	1	1	1
LAMA3	VAV3	1	1	1	1
LAMA3	VGLL4	1	1	1	1
LAMA3	VPS28	1	1	1	1
LAMA3	VPS72	1	1	1	1
LAMA3	WIPF2	1	1	1	1
LAMA3	WRB	1	1	1	1
LAMA3	XPNPEP1	1	1	1	1
LAMA3	XPO7	1	1	1	1
LAMA3	YKT6	1	1	1	1
LAMA3	ZFP36	1	1	1	1
LAMA3	ZNF131	1	1	1	1
LAMA3	ZNF451	1	1	1	1
LAMA3	ZNF589	1	1	1	1
LAMA3	ZW10	1	1	1	1
MAST2	OXSR1	1	1	1	1
MAT2A	ADI1	1	1	1	1
MAT2A	GTF2A2	1	1	1	1
ME2	RAE1	1	1	1	1
MEST	ALDOC	1	1	1	1
MEST	ANKRD10	1	1	1	1
MEST	ARL4C	1	1	1	1
MEST	ATF1	1	1	1	1
MEST	CALM3	1	1	1	1
MEST	CCNE2	1	1	1	1
MEST	CDK19	1	1	1	1
MEST	CDK7	1	1	1	1
MEST	CISD1	1	1	1	1
MEST	CPSF4	1	1	1	1
MEST	DNAJA3	1	1	1	1
MEST	DNAJB1	1	1	1	1
MEST	DPH2	1	1	1	1
MEST	DSG2	1	1	1	1
MEST	EAPP	1	1	1	1
MEST	ECD	1	1	1	1
MEST	EGF	1	1	1	1
MEST	ELAC2	1	1	1	1
MEST	FKBP4	1	1	1	1
MEST	GAA	1	1	1	1
MEST	GATA2	1	1	1	1
MEST	HIF1A	1	1	1	1
MEST	HK1	1	1	1	1
MEST	HOXA10	1	1	1	1
MEST	IGFBP3	1	1	1	1
MEST	IL13RA1	1	1	1	1
MEST	KAT6B	1	1	1	1
MEST	KCNK1	1	1	1	1
MEST	KDM3A	1	1	1	1
MEST	KDM5A	1	1	1	1
MEST	KIF2C	1	1	1	1
MEST	KLHL9	1	1	1	1
MEST	LYN	1	1	1	1
MEST	MAPK13	1	1	1	1
MEST	MRPL19	1	1	1	1
MEST	MSH6	1	1	1	1
MEST	MYCBP2	1	1	1	1
MEST	NOTCH1	1	1	1	1
MEST	P4HA2	1	1	1	1
MEST	PARP2	1	1	1	1
MEST	PCBD1	1	1	1	1
MEST	PCK2	1	1	1	1
MEST	PIP4K2B	1	1	1	1
MEST	PLCB3	1	1	1	1
MEST	POLE2	1	1	1	1
MEST	PRSS23	1	1	1	1
MEST	PSME1	1	1	1	1
MEST	PTGS2	1	1	1	1
MEST	RAB11FIP2	1	1	1	1
MEST	RBM15B	1	1	1	1
MEST	RFC2	1	1	1	1
MEST	RFC5	1	1	1	1
MEST	RFNG	1	1	1	1
MEST	RPA1	1	1	1	1
MEST	RPIA	1	1	1	1
MEST	SNCA	1	1	1	1
MEST	TBPL1	1	1	1	1
MEST	TM9SF2	1	1	1	1
MEST	TMEM5	1	1	1	1
MEST	TOP2A	1	1	1	1
MEST	TRAP1	1	1	1	1
MEST	TSPAN6	1	1	1	1
MEST	VGLL4	1	1	1	1
MEST	WDTC1	1	1	1	1
MEST	ZNF586	1	1	1	1
MKNK1	YKT6	1	1	1	1
MRPS16	PCMT1	1	1	1	1
MRPS16	SLC2A6	1	1	1	1
MTA1	GNB5	1	1	1	1
NENF	STK25	1	1	1	1
NENF	TOP2A	1	1	1	1
NFKBIB	TWF2	1	1	1	1
NOS3	CERK	1	1	1	1
NOS3	PHKB	1	1	1	1
ORC1	ABCF3	1	1	1	1
ORC1	ABHD4	1	1	1	1
ORC1	ACAA1	1	1	1	1
ORC1	ACBD3	1	1	1	1
ORC1	ACLY	1	1	1	1
ORC1	ACOT9	1	1	1	1
ORC1	ADAT1	1	1	1	1
ORC1	ADH5	1	1	1	1
ORC1	ADI1	1	1	1	1
ORC1	ADO	1	1	1	1
ORC1	AKAP8	1	1	1	1
ORC1	AKR7A2	1	1	1	1
ORC1	AKT1	1	1	1	1
ORC1	ALAS1	1	1	1	1
ORC1	ALDOC	1	1	1	1
ORC1	AMDHD2	1	1	1	1
ORC1	ANO10	1	1	1	1
ORC1	APP	1	1	1	1
ORC1	ARHGAP1	1	1	1	1
ORC1	ARHGEF12	1	1	1	1
ORC1	ARID5B	1	1	1	1
ORC1	ARL4C	1	1	1	1
ORC1	ASCC3	1	1	1	1
ORC1	ATF1	1	1	1	1
ORC1	ATF6	1	1	1	1
ORC1	ATG3	1	1	1	1
ORC1	ATP1B1	1	1	1	1
ORC1	ATP6V0B	1	1	1	1
ORC1	ATP6V1D	1	1	1	1
ORC1	AXIN1	1	1	1	1
ORC1	B3GNT1	1	1	1	1
ORC1	BAD	1	1	1	1
ORC1	BAG3	1	1	1	1
ORC1	BCL7B	1	1	1	1
ORC1	BHLHE40	1	1	1	1
ORC1	BIRC5	1	1	1	1
ORC1	BLCAP	1	1	1	1
ORC1	BLMH	1	1	1	1
ORC1	BLVRA	1	1	1	1
ORC1	BMP4	1	1	1	1
ORC1	BNIP3	1	1	1	1
ORC1	BPHL	1	1	1	1
ORC1	BRCA1	1	1	1	1
ORC1	BTK	1	1	1	1
ORC1	BUB1B	1	1	1	1
ORC1	BZW2	1	1	1	1
ORC1	C2CD2L	1	1	1	1
ORC1	C5	1	1	1	1
ORC1	CAB39	1	1	1	1
ORC1	CALU	1	1	1	1
ORC1	CAMSAP2	1	1	1	1
ORC1	CANT1	1	1	1	1
ORC1	CAPN1	1	1	1	1
ORC1	CASK	1	1	1	1
ORC1	CASP10	1	1	1	1
ORC1	CASP3	1	1	1	1
ORC1	CAST	1	1	1	1
ORC1	CAT	1	1	1	1
ORC1	CBLB	1	1	1	1
ORC1	CBR1	1	1	1	1
ORC1	CBR3	1	1	1	1
ORC1	CCDC85B	1	1	1	1
ORC1	CCDC86	1	1	1	1
ORC1	CCL2	1	1	1	1
ORC1	CCNA1	1	1	1	1
ORC1	CCNA2	1	1	1	1
ORC1	CCNB2	1	1	1	1
ORC1	CCND1	1	1	1	1
ORC1	CCND3	1	1	1	1
ORC1	CCNE2	1	1	1	1
ORC1	CCNF	1	1	1	1
ORC1	CCNH	1	1	1	1
ORC1	CD320	1	1	1	1
ORC1	CD44	1	1	1	1
ORC1	CD58	1	1	1	1
ORC1	CDC25B	1	1	1	1
ORC1	CDCA4	1	1	1	1
ORC1	CDH3	1	1	1	1
ORC1	CDK2	1	1	1	1
ORC1	CDK6	1	1	1	1
ORC1	CDKN1A	1	1	1	1
ORC1	CDKN2A	1	1	1	1
ORC1	CEBPA	1	1	1	1
ORC1	CEBPD	1	1	1	1
ORC1	CEP57	1	1	1	1
ORC1	CERK	1	1	1	1
ORC1	CETN3	1	1	1	1
ORC1	CFLAR	1	1	1	1
ORC1	CGRRF1	1	1	1	1
ORC1	CHEK1	1	1	1	1
ORC1	CHEK2	1	1	1	1
ORC1	CHMP6	1	1	1	1
ORC1	CHN1	1	1	1	1
ORC1	CIAPIN1	1	1	1	1
ORC1	CIRBP	1	1	1	1
ORC1	CISD1	1	1	1	1
ORC1	CLIC4	1	1	1	1
ORC1	CLPX	1	1	1	1
ORC1	CLSTN1	1	1	1	1
ORC1	CLTB	1	1	1	1
ORC1	COG4	1	1	1	1
ORC1	COG7	1	1	1	1
ORC1	COPB2	1	1	1	1
ORC1	COPS7A	1	1	1	1
ORC1	CPNE3	1	1	1	1
ORC1	CPSF4	1	1	1	1
ORC1	CREB1	1	1	1	1
ORC1	CRK	1	1	1	1
ORC1	CRTAP	1	1	1	1
ORC1	CRYZ	1	1	1	1
ORC1	CSK	1	1	1	1
ORC1	CTNND1	1	1	1	1
ORC1	CXCR4	1	1	1	1
ORC1	CYTH1	1	1	1	1
ORC1	DAXX	1	1	1	1
ORC1	DCK	1	1	1	1
ORC1	DCTD	1	1	1	1
ORC1	DCUN1D4	1	1	1	1
ORC1	DDB2	1	1	1	1
ORC1	DDIT4	1	1	1	1
ORC1	DDR1	1	1	1	1
ORC1	DDX42	1	1	1	1
ORC1	DECR1	1	1	1	1
ORC1	DENND2D	1	1	1	1
ORC1	DFFA	1	1	1	1
ORC1	DFFB	1	1	1	1
ORC1	DHDDS	1	1	1	1
ORC1	DHRS7	1	1	1	1
ORC1	DHX29	1	1	1	1
ORC1	DLD	1	1	1	1
ORC1	DNAJA3	1	1	1	1
ORC1	DNAJB2	1	1	1	1
ORC1	DNAJB6	1	1	1	1
ORC1	DNAJC15	1	1	1	1
ORC1	DNM1	1	1	1	1
ORC1	DNTTIP2	1	1	1	1
ORC1	DPH2	1	1	1	1
ORC1	DSG2	1	1	1	1
ORC1	DUSP11	1	1	1	1
ORC1	DUSP14	1	1	1	1
ORC1	DUSP22	1	1	1	1
ORC1	DYRK3	1	1	1	1
ORC1	EAPP	1	1	1	1
ORC1	EBNA1BP2	1	1	1	1
ORC1	ECD	1	1	1	1
ORC1	ECH1	1	1	1	1
ORC1	EDN1	1	1	1	1
ORC1	EGF	1	1	1	1
ORC1	EIF4EBP1	1	1	1	1
ORC1	EIF5	1	1	1	1
ORC1	ELAVL1	1	1	1	1
ORC1	ELOVL6	1	1	1	1
ORC1	ENOPH1	1	1	1	1
ORC1	EPB41L2	1	1	1	1
ORC1	EPHA3	1	1	1	1
ORC1	EPHB2	1	1	1	1
ORC1	EPN2	1	1	1	1
ORC1	EPRS	1	1	1	1
ORC1	ERBB2	1	1	1	1
ORC1	ERO1L	1	1	1	1
ORC1	ETFB	1	1	1	1
ORC1	EVL	1	1	1	1
ORC1	EZH2	1	1	1	1
ORC1	FAH	1	1	1	1
ORC1	FAIM	1	1	1	1
ORC1	FAM57A	1	1	1	1
ORC1	FAM63A	1	1	1	1
ORC1	FAT1	1	1	1	1
ORC1	FBXO11	1	1	1	1
ORC1	FBXO7	1	1	1	1
ORC1	FDFT1	1	1	1	1
ORC1	FGFR2	1	1	1	1
ORC1	FGFR4	1	1	1	1
ORC1	FHL2	1	1	1	1
ORC1	FOS	1	1	1	1
ORC1	FOXO4	1	1	1	1
ORC1	FPGS	1	1	1	1
ORC1	FSD1	1	1	1	1
ORC1	FUT1	1	1	1	1
ORC1	FYN	1	1	1	1
ORC1	GAA	1	1	1	1
ORC1	GABPB1	1	1	1	1
ORC1	GADD45A	1	1	1	1
ORC1	GADD45B	1	1	1	1
ORC1	GATA3	1	1	1	1
ORC1	GFPT1	1	1	1	1
ORC1	GHR	1	1	1	1
ORC1	GNA11	1	1	1	1
ORC1	GNA15	1	1	1	1
ORC1	GNAI1	1	1	1	1
ORC1	GNB5	1	1	1	1
ORC1	GPR56	1	1	1	1
ORC1	GRN	1	1	1	1
ORC1	GRWD1	1	1	1	1
ORC1	GTF2A2	1	1	1	1
ORC1	GTPBP8	1	1	1	1
ORC1	H2AFV	1	1	1	1
ORC1	HADH	1	1	1	1
ORC1	HAT1	1	1	1	1
ORC1	HDAC2	1	1	1	1
ORC1	HDAC6	1	1	1	1
ORC1	HEATR1	1	1	1	1
ORC1	HERC6	1	1	1	1
ORC1	HIF1A	1	1	1	1
ORC1	HK1	1	1	1	1
ORC1	HMGCR	1	1	1	1
ORC1	HN1L	1	1	1	1
ORC1	HOXA10	1	1	1	1
ORC1	HOXA5	1	1	1	1
ORC1	HPRT1	1	1	1	1
ORC1	HSPB1	1	1	1	1
ORC1	HYOU1	1	1	1	1
ORC1	IARS2	1	1	1	1
ORC1	ICAM1	1	1	1	1
ORC1	ICMT	1	1	1	1
ORC1	IDE	1	1	1	1
ORC1	IER3	1	1	1	1
ORC1	IFRD2	1	1	1	1
ORC1	IGF2BP2	1	1	1	1
ORC1	IGF2R	1	1	1	1
ORC1	IGFBP3	1	1	1	1
ORC1	IGHMBP2	1	1	1	1
ORC1	IKBKAP	1	1	1	1
ORC1	IKBKE	1	1	1	1
ORC1	IKZF1	1	1	1	1
ORC1	IL13RA1	1	1	1	1
ORC1	IL1B	1	1	1	1
ORC1	IL4R	1	1	1	1
ORC1	ILK	1	1	1	1
ORC1	INPP4B	1	1	1	1
ORC1	IPO13	1	1	1	1
ORC1	ITGAE	1	1	1	1
ORC1	JMJD6	1	1	1	1
ORC1	JUN	1	1	1	1
ORC1	KAT6A	1	1	1	1
ORC1	KAT6B	1	1	1	1
ORC1	KDELR2	1	1	1	1
ORC1	KDM5A	1	1	1	1
ORC1	KDM5B	1	1	1	1
ORC1	KIAA0100	1	1	1	1
ORC1	KIAA0355	1	1	1	1
ORC1	KIAA0753	1	1	1	1
ORC1	KIAA0907	1	1	1	1
ORC1	KIAA1279	1	1	1	1
ORC1	KIF14	1	1	1	1
ORC1	KIF20A	1	1	1	1
ORC1	KIF5C	1	1	1	1
ORC1	KIT	1	1	1	1
ORC1	KLHL21	1	1	1	1
ORC1	KLHL9	1	1	1	1
ORC1	LAGE3	1	1	1	1
ORC1	LAMA3	1	1	1	1
ORC1	LBR	1	1	1	1
ORC1	LGALS8	1	1	1	1
ORC1	LGMN	1	1	1	1
ORC1	LIG1	1	1	1	1
ORC1	LOXL1	1	1	1	1
ORC1	LPAR2	1	1	1	1
ORC1	LRPAP1	1	1	1	1
ORC1	LRRC41	1	1	1	1
ORC1	LSM5	1	1	1	1
ORC1	LSM6	1	1	1	1
ORC1	MACF1	1	1	1	1
ORC1	MAMLD1	1	1	1	1
ORC1	MAP3K4	1	1	1	1
ORC1	MAP7	1	1	1	1
ORC1	MAPK13	1	1	1	1
ORC1	MAPK9	1	1	1	1
ORC1	MAPKAPK2	1	1	1	1
ORC1	MAPKAPK5	1	1	1	1
ORC1	MAT2A	1	1	1	1
ORC1	MBNL1	1	1	1	1
ORC1	MBOAT7	1	1	1	1
ORC1	MBTPS1	1	1	1	1
ORC1	MCM3	1	1	1	1
ORC1	MEF2C	1	1	1	1
ORC1	MEST	1	1	1	1
ORC1	MLEC	1	1	1	1
ORC1	MLLT11	1	1	1	1
ORC1	MMP1	1	1	1	1
ORC1	MMP2	1	1	1	1
ORC1	MNAT1	1	1	1	1
ORC1	MOK	1	1	1	1
ORC1	MRPL19	1	1	1	1
ORC1	MRPS16	1	1	1	1
ORC1	MRPS2	1	1	1	1
ORC1	MSH6	1	1	1	1
ORC1	MTA1	1	1	1	1
ORC1	MTF2	1	1	1	1
ORC1	MTHFD2	1	1	1	1
ORC1	MVP	1	1	1	1
ORC1	MYBL2	1	1	1	1
ORC1	MYCBP	1	1	1	1
ORC1	MYL9	1	1	1	1
ORC1	MYLK	1	1	1	1
ORC1	MYO10	1	1	1	1
ORC1	NARFL	1	1	1	1
ORC1	NCAPD2	1	1	1	1
ORC1	NCOA3	1	1	1	1
ORC1	NENF	1	1	1	1
ORC1	NFE2L2	1	1	1	1
ORC1	NFKB2	1	1	1	1
ORC1	NFKBIA	1	1	1	1
ORC1	NFKBIB	1	1	1	1
ORC1	NFKBIE	1	1	1	1
ORC1	NIT1	1	1	1	1
ORC1	NNT	1	1	1	1
ORC1	NOS3	1	1	1	1
ORC1	NOSIP	1	1	1	1
ORC1	NOTCH1	1	1	1	1
ORC1	NPC1	1	1	1	1
ORC1	NR2F6	1	1	1	1
ORC1	NRAS	1	1	1	1
ORC1	NSDHL	1	1	1	1
ORC1	NT5DC2	1	1	1	1
ORC1	NUCB2	1	1	1	1
ORC1	NUDT9	1	1	1	1
ORC1	NUP133	1	1	1	1
ORC1	NUP62	1	1	1	1
ORC1	NUP85	1	1	1	1
ORC1	NUP88	1	1	1	1
ORC1	NUSAP1	1	1	1	1
ORC1	NVL	1	1	1	1
ORC1	ORC1	1	1	1	1
ORC1	P4HA2	1	1	1	1
ORC1	PACSIN3	1	1	1	1
ORC1	PAF1	1	1	1	1
ORC1	PAK1	1	1	1	1
ORC1	PAK4	1	1	1	1
ORC1	PAN2	1	1	1	1
ORC1	PAPD7	1	1	1	1
ORC1	PARP1	1	1	1	1
ORC1	PAX8	1	1	1	1
ORC1	PCK2	1	1	1	1
ORC1	PCM1	1	1	1	1
ORC1	PCMT1	1	1	1	1
ORC1	PDHX	1	1	1	1
ORC1	PDLIM1	1	1	1	1
ORC1	PECR	1	1	1	1
ORC1	PEX11A	1	1	1	1
ORC1	PGM1	1	1	1	1
ORC1	PGRMC1	1	1	1	1
ORC1	PHGDH	1	1	1	1
ORC1	PHKG2	1	1	1	1
ORC1	PIH1D1	1	1	1	1
ORC1	PIK3CA	1	1	1	1
ORC1	PIK3R3	1	1	1	1
ORC1	PIK3R4	1	1	1	1
ORC1	PKIG	1	1	1	1
ORC1	PLCB3	1	1	1	1
ORC1	PLK1	1	1	1	1
ORC1	PLOD3	1	1	1	1
ORC1	PLP2	1	1	1	1
ORC1	PLS1	1	1	1	1
ORC1	PMAIP1	1	1	1	1
ORC1	PMM2	1	1	1	1
ORC1	PNP	1	1	1	1
ORC1	POLB	1	1	1	1
ORC1	POLG2	1	1	1	1
ORC1	POLR2K	1	1	1	1
ORC1	POP4	1	1	1	1
ORC1	PPARG	1	1	1	1
ORC1	PPP1R13B	1	1	1	1
ORC1	PRAF2	1	1	1	1
ORC1	PRKAG2	1	1	1	1
ORC1	PRPF4	1	1	1	1
ORC1	PRR15L	1	1	1	1
ORC1	PRR7	1	1	1	1
ORC1	PRSS23	1	1	1	1
ORC1	PRUNE	1	1	1	1
ORC1	PSMB10	1	1	1	1
ORC1	PSMB8	1	1	1	1
ORC1	PSMD10	1	1	1	1
ORC1	PSMD2	1	1	1	1
ORC1	PSME1	1	1	1	1
ORC1	PSMG1	1	1	1	1
ORC1	PSRC1	1	1	1	1
ORC1	PTGS2	1	1	1	1
ORC1	PTPLAD1	1	1	1	1
ORC1	PTPN1	1	1	1	1
ORC1	PYCR1	1	1	1	1
ORC1	PYGL	1	1	1	1
ORC1	RAB21	1	1	1	1
ORC1	RAB4A	1	1	1	1
ORC1	RAD51C	1	1	1	1
ORC1	RAE1	1	1	1	1
ORC1	RALA	1	1	1	1
ORC1	RALB	1	1	1	1
ORC1	RALGDS	1	1	1	1
ORC1	RASA1	1	1	1	1
ORC1	RB1	1	1	1	1
ORC1	RBKS	1	1	1	1
ORC1	RBM6	1	1	1	1
ORC1	REEP5	1	1	1	1
ORC1	RELB	1	1	1	1
ORC1	RFX5	1	1	1	1
ORC1	RGS2	1	1	1	1
ORC1	RHOA	1	1	1	1
ORC1	RNH1	1	1	1	1
ORC1	RNMT	1	1	1	1
ORC1	RPA1	1	1	1	1
ORC1	RPA2	1	1	1	1
ORC1	RPIA	1	1	1	1
ORC1	RPL39L	1	1	1	1
ORC1	RPS6	1	1	1	1
ORC1	RPS6KA1	1	1	1	1
ORC1	RRP12	1	1	1	1
ORC1	RRP1B	1	1	1	1
ORC1	RRP8	1	1	1	1
ORC1	RRS1	1	1	1	1
ORC1	RSU1	1	1	1	1
ORC1	RTN2	1	1	1	1
ORC1	SATB1	1	1	1	1
ORC1	SCAND1	1	1	1	1
ORC1	SCARB1	1	1	1	1
ORC1	SCCPDH	1	1	1	1
ORC1	SCYL3	1	1	1	1
ORC1	SERPINE1	1	1	1	1
ORC1	SFN	1	1	1	1
ORC1	SGCB	1	1	1	1
ORC1	SHB	1	1	1	1
ORC1	SKP1	1	1	1	1
ORC1	SLC25A13	1	1	1	1
ORC1	SLC25A4	1	1	1	1
ORC1	SLC25A46	1	1	1	1
ORC1	SLC27A3	1	1	1	1
ORC1	SLC35A3	1	1	1	1
ORC1	SLC35B1	1	1	1	1
ORC1	SMAD3	1	1	1	1
ORC1	SMARCA4	1	1	1	1
ORC1	SMARCD2	1	1	1	1
ORC1	SMC1A	1	1	1	1
ORC1	SMC4	1	1	1	1
ORC1	SMNDC1	1	1	1	1
ORC1	SNCA	1	1	1	1
ORC1	SNX11	1	1	1	1
ORC1	SNX13	1	1	1	1
ORC1	SNX7	1	1	1	1
ORC1	SOCS2	1	1	1	1
ORC1	SORBS3	1	1	1	1
ORC1	SOX2	1	1	1	1
ORC1	SOX4	1	1	1	1
ORC1	SPAG4	1	1	1	1
ORC1	SPAG7	1	1	1	1
ORC1	SPDEF	1	1	1	1
ORC1	SPRED2	1	1	1	1
ORC1	SPTAN1	1	1	1	1
ORC1	SPTLC2	1	1	1	1
ORC1	SQRDL	1	1	1	1
ORC1	SRC	1	1	1	1
ORC1	SSBP2	1	1	1	1
ORC1	ST7	1	1	1	1
ORC1	STAMBP	1	1	1	1
ORC1	STAT1	1	1	1	1
ORC1	STAT3	1	1	1	1
ORC1	STAT5B	1	1	1	1
ORC1	STK10	1	1	1	1
ORC1	STUB1	1	1	1	1
ORC1	STX1A	1	1	1	1
ORC1	STXBP1	1	1	1	1
ORC1	SUPV3L1	1	1	1	1
ORC1	SYK	1	1	1	1
ORC1	SYPL1	1	1	1	1
ORC1	TARBP1	1	1	1	1
ORC1	TBC1D9B	1	1	1	1
ORC1	TBP	1	1	1	1
ORC1	TBPL1	1	1	1	1
ORC1	TBX2	1	1	1	1
ORC1	TBXA2R	1	1	1	1
ORC1	TCEA2	1	1	1	1
ORC1	TCEAL4	1	1	1	1
ORC1	TCTA	1	1	1	1
ORC1	TCTN1	1	1	1	1
ORC1	TERF2IP	1	1	1	1
ORC1	TES	1	1	1	1
ORC1	TEX10	1	1	1	1
ORC1	TFAP2A	1	1	1	1
ORC1	TGFBR2	1	1	1	1
ORC1	THAP11	1	1	1	1
ORC1	TIMELESS	1	1	1	1
ORC1	TIMM17B	1	1	1	1
ORC1	TIMM9	1	1	1	1
ORC1	TIMP2	1	1	1	1
ORC1	TJP1	1	1	1	1
ORC1	TM9SF2	1	1	1	1
ORC1	TMCO1	1	1	1	1
ORC1	TMED10	1	1	1	1
ORC1	TMEM109	1	1	1	1
ORC1	TMEM97	1	1	1	1
ORC1	TNFRSF21	1	1	1	1
ORC1	TNIP1	1	1	1	1
ORC1	TOMM34	1	1	1	1
ORC1	TOP2A	1	1	1	1
ORC1	TP53	1	1	1	1
ORC1	TPD52L2	1	1	1	1
ORC1	TPM1	1	1	1	1
ORC1	TRAK2	1	1	1	1
ORC1	TRAM2	1	1	1	1
ORC1	TRIB1	1	1	1	1
ORC1	TRIB3	1	1	1	1
ORC1	TXLNA	1	1	1	1
ORC1	TXNDC9	1	1	1	1
ORC1	UBE2L6	1	1	1	1
ORC1	UBQLN2	1	1	1	1
ORC1	UBR7	1	1	1	1
ORC1	UGDH	1	1	1	1
ORC1	USP1	1	1	1	1
ORC1	USP14	1	1	1	1
ORC1	USP7	1	1	1	1
ORC1	UTP14A	1	1	1	1
ORC1	VPS28	1	1	1	1
ORC1	VPS72	1	1	1	1
ORC1	WFS1	1	1	1	1
ORC1	WIPF2	1	1	1	1
ORC1	WRB	1	1	1	1
ORC1	XPNPEP1	1	1	1	1
ORC1	XPO7	1	1	1	1
ORC1	YKT6	1	1	1	1
ORC1	ZDHHC6	1	1	1	1
ORC1	ZMIZ1	1	1	1	1
ORC1	ZMYM2	1	1	1	1
ORC1	ZNF131	1	1	1	1
ORC1	ZNF274	1	1	1	1
ORC1	ZNF395	1	1	1	1
ORC1	ZNF451	1	1	1	1
ORC1	ZNF586	1	1	1	1
ORC1	ZNF589	1	1	1	1
ORC1	ZW10	1	1	1	1
OXA1L	CPNE3	1	1	1	1
OXCT1	GRWD1	1	1	1	1
PACSIN3	CLTB	1	1	1	1
PACSIN3	DDIT4	1	1	1	1
PAK4	LRPAP1	1	1	1	1
PAN2	CDK7	1	1	1	1
PAN2	PAFAH1B3	1	1	1	1
PAN2	STK10	1	1	1	1
PDS5A	NIPSNAP1	1	1	1	1
PIN1	CALM3	1	1	1	1
PIN1	GLOD4	1	1	1	1
PLOD3	AARS	1	1	1	1
PLOD3	ABCC5	1	1	1	1
PLOD3	ABCF1	1	1	1	1
PLOD3	ABHD4	1	1	1	1
PLOD3	ABHD6	1	1	1	1
PLOD3	ACBD3	1	1	1	1
PLOD3	ACD	1	1	1	1
PLOD3	ACLY	1	1	1	1
PLOD3	ACOT9	1	1	1	1
PLOD3	ADH5	1	1	1	1
PLOD3	ADI1	1	1	1	1
PLOD3	ADRB2	1	1	1	1
PLOD3	AGL	1	1	1	1
PLOD3	AKAP8	1	1	1	1
PLOD3	AKAP8L	1	1	1	1
PLOD3	AKR7A2	1	1	1	1
PLOD3	AKT1	1	1	1	1
PLOD3	ALDOA	1	1	1	1
PLOD3	AMDHD2	1	1	1	1
PLOD3	ANO10	1	1	1	1
PLOD3	APOE	1	1	1	1
PLOD3	ARHGAP1	1	1	1	1
PLOD3	ARHGEF12	1	1	1	1
PLOD3	ARHGEF2	1	1	1	1
PLOD3	ASAH1	1	1	1	1
PLOD3	ASCC3	1	1	1	1
PLOD3	ATF1	1	1	1	1
PLOD3	ATF6	1	1	1	1
PLOD3	ATG3	1	1	1	1
PLOD3	ATP2C1	1	1	1	1
PLOD3	AURKA	1	1	1	1
PLOD3	AXIN1	1	1	1	1
PLOD3	B3GNT1	1	1	1	1
PLOD3	BACE2	1	1	1	1
PLOD3	BAD	1	1	1	1
PLOD3	BCL7B	1	1	1	1
PLOD3	BDH1	1	1	1	1
PLOD3	BHLHE40	1	1	1	1
PLOD3	BID	1	1	1	1
PLOD3	BIRC2	1	1	1	1
PLOD3	BIRC5	1	1	1	1
PLOD3	BLVRA	1	1	1	1
PLOD3	BTK	1	1	1	1
PLOD3	BZW2	1	1	1	1
PLOD3	C2CD2L	1	1	1	1
PLOD3	C5	1	1	1	1
PLOD3	CAB39	1	1	1	1
PLOD3	CALU	1	1	1	1
PLOD3	CAMSAP2	1	1	1	1
PLOD3	CANT1	1	1	1	1
PLOD3	CAPN1	1	1	1	1
PLOD3	CASP3	1	1	1	1
PLOD3	CAST	1	1	1	1
PLOD3	CAT	1	1	1	1
PLOD3	CCDC86	1	1	1	1
PLOD3	CCDC92	1	1	1	1
PLOD3	CCL2	1	1	1	1
PLOD3	CCNB2	1	1	1	1
PLOD3	CCND1	1	1	1	1
PLOD3	CCNH	1	1	1	1
PLOD3	CD320	1	1	1	1
PLOD3	CD40	1	1	1	1
PLOD3	CD44	1	1	1	1
PLOD3	CD97	1	1	1	1
PLOD3	CDC42	1	1	1	1
PLOD3	CDC45	1	1	1	1
PLOD3	CDCA4	1	1	1	1
PLOD3	CDH3	1	1	1	1
PLOD3	CDK2	1	1	1	1
PLOD3	CDK4	1	1	1	1
PLOD3	CDK6	1	1	1	1
PLOD3	CDKN2A	1	1	1	1
PLOD3	CEBPZ	1	1	1	1
PLOD3	CETN3	1	1	1	1
PLOD3	CFLAR	1	1	1	1
PLOD3	CHERP	1	1	1	1
PLOD3	CHMP6	1	1	1	1
PLOD3	CIAPIN1	1	1	1	1
PLOD3	CIRBP	1	1	1	1
PLOD3	CISD1	1	1	1	1
PLOD3	CLIC4	1	1	1	1
PLOD3	CLPX	1	1	1	1
PLOD3	COASY	1	1	1	1
PLOD3	COG4	1	1	1	1
PLOD3	COG7	1	1	1	1
PLOD3	COPB2	1	1	1	1
PLOD3	CPNE3	1	1	1	1
PLOD3	CREG1	1	1	1	1
PLOD3	CRELD2	1	1	1	1
PLOD3	CRTAP	1	1	1	1
PLOD3	CSK	1	1	1	1
PLOD3	CSNK1E	1	1	1	1
PLOD3	CSNK2A2	1	1	1	1
PLOD3	CSRP1	1	1	1	1
PLOD3	CTNNAL1	1	1	1	1
PLOD3	CTNND1	1	1	1	1
PLOD3	CTTN	1	1	1	1
PLOD3	CXCR4	1	1	1	1
PLOD3	DCK	1	1	1	1
PLOD3	DDIT4	1	1	1	1
PLOD3	DDR1	1	1	1	1
PLOD3	DDX10	1	1	1	1
PLOD3	DFFB	1	1	1	1
PLOD3	DHDDS	1	1	1	1
PLOD3	DHRS7	1	1	1	1
PLOD3	DHX29	1	1	1	1
PLOD3	DNAJB1	1	1	1	1
PLOD3	DNAJB2	1	1	1	1
PLOD3	DNAJB6	1	1	1	1
PLOD3	DNAJC15	1	1	1	1
PLOD3	DNM1	1	1	1	1
PLOD3	DNM1L	1	1	1	1
PLOD3	DNMT1	1	1	1	1
PLOD3	DNMT3A	1	1	1	1
PLOD3	DRAP1	1	1	1	1
PLOD3	DUSP11	1	1	1	1
PLOD3	DUSP3	1	1	1	1
PLOD3	DYRK3	1	1	1	1
PLOD3	EBP	1	1	1	1
PLOD3	ECH1	1	1	1	1
PLOD3	EIF4EBP1	1	1	1	1
PLOD3	ELOVL6	1	1	1	1
PLOD3	EML3	1	1	1	1
PLOD3	ENOSF1	1	1	1	1
PLOD3	EPB41L2	1	1	1	1
PLOD3	EPHA3	1	1	1	1
PLOD3	EPHB2	1	1	1	1
PLOD3	EPN2	1	1	1	1
PLOD3	EPRS	1	1	1	1
PLOD3	ERBB3	1	1	1	1
PLOD3	ETS1	1	1	1	1
PLOD3	EXT1	1	1	1	1
PLOD3	EZH2	1	1	1	1
PLOD3	FAM57A	1	1	1	1
PLOD3	FAM63A	1	1	1	1
PLOD3	FAM69A	1	1	1	1
PLOD3	FAS	1	1	1	1
PLOD3	FBXO21	1	1	1	1
PLOD3	FDFT1	1	1	1	1
PLOD3	FGFR2	1	1	1	1
PLOD3	FGFR4	1	1	1	1
PLOD3	FHL2	1	1	1	1
PLOD3	FKBP14	1	1	1	1
PLOD3	FOXO4	1	1	1	1
PLOD3	FPGS	1	1	1	1
PLOD3	FSD1	1	1	1	1
PLOD3	FYN	1	1	1	1
PLOD3	FZD7	1	1	1	1
PLOD3	G3BP1	1	1	1	1
PLOD3	GABPB1	1	1	1	1
PLOD3	GADD45B	1	1	1	1
PLOD3	GALE	1	1	1	1
PLOD3	GAPDH	1	1	1	1
PLOD3	GATA2	1	1	1	1
PLOD3	GATA3	1	1	1	1
PLOD3	GFOD1	1	1	1	1
PLOD3	GLRX	1	1	1	1
PLOD3	GNA11	1	1	1	1
PLOD3	GNA15	1	1	1	1
PLOD3	GNAS	1	1	1	1
PLOD3	GNB5	1	1	1	1
PLOD3	GNPDA1	1	1	1	1
PLOD3	GOLT1B	1	1	1	1
PLOD3	GRB10	1	1	1	1
PLOD3	GRWD1	1	1	1	1
PLOD3	GSTZ1	1	1	1	1
PLOD3	GTF2A2	1	1	1	1
PLOD3	HAT1	1	1	1	1
PLOD3	HDAC2	1	1	1	1
PLOD3	HDAC6	1	1	1	1
PLOD3	HERC6	1	1	1	1
PLOD3	HERPUD1	1	1	1	1
PLOD3	HMGA2	1	1	1	1
PLOD3	HMGCS1	1	1	1	1
PLOD3	HMOX1	1	1	1	1
PLOD3	HN1L	1	1	1	1
PLOD3	HOMER2	1	1	1	1
PLOD3	HPRT1	1	1	1	1
PLOD3	HTATSF1	1	1	1	1
PLOD3	HTRA1	1	1	1	1
PLOD3	ICAM1	1	1	1	1
PLOD3	ICAM3	1	1	1	1
PLOD3	IFRD2	1	1	1	1
PLOD3	IGHMBP2	1	1	1	1
PLOD3	IKBKB	1	1	1	1
PLOD3	IKBKE	1	1	1	1
PLOD3	IKZF1	1	1	1	1
PLOD3	IL13RA1	1	1	1	1
PLOD3	IL1B	1	1	1	1
PLOD3	IL4R	1	1	1	1
PLOD3	ILK	1	1	1	1
PLOD3	INPP1	1	1	1	1
PLOD3	INTS3	1	1	1	1
PLOD3	IPO13	1	1	1	1
PLOD3	IQGAP1	1	1	1	1
PLOD3	ISOC1	1	1	1	1
PLOD3	ITFG1	1	1	1	1
PLOD3	ITGB1BP1	1	1	1	1
PLOD3	ITGB5	1	1	1	1
PLOD3	JUN	1	1	1	1
PLOD3	KAT6A	1	1	1	1
PLOD3	KAT6B	1	1	1	1
PLOD3	KCTD5	1	1	1	1
PLOD3	KDELR2	1	1	1	1
PLOD3	KEAP1	1	1	1	1
PLOD3	KIAA0100	1	1	1	1
PLOD3	KIAA0355	1	1	1	1
PLOD3	KIAA0907	1	1	1	1
PLOD3	KIAA1033	1	1	1	1
PLOD3	KIAA1279	1	1	1	1
PLOD3	KIF20A	1	1	1	1
PLOD3	KIF2C	1	1	1	1
PLOD3	KLHDC2	1	1	1	1
PLOD3	LAGE3	1	1	1	1
PLOD3	LBR	1	1	1	1
PLOD3	LIG1	1	1	1	1
PLOD3	LIPA	1	1	1	1
PLOD3	LOXL1	1	1	1	1
PLOD3	LPAR2	1	1	1	1
PLOD3	LRRC16A	1	1	1	1
PLOD3	LSR	1	1	1	1
PLOD3	LYN	1	1	1	1
PLOD3	LYPLA1	1	1	1	1
PLOD3	MACF1	1	1	1	1
PLOD3	MAP2K5	1	1	1	1
PLOD3	MAPK13	1	1	1	1
PLOD3	MAPK9	1	1	1	1
PLOD3	MBNL1	1	1	1	1
PLOD3	MBNL2	1	1	1	1
PLOD3	MBOAT7	1	1	1	1
PLOD3	MCOLN1	1	1	1	1
PLOD3	ME2	1	1	1	1
PLOD3	MEF2C	1	1	1	1
PLOD3	MELK	1	1	1	1
PLOD3	MICALL1	1	1	1	1
PLOD3	MIF	1	1	1	1
PLOD3	MLEC	1	1	1	1
PLOD3	MMP1	1	1	1	1
PLOD3	MMP2	1	1	1	1
PLOD3	MNAT1	1	1	1	1
PLOD3	MPZL1	1	1	1	1
PLOD3	MTA1	1	1	1	1
PLOD3	MTHFD2	1	1	1	1
PLOD3	MVP	1	1	1	1
PLOD3	MYBL2	1	1	1	1
PLOD3	MYCBP	1	1	1	1
PLOD3	MYCBP2	1	1	1	1
PLOD3	MYL9	1	1	1	1
PLOD3	MYLK	1	1	1	1
PLOD3	NCAPD2	1	1	1	1
PLOD3	NENF	1	1	1	1
PLOD3	NFE2L2	1	1	1	1
PLOD3	NFIL3	1	1	1	1
PLOD3	NFKB2	1	1	1	1
PLOD3	NFKBIA	1	1	1	1
PLOD3	NIPSNAP1	1	1	1	1
PLOD3	NISCH	1	1	1	1
PLOD3	NNT	1	1	1	1
PLOD3	NOL3	1	1	1	1
PLOD3	NOLC1	1	1	1	1
PLOD3	NPC1	1	1	1	1
PLOD3	NR1H2	1	1	1	1
PLOD3	NR2F6	1	1	1	1
PLOD3	NRIP1	1	1	1	1
PLOD3	NSDHL	1	1	1	1
PLOD3	NT5DC2	1	1	1	1
PLOD3	NUDCD3	1	1	1	1
PLOD3	NUP133	1	1	1	1
PLOD3	NUP88	1	1	1	1
PLOD3	ORC1	1	1	1	1
PLOD3	PAF1	1	1	1	1
PLOD3	PAK1	1	1	1	1
PLOD3	PAK4	1	1	1	1
PLOD3	PAN2	1	1	1	1
PLOD3	PAPD7	1	1	1	1
PLOD3	PARP1	1	1	1	1
PLOD3	PARP2	1	1	1	1
PLOD3	PCM1	1	1	1	1
PLOD3	PCMT1	1	1	1	1
PLOD3	PDHX	1	1	1	1
PLOD3	PDIA5	1	1	1	1
PLOD3	PDS5A	1	1	1	1
PLOD3	PECR	1	1	1	1
PLOD3	PEX11A	1	1	1	1
PLOD3	PFKL	1	1	1	1
PLOD3	PGM1	1	1	1	1
PLOD3	PHKA1	1	1	1	1
PLOD3	PHKB	1	1	1	1
PLOD3	PHKG2	1	1	1	1
PLOD3	PIGB	1	1	1	1
PLOD3	PIK3CA	1	1	1	1
PLOD3	PIK3R3	1	1	1	1
PLOD3	PLA2G15	1	1	1	1
PLOD3	PLCB3	1	1	1	1
PLOD3	PLOD3	1	1	1	1
PLOD3	PLSCR1	1	1	1	1
PLOD3	PMAIP1	1	1	1	1
PLOD3	PMM2	1	1	1	1
PLOD3	PNKP	1	1	1	1
PLOD3	PNP	1	1	1	1
PLOD3	POLE2	1	1	1	1
PLOD3	POLG2	1	1	1	1
PLOD3	POLR2I	1	1	1	1
PLOD3	POLR2K	1	1	1	1
PLOD3	PPIC	1	1	1	1
PLOD3	PPP2R5A	1	1	1	1
PLOD3	PRAF2	1	1	1	1
PLOD3	PRCP	1	1	1	1
PLOD3	PRKACA	1	1	1	1
PLOD3	PRKCD	1	1	1	1
PLOD3	PRKCQ	1	1	1	1
PLOD3	PRPF4	1	1	1	1
PLOD3	PRR7	1	1	1	1
PLOD3	PRSS23	1	1	1	1
PLOD3	PSIP1	1	1	1	1
PLOD3	PSME2	1	1	1	1
PLOD3	PSMG1	1	1	1	1
PLOD3	PSRC1	1	1	1	1
PLOD3	PTGS2	1	1	1	1
PLOD3	PTPN1	1	1	1	1
PLOD3	PUF60	1	1	1	1
PLOD3	PWP1	1	1	1	1
PLOD3	PXN	1	1	1	1
PLOD3	PYCR1	1	1	1	1
PLOD3	PYGL	1	1	1	1
PLOD3	RAB11FIP2	1	1	1	1
PLOD3	RAB21	1	1	1	1
PLOD3	RAB31	1	1	1	1
PLOD3	RAD51C	1	1	1	1
PLOD3	RAD9A	1	1	1	1
PLOD3	RALA	1	1	1	1
PLOD3	RALGDS	1	1	1	1
PLOD3	RAP1GAP	1	1	1	1
PLOD3	RBKS	1	1	1	1
PLOD3	RBM15B	1	1	1	1
PLOD3	RELB	1	1	1	1
PLOD3	RFNG	1	1	1	1
PLOD3	RFX5	1	1	1	1
PLOD3	RGS2	1	1	1	1
PLOD3	RHOA	1	1	1	1
PLOD3	RNH1	1	1	1	1
PLOD3	RPN1	1	1	1	1
PLOD3	RPP38	1	1	1	1
PLOD3	RPS5	1	1	1	1
PLOD3	RRP1B	1	1	1	1
PLOD3	RSU1	1	1	1	1
PLOD3	RTN2	1	1	1	1
PLOD3	SACM1L	1	1	1	1
PLOD3	SATB1	1	1	1	1
PLOD3	SCCPDH	1	1	1	1
PLOD3	SCP2	1	1	1	1
PLOD3	SCYL3	1	1	1	1
PLOD3	SH3BP5	1	1	1	1
PLOD3	SHB	1	1	1	1
PLOD3	SIRT3	1	1	1	1
PLOD3	SKIV2L	1	1	1	1
PLOD3	SLC25A13	1	1	1	1
PLOD3	SLC25A4	1	1	1	1
PLOD3	SLC27A3	1	1	1	1
PLOD3	SLC35B1	1	1	1	1
PLOD3	SLC5A6	1	1	1	1
PLOD3	SMARCD2	1	1	1	1
PLOD3	SMC3	1	1	1	1
PLOD3	SMNDC1	1	1	1	1
PLOD3	SNX11	1	1	1	1
PLOD3	SOCS2	1	1	1	1
PLOD3	SORBS3	1	1	1	1
PLOD3	SOX2	1	1	1	1
PLOD3	SPAG4	1	1	1	1
PLOD3	SPEN	1	1	1	1
PLOD3	SQRDL	1	1	1	1
PLOD3	SQSTM1	1	1	1	1
PLOD3	SSBP2	1	1	1	1
PLOD3	ST7	1	1	1	1
PLOD3	STAMBP	1	1	1	1
PLOD3	STMN1	1	1	1	1
PLOD3	STUB1	1	1	1	1
PLOD3	STX1A	1	1	1	1
PLOD3	STX4	1	1	1	1
PLOD3	STXBP1	1	1	1	1
PLOD3	STXBP2	1	1	1	1
PLOD3	SYK	1	1	1	1
PLOD3	SYNGR3	1	1	1	1
PLOD3	TARBP1	1	1	1	1
PLOD3	TBXA2R	1	1	1	1
PLOD3	TCEAL4	1	1	1	1
PLOD3	TCTA	1	1	1	1
PLOD3	TERF2IP	1	1	1	1
PLOD3	TESK1	1	1	1	1
PLOD3	THAP11	1	1	1	1
PLOD3	TIMELESS	1	1	1	1
PLOD3	TOMM34	1	1	1	1
PLOD3	TOP2A	1	1	1	1
PLOD3	TOPBP1	1	1	1	1
PLOD3	TOR1A	1	1	1	1
PLOD3	TP53	1	1	1	1
PLOD3	TRAM2	1	1	1	1
PLOD3	TRIB1	1	1	1	1
PLOD3	TRIB3	1	1	1	1
PLOD3	TRIM13	1	1	1	1
PLOD3	TRIM2	1	1	1	1
PLOD3	TSEN2	1	1	1	1
PLOD3	TWF2	1	1	1	1
PLOD3	TXLNA	1	1	1	1
PLOD3	TXNDC9	1	1	1	1
PLOD3	TXNL4B	1	1	1	1
PLOD3	TXNRD1	1	1	1	1
PLOD3	UBE2C	1	1	1	1
PLOD3	UBE2L6	1	1	1	1
PLOD3	UBE3C	1	1	1	1
PLOD3	UBQLN2	1	1	1	1
PLOD3	UGDH	1	1	1	1
PLOD3	USP1	1	1	1	1
PLOD3	USP22	1	1	1	1
PLOD3	USP7	1	1	1	1
PLOD3	UTP14A	1	1	1	1
PLOD3	VAV3	1	1	1	1
PLOD3	VGLL4	1	1	1	1
PLOD3	VPS28	1	1	1	1
PLOD3	VPS72	1	1	1	1
PLOD3	WIPF2	1	1	1	1
PLOD3	XPNPEP1	1	1	1	1
PLOD3	XPO7	1	1	1	1
PLOD3	ZFP36	1	1	1	1
PLOD3	ZNF131	1	1	1	1
PLOD3	ZNF451	1	1	1	1
PLOD3	ZNF589	1	1	1	1
PLOD3	ZW10	1	1	1	1
PLP2	SCCPDH	1	1	1	1
PLSCR1	CBR1	1	1	1	1
PMAIP1	UBE2A	1	1	1	1
PRKCQ	ILK	1	1	1	1
PRSS23	ZNF451	1	1	1	1
PSMB8	ITGB5	1	1	1	1
PSMD10	PSME2	1	1	1	1
PSME2	PSMG1	1	1	1	1
PTK2B	PHGDH	1	1	1	1
PTPLAD1	HMG20B	1	1	1	1
PTPLAD1	PDS5A	1	1	1	1
PTPLAD1	RPA2	1	1	1	1
PUF60	LRP10	1	1	1	1
PUF60	PSMB10	1	1	1	1
RAB11FIP2	KIT	1	1	1	1
RAB4A	EIF4G1	1	1	1	1
RAD51C	EPRS	1	1	1	1
RAE1	FDFT1	1	1	1	1
RALB	B3GNT1	1	1	1	1
RPS6	ACD	1	1	1	1
RPS6	CFLAR	1	1	1	1
RPS6	POLB	1	1	1	1
RRP12	CASP7	1	1	1	1
SATB1	SMARCA4	1	1	1	1
SCARB1	NUP62	1	1	1	1
SCRN1	HN1L	1	1	1	1
SDHB	CRTAP	1	1	1	1
SDHB	PUF60	1	1	1	1
SFN	CISD1	1	1	1	1
SFN	COG7	1	1	1	1
SFN	GOLT1B	1	1	1	1
SFN	LYPLA1	1	1	1	1
SFN	NR2F6	1	1	1	1
SFN	PKIG	1	1	1	1
SFN	RBM6	1	1	1	1
SFN	STAMBP	1	1	1	1
SFN	TMEM97	1	1	1	1
SFN	ZMIZ1	1	1	1	1
SGCB	DNTTIP2	1	1	1	1
SGCB	KIT	1	1	1	1
SHB	TXNRD1	1	1	1	1
SHC1	UBE2C	1	1	1	1
SIRT3	PLEKHM1	1	1	1	1
SLC1A4	MPZL1	1	1	1	1
SLC2A6	RPN1	1	1	1	1
SLC2A6	SCP2	1	1	1	1
SLC2A6	SYPL1	1	1	1	1
SLC2A6	TNIP1	1	1	1	1
SLC35F2	RFC2	1	1	1	1
SLC35F2	SLC27A3	1	1	1	1
SMAD3	HOXA10	1	1	1	1
SMAD3	TARBP1	1	1	1	1
SMARCC1	ABCC5	1	1	1	1
SMARCC1	ABHD4	1	1	1	1
SMARCC1	ACOT9	1	1	1	1
SMARCC1	CALM3	1	1	1	1
SMARCC1	CBLB	1	1	1	1
SMARCC1	CD40	1	1	1	1
SMARCC1	EBNA1BP2	1	1	1	1
SMARCC1	ECD	1	1	1	1
SMARCC1	EDEM1	1	1	1	1
SMARCC1	EPRS	1	1	1	1
SMARCC1	GTF2E2	1	1	1	1
SMARCC1	IL4R	1	1	1	1
SMARCC1	INTS3	1	1	1	1
SMARCC1	KIT	1	1	1	1
SMARCC1	NFKBIE	1	1	1	1
SMARCC1	PLCB3	1	1	1	1
SMARCC1	PMAIP1	1	1	1	1
SMARCC1	PRSS23	1	1	1	1
SMARCC1	RALA	1	1	1	1
SMARCC1	SMC4	1	1	1	1
SMARCC1	SPAG4	1	1	1	1
SMARCC1	TSPAN6	1	1	1	1
SMARCC1	VPS72	1	1	1	1
SMARCC1	ZDHHC6	1	1	1	1
SOX2	FAM69A	1	1	1	1
SOX2	PCCB	1	1	1	1
SPAG4	RNPS1	1	1	1	1
SPDEF	SPEN	1	1	1	1
SPRED2	GALE	1	1	1	1
SPTLC2	PAPD7	1	1	1	1
SPTLC2	POLE2	1	1	1	1
SPTLC2	RPIA	1	1	1	1
SYPL1	PAK4	1	1	1	1
TBX2	BIRC5	1	1	1	1
TCEA2	BZW2	1	1	1	1
TCFL5	FBXO11	1	1	1	1
TCFL5	FGFR4	1	1	1	1
TCTN1	CHEK2	1	1	1	1
TCTN1	RPA1	1	1	1	1
TGFBR2	CNOT4	1	1	1	1
TGFBR2	ETFB	1	1	1	1
TMED10	RALB	1	1	1	1
TOP2A	CPSF4	1	1	1	1
TP53BP2	STK25	1	1	1	1
TRAK2	NUP88	1	1	1	1
TRAPPC6A	MYBL2	1	1	1	1
TSEN2	EBNA1BP2	1	1	1	1
TWF2	MYCBP2	1	1	1	1
TXLNA	CCL2	1	1	1	1
TXLNA	MAMLD1	1	1	1	1
TXLNA	PRKCQ	1	1	1	1
TXLNA	STK25	1	1	1	1
UBE3B	DMTF1	1	1	1	1
UBE3B	HADH	1	1	1	1
UBE3B	POLR2K	1	1	1	1
UBE3B	SMARCA4	1	1	1	1
UBE3B	ZMYM2	1	1	1	1
UBE3C	AURKA	1	1	1	1
USP22	PAF1	1	1	1	1
USP7	CDK2	1	1	1	1
USP7	GPATCH8	1	1	1	1
USP7	RUVBL1	1	1	1	1
VPS28	PRKACA	1	1	1	1
VPS28	TIMM17B	1	1	1	1
WDR7	BNIP3	1	1	1	1
WIPF2	C2CD2	1	1	1	1
WIPF2	MAPK1IP1L	1	1	1	1
WIPF2	PIK3C3	1	1	1	1
YME1L1	CBR3	1	1	1	1
YME1L1	GRB10	1	1	1	1
YME1L1	KTN1	1	1	1	1
YME1L1	S100A4	1	1	1	1
ZMIZ1	HPRT1	1	1	1	1
ZNF586	EBP	1	1	1	1
