ARID5B	SOCS2	1	1	1	1
USP7	TIMP2	1	1	1	1
ME2	KIAA1033	1	1	1	1
ME2	TEX10	1	1	1	1
NUSAP1	GNAS	1	1	1	1
NUSAP1	TMEM50A	1	1	1	1
PMAIP1	DRAP1	1	1	1	1
PMAIP1	NUP133	1	1	1	1
PMAIP1	SYNE2	1	1	1	1
WIPF2	HK1	1	1	1	1
KIAA1033	DCTD	1	1	1	1
AARS	NFKBIB	1	1	1	1
AARS	ACLY	1	1	1	1
IL4R	PTPRK	1	1	1	1
IL4R	RPIA	1	1	1	1
PAF1	RAP1GAP	1	1	1	1
COASY	UGDH	1	1	1	1
LSR	EML3	1	1	1	1
PSMF1	PYGL	1	1	1	1
ERBB3	ZDHHC6	1	1	1	1
ARFIP2	NUP133	1	1	1	1
ARFIP2	RPIA	1	1	1	1
JUN	PRR7	1	1	1	1
JUN	SCRN1	1	1	1	1
ITGB1BP1	MUC1	1	1	1	1
ITGB1BP1	ACAT2	1	1	1	1
ITGB1BP1	PSME1	1	1	1	1
ITGB1BP1	CDCA4	1	1	1	1
ITGB1BP1	POLR2K	1	1	1	1
ITGB1BP1	SYPL1	1	1	1	1
ITGB1BP1	PAK1	1	1	1	1
EGFR	EXT1	1	1	1	1
EGFR	PRR7	1	1	1	1
EGFR	PAX8	1	1	1	1
PIK3C2B	PRKCD	1	1	1	1
TMEM50A	CDC45	1	1	1	1
TMEM50A	DMTF1	1	1	1	1
PAPD7	HDAC2	1	1	1	1
KIT	PLS1	1	1	1	1
PSMB10	JMJD6	1	1	1	1
PSMB10	STAP2	1	1	1	1
RAP1GAP	SLC25A46	1	1	1	1
UFM1	KIF2C	1	1	1	1
UFM1	RPIA	1	1	1	1
UFM1	DLD	1	1	1	1
ICMT	UBR7	1	1	1	1
RPA1	PNKP	1	1	1	1
RPA1	CLTC	1	1	1	1
RPA1	PROS1	1	1	1	1
ILK	KIT	1	1	1	1
ILK	BID	1	1	1	1
ILK	ARHGEF2	1	1	1	1
ILK	NARFL	1	1	1	1
ILK	NPC1	1	1	1	1
PPIE	ALDOA	1	1	1	1
PPIE	C2CD2	1	1	1	1
PPIE	HMGCR	1	1	1	1
PPIE	PIK3C3	1	1	1	1
PPIE	BAG3	1	1	1	1
PPIE	RSU1	1	1	1	1
PPIE	NOS3	1	1	1	1
PPIE	TLR4	1	1	1	1
POLR1C	TOP2A	1	1	1	1
DNAJA3	ARID5B	1	1	1	1
DNAJA3	PMAIP1	1	1	1	1
DNAJA3	KIAA1033	1	1	1	1
DNAJA3	FOXJ3	1	1	1	1
DNAJA3	SACM1L	1	1	1	1
DNAJA3	TRAPPC6A	1	1	1	1
DNAJA3	COASY	1	1	1	1
DNAJA3	TRAK2	1	1	1	1
DNAJA3	CHEK1	1	1	1	1
DNAJA3	ARFIP2	1	1	1	1
DNAJA3	PIP4K2B	1	1	1	1
DNAJA3	ALDOA	1	1	1	1
DNAJA3	EGFR	1	1	1	1
DNAJA3	NRIP1	1	1	1	1
DNAJA3	CASC3	1	1	1	1
DNAJA3	TIMM9	1	1	1	1
DNAJA3	PSMB10	1	1	1	1
DNAJA3	RPA1	1	1	1	1
DNAJA3	BDH1	1	1	1	1
DNAJA3	PPIE	1	1	1	1
DNAJA3	POLR1C	1	1	1	1
DNAJA3	CSNK1E	1	1	1	1
DNAJA3	GPATCH8	1	1	1	1
DNAJA3	POLD4	1	1	1	1
DNAJA3	SLC25A14	1	1	1	1
DNAJA3	PHGDH	1	1	1	1
DNAJA3	EPHA3	1	1	1	1
DNAJA3	CPSF4	1	1	1	1
DNAJA3	STUB1	1	1	1	1
DNAJA3	FKBP14	1	1	1	1
DNAJA3	HES1	1	1	1	1
DNAJA3	PECR	1	1	1	1
DNAJA3	HSPA1A	1	1	1	1
DNAJA3	ZDHHC6	1	1	1	1
DNAJA3	ORC1	1	1	1	1
DNAJA3	SLC1A4	1	1	1	1
DNAJA3	C2CD2	1	1	1	1
DNAJA3	USP14	1	1	1	1
DNAJA3	MVP	1	1	1	1
DNAJA3	RTN2	1	1	1	1
DNAJA3	TOP2A	1	1	1	1
DNAJA3	CCDC85B	1	1	1	1
DNAJA3	BZW2	1	1	1	1
DNAJA3	PLSCR1	1	1	1	1
DNAJA3	ANKRD10	1	1	1	1
DNAJA3	ZNF451	1	1	1	1
DNAJA3	GRN	1	1	1	1
DNAJA3	ETFB	1	1	1	1
DNAJA3	PDLIM1	1	1	1	1
DNAJA3	CERK	1	1	1	1
DNAJA3	FGFR2	1	1	1	1
DNAJA3	LRRC41	1	1	1	1
DNAJA3	STX4	1	1	1	1
DNAJA3	CD320	1	1	1	1
DNAJA3	H2AFV	1	1	1	1
DNAJA3	ERBB2	1	1	1	1
DNAJA3	TRIM2	1	1	1	1
DNAJA3	DYRK3	1	1	1	1
DNAJA3	ACOT9	1	1	1	1
DNAJA3	PIK3R3	1	1	1	1
DNAJA3	CDK4	1	1	1	1
DNAJA3	RB1	1	1	1	1
DNAJA3	FAM57A	1	1	1	1
DNAJA3	FCHO1	1	1	1	1
DNAJA3	INPP1	1	1	1	1
DNAJA3	C2CD2L	1	1	1	1
DNAJA3	NVL	1	1	1	1
DNAJA3	TCFL5	1	1	1	1
DNAJA3	PPP1R13B	1	1	1	1
DNAJA3	BID	1	1	1	1
DNAJA3	LPAR2	1	1	1	1
DNAJA3	ZW10	1	1	1	1
DNAJA3	BLCAP	1	1	1	1
DNAJA3	HADH	1	1	1	1
DNAJA3	GNA11	1	1	1	1
DNAJA3	SPEN	1	1	1	1
DNAJA3	KDELR2	1	1	1	1
DNAJA3	PGM1	1	1	1	1
DNAJA3	LOXL1	1	1	1	1
DNAJA3	S100A4	1	1	1	1
DNAJA3	PIK3C3	1	1	1	1
DNAJA3	PLEKHM1	1	1	1	1
DNAJA3	HMGA2	1	1	1	1
DNAJA3	ENOSF1	1	1	1	1
DNAJA3	NET1	1	1	1	1
DNAJA3	FAS	1	1	1	1
DNAJA3	DFFA	1	1	1	1
DNAJA3	RELB	1	1	1	1
DNAJA3	TUBB6	1	1	1	1
DNAJA3	RPS6	1	1	1	1
DNAJA3	EBP	1	1	1	1
DNAJA3	SMARCD2	1	1	1	1
DNAJA3	KIF5C	1	1	1	1
DNAJA3	DNAJB1	1	1	1	1
DNAJA3	ABL1	1	1	1	1
DNAJA3	UBE2A	1	1	1	1
DNAJA3	PGRMC1	1	1	1	1
DNAJA3	EAPP	1	1	1	1
DNAJA3	GTF2E2	1	1	1	1
DNAJA3	HEATR1	1	1	1	1
DNAJA3	PTK2B	1	1	1	1
DNAJA3	BUB1B	1	1	1	1
DNAJA3	HOOK2	1	1	1	1
DNAJA3	UBE3C	1	1	1	1
DNAJA3	MNAT1	1	1	1	1
DNAJA3	SOX4	1	1	1	1
DNAJA3	ZNF131	1	1	1	1
DNAJA3	TJP1	1	1	1	1
DNAJA3	JMJD6	1	1	1	1
DNAJA3	LIG1	1	1	1	1
DNAJA3	PFKL	1	1	1	1
DNAJA3	ATP6V0B	1	1	1	1
DNAJA3	HOXA10	1	1	1	1
DNAJA3	EDEM1	1	1	1	1
DNAJA3	FAIM	1	1	1	1
DNAJA3	RPS6KA1	1	1	1	1
DNAJA3	FHL2	1	1	1	1
DNAJA3	DNMT1	1	1	1	1
DNAJA3	POLR2K	1	1	1	1
DNAJA3	TXNRD1	1	1	1	1
DNAJA3	TFAP2A	1	1	1	1
DNAJA3	MYLK	1	1	1	1
DNAJA3	ENOPH1	1	1	1	1
DNAJA3	BIRC2	1	1	1	1
DNAJA3	CASP2	1	1	1	1
DNAJA3	POP4	1	1	1	1
DNAJA3	PLP2	1	1	1	1
DNAJA3	MFSD10	1	1	1	1
DNAJA3	PAN2	1	1	1	1
DNAJA3	ACLY	1	1	1	1
DNAJA3	GRB7	1	1	1	1
DNAJA3	RNMT	1	1	1	1
DNAJA3	VAT1	1	1	1	1
DNAJA3	PDHX	1	1	1	1
DNAJA3	STXBP2	1	1	1	1
DNAJA3	TBXA2R	1	1	1	1
DNAJA3	LRRC16A	1	1	1	1
DNAJA3	DNTTIP2	1	1	1	1
DNAJA3	HDAC2	1	1	1	1
DNAJA3	TOMM70A	1	1	1	1
DNAJA3	LAP3	1	1	1	1
DNAJA3	HERPUD1	1	1	1	1
DNAJA3	SCARB1	1	1	1	1
DNAJA3	CDC45	1	1	1	1
DNAJA3	SYPL1	1	1	1	1
DNAJA3	CDKN2A	1	1	1	1
DNAJA3	SENP6	1	1	1	1
DNAJA3	ATP6V1D	1	1	1	1
DNAJA3	GNB5	1	1	1	1
DNAJA3	CNPY3	1	1	1	1
DNAJA3	ARNT2	1	1	1	1
DNAJA3	CASP3	1	1	1	1
DNAJA3	ZFP36	1	1	1	1
DNAJA3	LYPLA1	1	1	1	1
DNAJA3	ANO10	1	1	1	1
DNAJA3	GRB10	1	1	1	1
DNAJA3	USP1	1	1	1	1
DNAJA3	GSTZ1	1	1	1	1
DNAJA3	SH3BP5	1	1	1	1
DNAJA3	STAT1	1	1	1	1
DNAJA3	ZNF395	1	1	1	1
DNAJA3	HYOU1	1	1	1	1
DNAJA3	ADAT1	1	1	1	1
DNAJA3	NOS3	1	1	1	1
DNAJA3	CTSD	1	1	1	1
DNAJA3	SLC2A6	1	1	1	1
DNAJA3	VAPB	1	1	1	1
DNAJA3	BLMH	1	1	1	1
DNAJA3	YKT6	1	1	1	1
DNAJA3	CAPN1	1	1	1	1
DNAJA3	WASF3	1	1	1	1
DNAJA3	IGF1R	1	1	1	1
DNAJA3	SSBP2	1	1	1	1
DNAJA3	SNX7	1	1	1	1
DNAJA3	SIRT3	1	1	1	1
DNAJA3	ECH1	1	1	1	1
DNAJA3	CCP110	1	1	1	1
DNAJA3	KIAA0907	1	1	1	1
DNAJA3	ATP2C1	1	1	1	1
DNAJA3	ELAC2	1	1	1	1
DNAJA3	FEZ2	1	1	1	1
DNAJA3	DMTF1	1	1	1	1
DNAJA3	NUP88	1	1	1	1
DNAJA3	KIF14	1	1	1	1
DNAJA3	NFKBIE	1	1	1	1
DNAJA3	CYB561	1	1	1	1
DNAJA3	TNIP1	1	1	1	1
DNAJA3	SLC37A4	1	1	1	1
DNAJA3	CTTN	1	1	1	1
DNAJA3	TOPBP1	1	1	1	1
DNAJA3	PSMD10	1	1	1	1
DNAJA3	EPRS	1	1	1	1
DNAJA3	MICALL1	1	1	1	1
DNAJA3	RPA2	1	1	1	1
DNAJA3	CLIC4	1	1	1	1
DNAJA3	ADAM10	1	1	1	1
DNAJA3	DNAJB6	1	1	1	1
DNAJA3	PHKB	1	1	1	1
DNAJA3	MTA1	1	1	1	1
DNAJA3	HMGCS1	1	1	1	1
DNAJA3	BAX	1	1	1	1
DNAJA3	PRKCD	1	1	1	1
DNAJA3	CSNK2A2	1	1	1	1
DNAJA3	YME1L1	1	1	1	1
DNAJA3	SPDEF	1	1	1	1
DNAJA3	ARID4B	1	1	1	1
DNAJA3	MTHFD2	1	1	1	1
DNAJA3	KDM5B	1	1	1	1
DNAJA3	PSMD2	1	1	1	1
DNAJA3	TESK1	1	1	1	1
DNAJA3	ZNF586	1	1	1	1
DNAJA3	CNDP2	1	1	1	1
DNAJA3	AGL	1	1	1	1
IGHMBP2	PRPF4	1	1	1	1
TERF2IP	RPS6	1	1	1	1
TERF2IP	STAT3	1	1	1	1
GPATCH8	EGFR	1	1	1	1
ACAA1	JUN	1	1	1	1
ACAA1	TMED10	1	1	1	1
ACAA1	UGDH	1	1	1	1
ACAA1	CDCA4	1	1	1	1
ACAA1	TIMP2	1	1	1	1
GNA15	TGFBR2	1	1	1	1
GNA15	CASP2	1	1	1	1
KIAA0753	ANKRD10	1	1	1	1
PSRC1	LOXL1	1	1	1	1
PSRC1	APPBP2	1	1	1	1
DPH2	DECR1	1	1	1	1
DPH2	HOOK2	1	1	1	1
DPH2	LRPAP1	1	1	1	1
DPH2	BCL7B	1	1	1	1
TSPAN6	EGR1	1	1	1	1
UBE2L6	GLRX	1	1	1	1
ATG3	SH3BP5	1	1	1	1
EPHA3	APOE	1	1	1	1
EPHA3	ZMYM2	1	1	1	1
PAK4	HK1	1	1	1	1
XPNPEP1	RRS1	1	1	1	1
UGDH	APP	1	1	1	1
FKBP14	SPAG7	1	1	1	1
FKBP14	PTPN1	1	1	1	1
FKBP14	CHAC1	1	1	1	1
FKBP14	FDFT1	1	1	1	1
FKBP14	MRPS16	1	1	1	1
HES1	CHEK2	1	1	1	1
PECR	PRKAG2	1	1	1	1
TGFBR2	BCL2	1	1	1	1
TGFBR2	ETFB	1	1	1	1
TGFBR2	PCK2	1	1	1	1
TGFBR2	TSPAN3	1	1	1	1
TGFBR2	SH3BP5	1	1	1	1
TGFBR2	CNDP2	1	1	1	1
ATP1B1	ORC1	1	1	1	1
ATP1B1	DDR1	1	1	1	1
ATP1B1	MVP	1	1	1	1
ATP1B1	RTN2	1	1	1	1
ATP1B1	COG7	1	1	1	1
ATP1B1	PPP2R3C	1	1	1	1
ATP1B1	TMEM2	1	1	1	1
ATP1B1	UTP14A	1	1	1	1
ATP1B1	SYPL1	1	1	1	1
ATP1B1	ITGAE	1	1	1	1
ATP1B1	AGL	1	1	1	1
HSPA1A	PCM1	1	1	1	1
ZDHHC6	PTPN12	1	1	1	1
ORC1	ARID5B	1	1	1	1
ORC1	SMAD3	1	1	1	1
ORC1	TCTN1	1	1	1	1
ORC1	TOMM34	1	1	1	1
ORC1	BMP4	1	1	1	1
ORC1	SACM1L	1	1	1	1
ORC1	CDC42	1	1	1	1
ORC1	PAF1	1	1	1	1
ORC1	TRAPPC6A	1	1	1	1
ORC1	HAT1	1	1	1	1
ORC1	ERBB3	1	1	1	1
ORC1	ARFIP2	1	1	1	1
ORC1	JUN	1	1	1	1
ORC1	ALDOA	1	1	1	1
ORC1	EGFR	1	1	1	1
ORC1	CCNB2	1	1	1	1
ORC1	DCTD	1	1	1	1
ORC1	DSG2	1	1	1	1
ORC1	NRIP1	1	1	1	1
ORC1	TIPARP	1	1	1	1
ORC1	CASC3	1	1	1	1
ORC1	TMEM50A	1	1	1	1
ORC1	TIMM9	1	1	1	1
ORC1	KIT	1	1	1	1
ORC1	CHEK2	1	1	1	1
ORC1	UFM1	1	1	1	1
ORC1	ICMT	1	1	1	1
ORC1	MYC	1	1	1	1
ORC1	DRAP1	1	1	1	1
ORC1	NOSIP	1	1	1	1
ORC1	CCND1	1	1	1	1
ORC1	PPIE	1	1	1	1
ORC1	POLR1C	1	1	1	1
ORC1	IGHMBP2	1	1	1	1
ORC1	RPN1	1	1	1	1
ORC1	POLD4	1	1	1	1
ORC1	KAT6B	1	1	1	1
ORC1	KIAA0753	1	1	1	1
ORC1	PSRC1	1	1	1	1
ORC1	TSPAN6	1	1	1	1
ORC1	UBE2L6	1	1	1	1
ORC1	EPHA3	1	1	1	1
ORC1	PHKA1	1	1	1	1
ORC1	CREB1	1	1	1	1
ORC1	AURKB	1	1	1	1
ORC1	PAK4	1	1	1	1
ORC1	PTPRF	1	1	1	1
ORC1	UGDH	1	1	1	1
ORC1	HSD17B11	1	1	1	1
ORC1	PECR	1	1	1	1
ORC1	HSPA1A	1	1	1	1
ORC1	ZDHHC6	1	1	1	1
ORC1	TWF2	1	1	1	1
ORC1	KCTD5	1	1	1	1
ORC1	DDR1	1	1	1	1
ORC1	USP14	1	1	1	1
ORC1	ACBD3	1	1	1	1
ORC1	VPS28	1	1	1	1
ORC1	KIF2C	1	1	1	1
ORC1	RTN2	1	1	1	1
ORC1	EPN2	1	1	1	1
ORC1	NR1H2	1	1	1	1
ORC1	TOP2A	1	1	1	1
ORC1	PAFAH1B3	1	1	1	1
ORC1	TMCO1	1	1	1	1
ORC1	DUSP6	1	1	1	1
ORC1	TSC22D3	1	1	1	1
ORC1	RGS2	1	1	1	1
ORC1	CANT1	1	1	1	1
ORC1	POLR2I	1	1	1	1
ORC1	WRB	1	1	1	1
ORC1	GRN	1	1	1	1
ORC1	RBM6	1	1	1	1
ORC1	SNX11	1	1	1	1
ORC1	TATDN2	1	1	1	1
ORC1	USP6NL	1	1	1	1
ORC1	TEX10	1	1	1	1
ORC1	PRSS23	1	1	1	1
ORC1	REEP5	1	1	1	1
ORC1	MAP7	1	1	1	1
ORC1	SLC35A1	1	1	1	1
ORC1	LRRC41	1	1	1	1
ORC1	SPTAN1	1	1	1	1
ORC1	ITFG1	1	1	1	1
ORC1	PKIG	1	1	1	1
ORC1	DECR1	1	1	1	1
ORC1	CD320	1	1	1	1
ORC1	ERBB2	1	1	1	1
ORC1	UBE2C	1	1	1	1
ORC1	TRIM2	1	1	1	1
ORC1	TMEM109	1	1	1	1
ORC1	SQRDL	1	1	1	1
ORC1	SCP2	1	1	1	1
ORC1	FOS	1	1	1	1
ORC1	RNPS1	1	1	1	1
ORC1	HMGCR	1	1	1	1
ORC1	ACOT9	1	1	1	1
ORC1	ASAH1	1	1	1	1
ORC1	CD44	1	1	1	1
ORC1	RB1	1	1	1	1
ORC1	MAPK1IP1L	1	1	1	1
ORC1	SLC25A13	1	1	1	1
ORC1	EXT1	1	1	1	1
ORC1	FCHO1	1	1	1	1
ORC1	INPP1	1	1	1	1
ORC1	CCDC92	1	1	1	1
ORC1	CDK19	1	1	1	1
ORC1	PRR7	1	1	1	1
ORC1	IARS2	1	1	1	1
ORC1	ZW10	1	1	1	1
ORC1	KDM5A	1	1	1	1
ORC1	NIPSNAP1	1	1	1	1
ORC1	KDELR2	1	1	1	1
ORC1	SLC35F2	1	1	1	1
ORC1	PPP2R3C	1	1	1	1
ORC1	PCCB	1	1	1	1
ORC1	LOXL1	1	1	1	1
ORC1	TRAPPC3	1	1	1	1
ORC1	S100A4	1	1	1	1
ORC1	BAD	1	1	1	1
ORC1	PLEKHM1	1	1	1	1
ORC1	PHKG2	1	1	1	1
ORC1	ZNF318	1	1	1	1
ORC1	STAMBP	1	1	1	1
ORC1	RPA3	1	1	1	1
ORC1	FAS	1	1	1	1
ORC1	PRCP	1	1	1	1
ORC1	TMEM2	1	1	1	1
ORC1	RBKS	1	1	1	1
ORC1	PSIP1	1	1	1	1
ORC1	RPS6	1	1	1	1
ORC1	SMARCD2	1	1	1	1
ORC1	MUC1	1	1	1	1
ORC1	LBR	1	1	1	1
ORC1	PPOX	1	1	1	1
ORC1	RAB4A	1	1	1	1
ORC1	CEBPD	1	1	1	1
ORC1	FZD1	1	1	1	1
ORC1	SUPV3L1	1	1	1	1
ORC1	BAMBI	1	1	1	1
ORC1	ITGB5	1	1	1	1
ORC1	PGRMC1	1	1	1	1
ORC1	ACAT2	1	1	1	1
ORC1	ABCF3	1	1	1	1
ORC1	EAPP	1	1	1	1
ORC1	ATMIN	1	1	1	1
ORC1	GTF2E2	1	1	1	1
ORC1	SLC35A3	1	1	1	1
ORC1	COPB2	1	1	1	1
ORC1	FBXO7	1	1	1	1
ORC1	ADH5	1	1	1	1
ORC1	ST7	1	1	1	1
ORC1	PTPN12	1	1	1	1
ORC1	RAI14	1	1	1	1
ORC1	CDCA4	1	1	1	1
ORC1	ABCC5	1	1	1	1
ORC1	ZNF131	1	1	1	1
ORC1	APPBP2	1	1	1	1
ORC1	MLEC	1	1	1	1
ORC1	ADO	1	1	1	1
ORC1	HK1	1	1	1	1
ORC1	HTATSF1	1	1	1	1
ORC1	SGCB	1	1	1	1
ORC1	TIMM22	1	1	1	1
ORC1	MCOLN1	1	1	1	1
ORC1	MAP2K5	1	1	1	1
ORC1	PARP2	1	1	1	1
ORC1	STAT3	1	1	1	1
ORC1	DUSP11	1	1	1	1
ORC1	SPAG7	1	1	1	1
ORC1	IKBKE	1	1	1	1
ORC1	ALDOC	1	1	1	1
ORC1	FHL2	1	1	1	1
ORC1	CDH3	1	1	1	1
ORC1	POLR2K	1	1	1	1
ORC1	TFAP2A	1	1	1	1
ORC1	DNM1L	1	1	1	1
ORC1	CSRP1	1	1	1	1
ORC1	NOLC1	1	1	1	1
ORC1	PLP2	1	1	1	1
ORC1	MFSD10	1	1	1	1
ORC1	RRP12	1	1	1	1
ORC1	GTPBP8	1	1	1	1
ORC1	DLD	1	1	1	1
ORC1	PLA2G15	1	1	1	1
ORC1	GNPDA1	1	1	1	1
ORC1	CAT	1	1	1	1
ORC1	RNF167	1	1	1	1
ORC1	SCARB1	1	1	1	1
ORC1	CDC45	1	1	1	1
ORC1	FASTKD5	1	1	1	1
ORC1	NR3C1	1	1	1	1
ORC1	TRIM13	1	1	1	1
ORC1	CDKN2A	1	1	1	1
ORC1	CALU	1	1	1	1
ORC1	ACD	1	1	1	1
ORC1	GNB5	1	1	1	1
ORC1	AKR7A2	1	1	1	1
ORC1	APBB2	1	1	1	1
ORC1	OXCT1	1	1	1	1
ORC1	ANO10	1	1	1	1
ORC1	USP1	1	1	1	1
ORC1	LAMA3	1	1	1	1
ORC1	STAT1	1	1	1	1
ORC1	ZNF395	1	1	1	1
ORC1	TES	1	1	1	1
ORC1	G3BP1	1	1	1	1
ORC1	RRP8	1	1	1	1
ORC1	GNAI2	1	1	1	1
ORC1	STAP2	1	1	1	1
ORC1	NOS3	1	1	1	1
ORC1	CTSD	1	1	1	1
ORC1	SORBS3	1	1	1	1
ORC1	CD58	1	1	1	1
ORC1	RUVBL1	1	1	1	1
ORC1	DHRS7	1	1	1	1
ORC1	DFFB	1	1	1	1
ORC1	BLMH	1	1	1	1
ORC1	CAPN1	1	1	1	1
ORC1	WASF3	1	1	1	1
ORC1	ASCC3	1	1	1	1
ORC1	PIH1D1	1	1	1	1
ORC1	CCDC86	1	1	1	1
ORC1	SIRT3	1	1	1	1
ORC1	ECH1	1	1	1	1
ORC1	EGR1	1	1	1	1
ORC1	SCYL3	1	1	1	1
ORC1	PPP2R5A	1	1	1	1
ORC1	KIAA0907	1	1	1	1
ORC1	THAP11	1	1	1	1
ORC1	HIF1A	1	1	1	1
ORC1	ELAC2	1	1	1	1
ORC1	FEZ2	1	1	1	1
ORC1	KCNK1	1	1	1	1
ORC1	TSPAN4	1	1	1	1
ORC1	CCNB1	1	1	1	1
ORC1	CDC20	1	1	1	1
ORC1	MALT1	1	1	1	1
ORC1	RNH1	1	1	1	1
ORC1	PSMD10	1	1	1	1
ORC1	PAK1	1	1	1	1
ORC1	EPRS	1	1	1	1
ORC1	ICAM1	1	1	1	1
ORC1	GPC1	1	1	1	1
ORC1	FKBP4	1	1	1	1
ORC1	PHKB	1	1	1	1
ORC1	MTA1	1	1	1	1
ORC1	TLR4	1	1	1	1
ORC1	YME1L1	1	1	1	1
ORC1	TXLNA	1	1	1	1
ORC1	OXA1L	1	1	1	1
ORC1	ELOVL6	1	1	1	1
ORC1	ABCF1	1	1	1	1
ORC1	NPC1	1	1	1	1
ORC1	MYCBP	1	1	1	1
ORC1	MYL9	1	1	1	1
ORC1	AGL	1	1	1	1
KCTD5	TRAPPC6A	1	1	1	1
KCTD5	PPIC	1	1	1	1
KCTD5	PIK3R3	1	1	1	1
KCTD5	EBP	1	1	1	1
KCTD5	STXBP2	1	1	1	1
KCTD5	PPP2R5A	1	1	1	1
KCTD5	SHC1	1	1	1	1
INSIG1	ME2	1	1	1	1
INSIG1	VAV3	1	1	1	1
INSIG1	STAMBP	1	1	1	1
INSIG1	TIMP2	1	1	1	1
INSIG1	AMDHD2	1	1	1	1
INSIG1	RAB31	1	1	1	1
INSIG1	CAPN1	1	1	1	1
IL1B	SNX11	1	1	1	1
CASP7	ATG3	1	1	1	1
CHN1	TCEAL4	1	1	1	1
CLTC	PHKB	1	1	1	1
ACBD3	IL13RA1	1	1	1	1
NMT1	PTPN1	1	1	1	1
TOP2A	RPS6KA1	1	1	1	1
STK10	TRAM2	1	1	1	1
STK10	HPRT1	1	1	1	1
STK10	USP1	1	1	1	1
STK10	CDKN1A	1	1	1	1
NRAS	LSR	1	1	1	1
CCDC85B	PLSCR1	1	1	1	1
CCDC85B	PEX11A	1	1	1	1
CCDC85B	TSPAN3	1	1	1	1
CCDC85B	RAB27A	1	1	1	1
CCDC85B	NARFL	1	1	1	1
PAFAH1B3	PECR	1	1	1	1
PAFAH1B3	GAPDH	1	1	1	1
PAFAH1B3	PIH1D1	1	1	1	1
PAFAH1B3	CYB561	1	1	1	1
BZW2	TRAK2	1	1	1	1
TMCO1	CISD1	1	1	1	1
TMCO1	FCHO1	1	1	1	1
ARHGAP1	CIAPIN1	1	1	1	1
ARHGAP1	CRTAP	1	1	1	1
ARHGAP1	SNX13	1	1	1	1
ARHGAP1	PSMD10	1	1	1	1
ARHGAP1	MRPS2	1	1	1	1
RGS2	PMAIP1	1	1	1	1
RGS2	AARS	1	1	1	1
RGS2	KAT6B	1	1	1	1
RGS2	DPH2	1	1	1	1
RGS2	UBE2J1	1	1	1	1
RGS2	PHKA1	1	1	1	1
RGS2	UGDH	1	1	1	1
RGS2	PECR	1	1	1	1
RGS2	DDR1	1	1	1	1
RGS2	CLTC	1	1	1	1
RGS2	NR1H2	1	1	1	1
RGS2	ARHGAP1	1	1	1	1
RGS2	CANT1	1	1	1	1
RGS2	VGLL4	1	1	1	1
RGS2	CERK	1	1	1	1
RGS2	TCTA	1	1	1	1
RGS2	DYRK3	1	1	1	1
RGS2	BLVRA	1	1	1	1
RGS2	SYNGR3	1	1	1	1
RGS2	CDK19	1	1	1	1
RGS2	APP	1	1	1	1
RGS2	KDELR2	1	1	1	1
RGS2	SPR	1	1	1	1
RGS2	DHX29	1	1	1	1
RGS2	VPS72	1	1	1	1
RGS2	TUBB6	1	1	1	1
RGS2	RPS6	1	1	1	1
RGS2	LGALS8	1	1	1	1
RGS2	SMARCD2	1	1	1	1
RGS2	IPO13	1	1	1	1
RGS2	GABPB1	1	1	1	1
RGS2	ARHGEF2	1	1	1	1
RGS2	KIAA1279	1	1	1	1
RGS2	CCL2	1	1	1	1
RGS2	FBXO7	1	1	1	1
RGS2	PPARG	1	1	1	1
RGS2	TJP1	1	1	1	1
RGS2	APPBP2	1	1	1	1
RGS2	MCOLN1	1	1	1	1
RGS2	CDH3	1	1	1	1
RGS2	RRP12	1	1	1	1
RGS2	PAN2	1	1	1	1
RGS2	STXBP2	1	1	1	1
RGS2	TOMM70A	1	1	1	1
RGS2	LAP3	1	1	1	1
RGS2	SCARB1	1	1	1	1
RGS2	FASTKD5	1	1	1	1
RGS2	SYPL1	1	1	1	1
RGS2	OXCT1	1	1	1	1
RGS2	TP53	1	1	1	1
RGS2	GNAI2	1	1	1	1
RGS2	SPRED2	1	1	1	1
RGS2	CTSD	1	1	1	1
RGS2	LRP10	1	1	1	1
RGS2	CD58	1	1	1	1
RGS2	CCP110	1	1	1	1
RGS2	TM9SF2	1	1	1	1
RGS2	FEZ2	1	1	1	1
RGS2	LYRM1	1	1	1	1
RGS2	PRR15L	1	1	1	1
RGS2	PMM2	1	1	1	1
RGS2	TXLNA	1	1	1	1
RGS2	CLSTN1	1	1	1	1
RGS2	KDM5B	1	1	1	1
RGS2	ZMIZ1	1	1	1	1
RGS2	NPC1	1	1	1	1
RGS2	CAMSAP2	1	1	1	1
POLR2I	RRS1	1	1	1	1
ZNF451	PRSS23	1	1	1	1
ZNF451	PRKCD	1	1	1	1
RBM6	HSPA1A	1	1	1	1
RBM6	PIK3R3	1	1	1	1
RBM6	HDAC2	1	1	1	1
RBM6	PRKAG2	1	1	1	1
HEBP1	NUDCD3	1	1	1	1
SNX11	LRRC16A	1	1	1	1
PDLIM1	PIK3CA	1	1	1	1
PDLIM1	CLTC	1	1	1	1
PDLIM1	RNH1	1	1	1	1
PTK2	RPIA	1	1	1	1
PTK2	NARFL	1	1	1	1
CIAPIN1	HSD17B11	1	1	1	1
CIAPIN1	SCAND1	1	1	1	1
RRP1B	NFKBIB	1	1	1	1
MAP7	USP7	1	1	1	1
MAP7	CCNB2	1	1	1	1
MAP7	RAD9A	1	1	1	1
MAP7	DLD	1	1	1	1
PLOD3	ME2	1	1	1	1
PLOD3	SMAD3	1	1	1	1
PLOD3	NUSAP1	1	1	1	1
PLOD3	WIPF2	1	1	1	1
PLOD3	KIAA1033	1	1	1	1
PLOD3	BMP4	1	1	1	1
PLOD3	PCMT1	1	1	1	1
PLOD3	APOE	1	1	1	1
PLOD3	IL4R	1	1	1	1
PLOD3	LSR	1	1	1	1
PLOD3	ERBB3	1	1	1	1
PLOD3	ARFIP2	1	1	1	1
PLOD3	JUN	1	1	1	1
PLOD3	CISD1	1	1	1	1
PLOD3	LYN	1	1	1	1
PLOD3	DCTD	1	1	1	1
PLOD3	NRIP1	1	1	1	1
PLOD3	TIPARP	1	1	1	1
PLOD3	IL13RA1	1	1	1	1
PLOD3	KIT	1	1	1	1
PLOD3	MOK	1	1	1	1
PLOD3	UFM1	1	1	1	1
PLOD3	ICMT	1	1	1	1
PLOD3	RPA1	1	1	1	1
PLOD3	ILK	1	1	1	1
PLOD3	MYC	1	1	1	1
PLOD3	METRN	1	1	1	1
PLOD3	BRCA1	1	1	1	1
PLOD3	RPN1	1	1	1	1
PLOD3	CSNK1E	1	1	1	1
PLOD3	GNA15	1	1	1	1
PLOD3	POLD4	1	1	1	1
PLOD3	KAT6B	1	1	1	1
PLOD3	UBE2J1	1	1	1	1
PLOD3	UBE2L6	1	1	1	1
PLOD3	EPHA3	1	1	1	1
PLOD3	CREB1	1	1	1	1
PLOD3	TMED10	1	1	1	1
PLOD3	PAK4	1	1	1	1
PLOD3	PTPRF	1	1	1	1
PLOD3	TGFBR2	1	1	1	1
PLOD3	ATP1B1	1	1	1	1
PLOD3	HSPA1A	1	1	1	1
PLOD3	ZDHHC6	1	1	1	1
PLOD3	ORC1	1	1	1	1
PLOD3	TWF2	1	1	1	1
PLOD3	PIK3CA	1	1	1	1
PLOD3	INSIG1	1	1	1	1
PLOD3	RAB21	1	1	1	1
PLOD3	CHN1	1	1	1	1
PLOD3	AKAP8L	1	1	1	1
PLOD3	ACBD3	1	1	1	1
PLOD3	MVP	1	1	1	1
PLOD3	KIAA0100	1	1	1	1
PLOD3	KIF2C	1	1	1	1
PLOD3	NR1H2	1	1	1	1
PLOD3	CCDC85B	1	1	1	1
PLOD3	PAFAH1B3	1	1	1	1
PLOD3	BZW2	1	1	1	1
PLOD3	MSH6	1	1	1	1
PLOD3	PLSCR1	1	1	1	1
PLOD3	ANKRD10	1	1	1	1
PLOD3	RGS2	1	1	1	1
PLOD3	POLR2I	1	1	1	1
PLOD3	GRN	1	1	1	1
PLOD3	SNX11	1	1	1	1
PLOD3	PDLIM1	1	1	1	1
PLOD3	TEX10	1	1	1	1
PLOD3	GTF2A2	1	1	1	1
PLOD3	RRP1B	1	1	1	1
PLOD3	TBPL1	1	1	1	1
PLOD3	CERK	1	1	1	1
PLOD3	SLC35A1	1	1	1	1
PLOD3	LRRC41	1	1	1	1
PLOD3	GLOD4	1	1	1	1
PLOD3	SPTAN1	1	1	1	1
PLOD3	DECR1	1	1	1	1
PLOD3	CD320	1	1	1	1
PLOD3	DDX42	1	1	1	1
PLOD3	TMEM109	1	1	1	1
PLOD3	SCP2	1	1	1	1
PLOD3	FOS	1	1	1	1
PLOD3	RNPS1	1	1	1	1
PLOD3	NUP93	1	1	1	1
PLOD3	TM9SF3	1	1	1	1
PLOD3	CDK4	1	1	1	1
PLOD3	RB1	1	1	1	1
PLOD3	FAM57A	1	1	1	1
PLOD3	MAPK1IP1L	1	1	1	1
PLOD3	SLC25A13	1	1	1	1
PLOD3	MEF2C	1	1	1	1
PLOD3	FCHO1	1	1	1	1
PLOD3	INPP1	1	1	1	1
PLOD3	NVL	1	1	1	1
PLOD3	CEBPZ	1	1	1	1
PLOD3	TCFL5	1	1	1	1
PLOD3	MAPK13	1	1	1	1
PLOD3	PCK2	1	1	1	1
PLOD3	PPP1R13B	1	1	1	1
PLOD3	SMC4	1	1	1	1
PLOD3	CRYZ	1	1	1	1
PLOD3	FBXO21	1	1	1	1
PLOD3	ZW10	1	1	1	1
PLOD3	BLCAP	1	1	1	1
PLOD3	HADH	1	1	1	1
PLOD3	SPEN	1	1	1	1
PLOD3	NIPSNAP1	1	1	1	1
PLOD3	KDELR2	1	1	1	1
PLOD3	HDAC6	1	1	1	1
PLOD3	PWP1	1	1	1	1
PLOD3	LOXL1	1	1	1	1
PLOD3	PIK3C3	1	1	1	1
PLOD3	PLEKHM1	1	1	1	1
PLOD3	HMGA2	1	1	1	1
PLOD3	ENOSF1	1	1	1	1
PLOD3	SCAND1	1	1	1	1
PLOD3	BAG3	1	1	1	1
PLOD3	FAS	1	1	1	1
PLOD3	TMEM2	1	1	1	1
PLOD3	FAM63A	1	1	1	1
PLOD3	RBKS	1	1	1	1
PLOD3	VPS72	1	1	1	1
PLOD3	TUBB6	1	1	1	1
PLOD3	RPS6	1	1	1	1
PLOD3	SLC25A4	1	1	1	1
PLOD3	SMARCD2	1	1	1	1
PLOD3	MUC1	1	1	1	1
PLOD3	PPOX	1	1	1	1
PLOD3	SNCA	1	1	1	1
PLOD3	PIGB	1	1	1	1
PLOD3	SKP1	1	1	1	1
PLOD3	KIF5C	1	1	1	1
PLOD3	FZD1	1	1	1	1
PLOD3	TLE1	1	1	1	1
PLOD3	NFKB2	1	1	1	1
PLOD3	MAMLD1	1	1	1	1
PLOD3	TMEM5	1	1	1	1
PLOD3	CEP57	1	1	1	1
PLOD3	BAMBI	1	1	1	1
PLOD3	KIAA1279	1	1	1	1
PLOD3	PGRMC1	1	1	1	1
PLOD3	ABCF3	1	1	1	1
PLOD3	EAPP	1	1	1	1
PLOD3	SDHB	1	1	1	1
PLOD3	CRELD2	1	1	1	1
PLOD3	NOL3	1	1	1	1
PLOD3	HEATR1	1	1	1	1
PLOD3	RSU1	1	1	1	1
PLOD3	PNP	1	1	1	1
PLOD3	SLC35A3	1	1	1	1
PLOD3	KLHL21	1	1	1	1
PLOD3	FBXO7	1	1	1	1
PLOD3	ADH5	1	1	1	1
PLOD3	NUP85	1	1	1	1
PLOD3	SKIV2L	1	1	1	1
PLOD3	RFC2	1	1	1	1
PLOD3	MNAT1	1	1	1	1
PLOD3	PTPRK	1	1	1	1
PLOD3	CHIC2	1	1	1	1
PLOD3	ZNF131	1	1	1	1
PLOD3	TCEA2	1	1	1	1
PLOD3	CBLB	1	1	1	1
PLOD3	LRPAP1	1	1	1	1
PLOD3	TJP1	1	1	1	1
PLOD3	SMARCC1	1	1	1	1
PLOD3	HPRT1	1	1	1	1
PLOD3	CBR1	1	1	1	1
PLOD3	HK1	1	1	1	1
PLOD3	TIMM22	1	1	1	1
PLOD3	MAP2K5	1	1	1	1
PLOD3	IKBKE	1	1	1	1
PLOD3	CPNE3	1	1	1	1
PLOD3	HOXA10	1	1	1	1
PLOD3	LIPA	1	1	1	1
PLOD3	ALDOC	1	1	1	1
PLOD3	FAT1	1	1	1	1
PLOD3	RRS1	1	1	1	1
PLOD3	FHL2	1	1	1	1
PLOD3	POLR2K	1	1	1	1
PLOD3	TXNRD1	1	1	1	1
PLOD3	TFAP2A	1	1	1	1
PLOD3	XPO7	1	1	1	1
PLOD3	MYLK	1	1	1	1
PLOD3	RPIA	1	1	1	1
PLOD3	KLHL9	1	1	1	1
PLOD3	NOLC1	1	1	1	1
PLOD3	POP4	1	1	1	1
PLOD3	PLP2	1	1	1	1
PLOD3	RRP12	1	1	1	1
PLOD3	GTPBP8	1	1	1	1
PLOD3	PAN2	1	1	1	1
PLOD3	STMN1	1	1	1	1
PLOD3	POLE2	1	1	1	1
PLOD3	CDK6	1	1	1	1
PLOD3	GRB7	1	1	1	1
PLOD3	RNMT	1	1	1	1
PLOD3	PLS1	1	1	1	1
PLOD3	SNX13	1	1	1	1
PLOD3	PDHX	1	1	1	1
PLOD3	TBXA2R	1	1	1	1
PLOD3	LRRC16A	1	1	1	1
PLOD3	TOMM70A	1	1	1	1
PLOD3	CAT	1	1	1	1
PLOD3	HERPUD1	1	1	1	1
PLOD3	NR3C1	1	1	1	1
PLOD3	SYPL1	1	1	1	1
PLOD3	TRIM13	1	1	1	1
PLOD3	CDKN2A	1	1	1	1
PLOD3	SENP6	1	1	1	1
PLOD3	CALU	1	1	1	1
PLOD3	ATP6V1D	1	1	1	1
PLOD3	ACD	1	1	1	1
PLOD3	CASP3	1	1	1	1
PLOD3	OXCT1	1	1	1	1
PLOD3	ANO10	1	1	1	1
PLOD3	GRB10	1	1	1	1
PLOD3	MLLT11	1	1	1	1
PLOD3	ISOC1	1	1	1	1
PLOD3	USP1	1	1	1	1
PLOD3	SH3BP5	1	1	1	1
PLOD3	HYOU1	1	1	1	1
PLOD3	TES	1	1	1	1
PLOD3	MAPKAPK5	1	1	1	1
PLOD3	ITGAE	1	1	1	1
PLOD3	ADAT1	1	1	1	1
PLOD3	STAP2	1	1	1	1
PLOD3	CBR3	1	1	1	1
PLOD3	LSM5	1	1	1	1
PLOD3	NOS3	1	1	1	1
PLOD3	CTSD	1	1	1	1
PLOD3	SLC2A6	1	1	1	1
PLOD3	VAPB	1	1	1	1
PLOD3	TIMM17B	1	1	1	1
PLOD3	DHRS7	1	1	1	1
PLOD3	BLMH	1	1	1	1
PLOD3	PRAF2	1	1	1	1
PLOD3	YKT6	1	1	1	1
PLOD3	MIF	1	1	1	1
PLOD3	ASCC3	1	1	1	1
PLOD3	CIRBP	1	1	1	1
PLOD3	PIH1D1	1	1	1	1
PLOD3	CCDC86	1	1	1	1
PLOD3	FIS1	1	1	1	1
PLOD3	SIRT3	1	1	1	1
PLOD3	ECH1	1	1	1	1
PLOD3	CCP110	1	1	1	1
PLOD3	PPP2R5A	1	1	1	1
PLOD3	TM9SF2	1	1	1	1
PLOD3	FEZ2	1	1	1	1
PLOD3	KCNK1	1	1	1	1
PLOD3	KDM3A	1	1	1	1
PLOD3	PTPN6	1	1	1	1
PLOD3	TSPAN4	1	1	1	1
PLOD3	KIF14	1	1	1	1
PLOD3	LYRM1	1	1	1	1
PLOD3	EBNA1BP2	1	1	1	1
PLOD3	CYB561	1	1	1	1
PLOD3	TNIP1	1	1	1	1
PLOD3	FOXO3	1	1	1	1
PLOD3	CDC20	1	1	1	1
PLOD3	PDS5A	1	1	1	1
PLOD3	FDFT1	1	1	1	1
PLOD3	FKBP4	1	1	1	1
PLOD3	DNAJB6	1	1	1	1
PLOD3	PHKB	1	1	1	1
PLOD3	MTA1	1	1	1	1
PLOD3	BAX	1	1	1	1
PLOD3	YME1L1	1	1	1	1
PLOD3	TXLNA	1	1	1	1
PLOD3	SPDEF	1	1	1	1
PLOD3	MRPS16	1	1	1	1
PLOD3	OXA1L	1	1	1	1
PLOD3	ELOVL6	1	1	1	1
PLOD3	ABCF1	1	1	1	1
PLOD3	NUDCD3	1	1	1	1
PLOD3	DENND2D	1	1	1	1
LAGE3	PCMT1	1	1	1	1
LAGE3	TSPAN6	1	1	1	1
LAGE3	GRB7	1	1	1	1
LRRC41	CSRP1	1	1	1	1
LRRC41	PLP2	1	1	1	1
NUDT9	BMP4	1	1	1	1
NUDT9	APOE	1	1	1	1
NUDT9	TGFBR2	1	1	1	1
NUDT9	EDN1	1	1	1	1
NUDT9	TLR4	1	1	1	1
GLOD4	PGAM1	1	1	1	1
TCTA	PIK3C2B	1	1	1	1
TCTA	LIG1	1	1	1	1
TCTA	POLR2K	1	1	1	1
TCTA	CTTN	1	1	1	1
TCTA	FDFT1	1	1	1	1
TPM1	FOS	1	1	1	1
TPM1	PIK3R3	1	1	1	1
TPM1	PROS1	1	1	1	1
TPM1	EGR1	1	1	1	1
ITFG1	PSME1	1	1	1	1
PKIG	PAF1	1	1	1	1
PKIG	CCNB2	1	1	1	1
PKIG	CASC3	1	1	1	1
PKIG	KIT	1	1	1	1
PKIG	C2CD2	1	1	1	1
PKIG	VGLL4	1	1	1	1
PKIG	DDX42	1	1	1	1
PKIG	MEF2C	1	1	1	1
PKIG	ZNF318	1	1	1	1
PKIG	FAM20B	1	1	1	1
PKIG	CRKL	1	1	1	1
PKIG	GTF2E2	1	1	1	1
PKIG	DDIT4	1	1	1	1
PKIG	MYLK	1	1	1	1
PKIG	BCL7B	1	1	1	1
PKIG	WDR7	1	1	1	1
PKIG	SNX13	1	1	1	1
PKIG	FASTKD5	1	1	1	1
PKIG	CIRBP	1	1	1	1
PKIG	MYO10	1	1	1	1
STX4	TCTN1	1	1	1	1
ERBB2	ERBB3	1	1	1	1
ERBB2	MVP	1	1	1	1
ERBB2	PDLIM1	1	1	1	1
ERBB2	PIK3R3	1	1	1	1
ERBB2	CDK1	1	1	1	1
ERBB2	VAT1	1	1	1	1
UBE2C	VAPB	1	1	1	1
TRIM2	RPP38	1	1	1	1
FAM69A	STAP2	1	1	1	1
DYRK3	KDELR2	1	1	1	1
ACOT9	CSNK1E	1	1	1	1
ACOT9	BZW2	1	1	1	1
ASAH1	GRN	1	1	1	1
ASAH1	SPTAN1	1	1	1	1
ASAH1	NET1	1	1	1	1
ASAH1	MNAT1	1	1	1	1
BLVRA	DSG2	1	1	1	1
NUP93	PARP2	1	1	1	1
NUP93	PUF60	1	1	1	1
NUP93	CCNA1	1	1	1	1
NUP93	CCNB1	1	1	1	1
NUP93	NFKBIE	1	1	1	1
TP53BP2	ST7	1	1	1	1
SYNGR3	PCMT1	1	1	1	1
PIK3R3	SORBS3	1	1	1	1
CD44	TRIM2	1	1	1	1
FAM57A	IL13RA1	1	1	1	1
FAM57A	CERK	1	1	1	1
FAM57A	PCK2	1	1	1	1
FAM57A	TSEN2	1	1	1	1
FAM57A	FEZ2	1	1	1	1
FAM57A	KDM3A	1	1	1	1
FAM57A	TNIP1	1	1	1	1
FAM57A	NENF	1	1	1	1
SLC25A13	SPDEF	1	1	1	1
MEF2C	TGFBR2	1	1	1	1
MEF2C	KDM5A	1	1	1	1
MEF2C	SPR	1	1	1	1
MEF2C	CCNF	1	1	1	1
MEF2C	NOS3	1	1	1	1
MEF2C	SIRT3	1	1	1	1
MEF2C	EDN1	1	1	1	1
INPP1	USP6NL	1	1	1	1
INPP1	ENOSF1	1	1	1	1
INPP1	SORBS3	1	1	1	1
INPP1	IFRD2	1	1	1	1
C2CD2L	SNCA	1	1	1	1
C2CD2L	HSPA4	1	1	1	1
C2CD2L	HDAC2	1	1	1	1
C2CD2L	ERO1L	1	1	1	1
BNIP3	NOSIP	1	1	1	1
BNIP3	BID	1	1	1	1
BNIP3	SPAG4	1	1	1	1
BNIP3	PROS1	1	1	1	1
BNIP3	CBR3	1	1	1	1
CCDC92	CDCA4	1	1	1	1
CCDC92	ATP2C1	1	1	1	1
NVL	CENPE	1	1	1	1
NVL	DHRS7	1	1	1	1
MAPK13	POLR2I	1	1	1	1
MAPK13	TCFL5	1	1	1	1
MAPK13	ZMYM2	1	1	1	1
MAPK13	MTA1	1	1	1	1
PCK2	CDCA4	1	1	1	1
BTK	BECN1	1	1	1	1
BTK	ZNF451	1	1	1	1
BTK	GLOD4	1	1	1	1
BTK	HSPA4	1	1	1	1
BTK	PLA2G4A	1	1	1	1
BID	PCCB	1	1	1	1
BID	LIPA	1	1	1	1
CRYZ	EZH2	1	1	1	1
CRYZ	GNA15	1	1	1	1
CRYZ	PLSCR1	1	1	1	1
CRYZ	ADCK3	1	1	1	1
CRYZ	HSPA4	1	1	1	1
CRYZ	ABCF3	1	1	1	1
CRYZ	THAP11	1	1	1	1
CRYZ	NOTCH1	1	1	1	1
LPAR2	EPHB2	1	1	1	1
LPAR2	BZW2	1	1	1	1
LPAR2	CPNE3	1	1	1	1
LPAR2	NOS3	1	1	1	1
LPAR2	TIMM17B	1	1	1	1
ZW10	SMARCA4	1	1	1	1
APP	TOMM34	1	1	1	1
APP	BMP4	1	1	1	1
APP	IL4R	1	1	1	1
APP	TRAPPC6A	1	1	1	1
APP	B3GNT1	1	1	1	1
APP	PIK3C2B	1	1	1	1
APP	TMEM50A	1	1	1	1
APP	PSMB10	1	1	1	1
APP	BCL2	1	1	1	1
APP	MYC	1	1	1	1
APP	METRN	1	1	1	1
APP	CCND1	1	1	1	1
APP	BRCA1	1	1	1	1
APP	EZH2	1	1	1	1
APP	GNA15	1	1	1	1
APP	EPHA3	1	1	1	1
APP	MKNK1	1	1	1	1
APP	TMED10	1	1	1	1
APP	STUB1	1	1	1	1
APP	HSPA1A	1	1	1	1
APP	RAB21	1	1	1	1
APP	C2CD2	1	1	1	1
APP	CLTC	1	1	1	1
APP	VPS28	1	1	1	1
APP	NR1H2	1	1	1	1
APP	CCDC85B	1	1	1	1
APP	ANKRD10	1	1	1	1
APP	VGLL4	1	1	1	1
APP	PPIC	1	1	1	1
APP	PRSS23	1	1	1	1
APP	TBPL1	1	1	1	1
APP	CERK	1	1	1	1
APP	TMEM97	1	1	1	1
APP	ADCK3	1	1	1	1
APP	DYRK3	1	1	1	1
APP	ACOT9	1	1	1	1
APP	CDK4	1	1	1	1
APP	FCHO1	1	1	1	1
APP	CDK19	1	1	1	1
APP	BID	1	1	1	1
APP	APP	1	1	1	1
APP	SPEN	1	1	1	1
APP	KDELR2	1	1	1	1
APP	COG4	1	1	1	1
APP	SPAG4	1	1	1	1
APP	HMGA2	1	1	1	1
APP	ENOSF1	1	1	1	1
APP	RPA3	1	1	1	1
APP	VPS72	1	1	1	1
APP	CHMP6	1	1	1	1
APP	IPO13	1	1	1	1
APP	GFOD1	1	1	1	1
APP	RAB4A	1	1	1	1
APP	SKP1	1	1	1	1
APP	KIAA1279	1	1	1	1
APP	PGRMC1	1	1	1	1
APP	GTF2E2	1	1	1	1
APP	NOL3	1	1	1	1
APP	HEATR1	1	1	1	1
APP	RSU1	1	1	1	1
APP	FBXO7	1	1	1	1
APP	ST7	1	1	1	1
APP	PTPN12	1	1	1	1
APP	ZNF131	1	1	1	1
APP	TJP1	1	1	1	1
APP	CBR1	1	1	1	1
APP	RFX5	1	1	1	1
APP	MCOLN1	1	1	1	1
APP	STAT3	1	1	1	1
APP	PYCR1	1	1	1	1
APP	DYNLT3	1	1	1	1
APP	ALDOC	1	1	1	1
APP	RRS1	1	1	1	1
APP	FHL2	1	1	1	1
APP	TFAP2A	1	1	1	1
APP	CSRP1	1	1	1	1
APP	AURKA	1	1	1	1
APP	PLS1	1	1	1	1
APP	PUF60	1	1	1	1
APP	SCARB1	1	1	1	1
APP	CDC45	1	1	1	1
APP	SYPL1	1	1	1	1
APP	ATP6V1D	1	1	1	1
APP	GNB5	1	1	1	1
APP	AKR7A2	1	1	1	1
APP	ELAVL1	1	1	1	1
APP	CASP3	1	1	1	1
APP	OXCT1	1	1	1	1
APP	GRB10	1	1	1	1
APP	SLC5A6	1	1	1	1
APP	LAMA3	1	1	1	1
APP	PRKAG2	1	1	1	1
APP	PTPN1	1	1	1	1
APP	TES	1	1	1	1
APP	RRP8	1	1	1	1
APP	SCRN1	1	1	1	1
APP	SORBS3	1	1	1	1
APP	BLMH	1	1	1	1
APP	CAPN1	1	1	1	1
APP	SSBP2	1	1	1	1
APP	EGR1	1	1	1	1
APP	TSEN2	1	1	1	1
APP	HIF1A	1	1	1	1
APP	FEZ2	1	1	1	1
APP	DMTF1	1	1	1	1
APP	KCNK1	1	1	1	1
APP	KDM3A	1	1	1	1
APP	TPD52L2	1	1	1	1
APP	SPTLC2	1	1	1	1
APP	NENF	1	1	1	1
APP	GPC1	1	1	1	1
APP	EDN1	1	1	1	1
APP	TLR4	1	1	1	1
APP	CLSTN1	1	1	1	1
APP	KDM5B	1	1	1	1
APP	KIAA0355	1	1	1	1
APP	AGL	1	1	1	1
BLCAP	TMEM50A	1	1	1	1
EPB41L2	TJP1	1	1	1	1
KDM5A	POLD4	1	1	1	1
KDM5A	ACAT2	1	1	1	1
KDM5A	SCRN1	1	1	1	1
SPEN	ZNF451	1	1	1	1
SPEN	PDLIM1	1	1	1	1
SPEN	PPP2R3C	1	1	1	1
SPEN	ABL1	1	1	1	1
SPEN	RSU1	1	1	1	1
SPEN	PARP2	1	1	1	1
SPEN	GRB7	1	1	1	1
SPEN	SYPL1	1	1	1	1
SPEN	BAX	1	1	1	1
SPEN	IGF2R	1	1	1	1
NIPSNAP1	OXA1L	1	1	1	1
TOR1A	CISD1	1	1	1	1
TOR1A	ALDOA	1	1	1	1
TOR1A	UFM1	1	1	1	1
TOR1A	LOXL1	1	1	1	1
TOR1A	CHERP	1	1	1	1
TOR1A	STXBP1	1	1	1	1
TOR1A	MAPKAPK5	1	1	1	1
PGM1	FASTKD5	1	1	1	1
SFN	PMAIP1	1	1	1	1
SFN	AARS	1	1	1	1
SFN	TOMM34	1	1	1	1
SFN	BMP4	1	1	1	1
SFN	PCMT1	1	1	1	1
SFN	TRAK2	1	1	1	1
SFN	PIP4K2B	1	1	1	1
SFN	CISD1	1	1	1	1
SFN	EGFR	1	1	1	1
SFN	KIT	1	1	1	1
SFN	PSMB10	1	1	1	1
SFN	MAST2	1	1	1	1
SFN	UBR7	1	1	1	1
SFN	BCL2	1	1	1	1
SFN	MYC	1	1	1	1
SFN	METRN	1	1	1	1
SFN	POLR1C	1	1	1	1
SFN	EZH2	1	1	1	1
SFN	GNA15	1	1	1	1
SFN	PDIA5	1	1	1	1
SFN	SLC25A14	1	1	1	1
SFN	DPH2	1	1	1	1
SFN	MKNK1	1	1	1	1
SFN	TRIB3	1	1	1	1
SFN	MBOAT7	1	1	1	1
SFN	HES1	1	1	1	1
SFN	C2CD2	1	1	1	1
SFN	STK10	1	1	1	1
SFN	ANKRD10	1	1	1	1
SFN	ETFB	1	1	1	1
SFN	PDLIM1	1	1	1	1
SFN	TBPL1	1	1	1	1
SFN	TMEM97	1	1	1	1
SFN	PLOD3	1	1	1	1
SFN	ADCK3	1	1	1	1
SFN	TRIM2	1	1	1	1
SFN	TMEM109	1	1	1	1
SFN	FAM69A	1	1	1	1
SFN	DYRK3	1	1	1	1
SFN	BLVRA	1	1	1	1
SFN	FAM57A	1	1	1	1
SFN	EXT1	1	1	1	1
SFN	CD97	1	1	1	1
SFN	SLC35B1	1	1	1	1
SFN	PWP1	1	1	1	1
SFN	AKT1	1	1	1	1
SFN	SPAG4	1	1	1	1
SFN	ENOSF1	1	1	1	1
SFN	RPA3	1	1	1	1
SFN	TIAM1	1	1	1	1
SFN	FAM20B	1	1	1	1
SFN	MAPKAPK3	1	1	1	1
SFN	EBP	1	1	1	1
SFN	IPO13	1	1	1	1
SFN	SNCA	1	1	1	1
SFN	PIGB	1	1	1	1
SFN	RAB4A	1	1	1	1
SFN	UBQLN2	1	1	1	1
SFN	SKP1	1	1	1	1
SFN	SOCS2	1	1	1	1
SFN	KIAA0196	1	1	1	1
SFN	PAX8	1	1	1	1
SFN	PGRMC1	1	1	1	1
SFN	CRELD2	1	1	1	1
SFN	NOL3	1	1	1	1
SFN	CTNNAL1	1	1	1	1
SFN	FBXO7	1	1	1	1
SFN	PTPN12	1	1	1	1
SFN	MAPK9	1	1	1	1
SFN	PPARG	1	1	1	1
SFN	TJP1	1	1	1	1
SFN	RFX5	1	1	1	1
SFN	MCOLN1	1	1	1	1
SFN	MAP2K5	1	1	1	1
SFN	DUSP11	1	1	1	1
SFN	DYNLT3	1	1	1	1
SFN	FAIM	1	1	1	1
SFN	HOMER2	1	1	1	1
SFN	POLR2K	1	1	1	1
SFN	XPO7	1	1	1	1
SFN	MYLK	1	1	1	1
SFN	CSRP1	1	1	1	1
SFN	ENOPH1	1	1	1	1
SFN	ACLY	1	1	1	1
SFN	MYBL2	1	1	1	1
SFN	CDK6	1	1	1	1
SFN	GNPDA1	1	1	1	1
SFN	YTHDF1	1	1	1	1
SFN	PUF60	1	1	1	1
SFN	HDAC2	1	1	1	1
SFN	LAP3	1	1	1	1
SFN	ATP6V1D	1	1	1	1
SFN	ARNT2	1	1	1	1
SFN	BACE2	1	1	1	1
SFN	LYPLA1	1	1	1	1
SFN	GRB10	1	1	1	1
SFN	USP1	1	1	1	1
SFN	MACF1	1	1	1	1
SFN	TES	1	1	1	1
SFN	RRP8	1	1	1	1
SFN	PRKACA	1	1	1	1
SFN	RPP38	1	1	1	1
SFN	LSM5	1	1	1	1
SFN	CHAC1	1	1	1	1
SFN	CAPN1	1	1	1	1
SFN	CIRBP	1	1	1	1
SFN	SSBP2	1	1	1	1
SFN	TSEN2	1	1	1	1
SFN	HIF1A	1	1	1	1
SFN	FEZ2	1	1	1	1
SFN	DMTF1	1	1	1	1
SFN	IDE	1	1	1	1
SFN	TPD52L2	1	1	1	1
SFN	IFRD2	1	1	1	1
SFN	NUP88	1	1	1	1
SFN	RRAGA	1	1	1	1
SFN	FOXO3	1	1	1	1
SFN	RNH1	1	1	1	1
SFN	SPTLC2	1	1	1	1
SFN	NENF	1	1	1	1
SFN	BNIP3L	1	1	1	1
SFN	EDN1	1	1	1	1
SFN	MTA1	1	1	1	1
SFN	HMGCS1	1	1	1	1
SFN	PRKCD	1	1	1	1
SFN	TXLNA	1	1	1	1
SFN	STK25	1	1	1	1
SFN	CAMSAP2	1	1	1	1
SFN	KIAA0355	1	1	1	1
SFN	CNDP2	1	1	1	1
TIMELESS	PAK4	1	1	1	1
TIMELESS	ADH5	1	1	1	1
PPP2R3C	BAD	1	1	1	1
PPP2R3C	ARHGEF2	1	1	1	1
PPP2R3C	NOS3	1	1	1	1
COG4	ABCF3	1	1	1	1
AKT1	PSMB8	1	1	1	1
AKT1	ZDHHC6	1	1	1	1
LOXL1	CENPE	1	1	1	1
LOXL1	KAT6B	1	1	1	1
LOXL1	NFKBIB	1	1	1	1
LOXL1	MAPK9	1	1	1	1
LOXL1	RRS1	1	1	1	1
LOXL1	MELK	1	1	1	1
TRAPPC3	SLC35A1	1	1	1	1
SPR	ARID5B	1	1	1	1
SPR	TRAK2	1	1	1	1
SPR	PSMB10	1	1	1	1
SPR	TNFRSF21	1	1	1	1
SPR	ZDHHC6	1	1	1	1
SPR	TBPL1	1	1	1	1
SPR	TUBB6	1	1	1	1
SPR	STXBP1	1	1	1	1
SPR	PLS1	1	1	1	1
SPR	TBXA2R	1	1	1	1
SPR	NOTCH1	1	1	1	1
SPR	TPD52L2	1	1	1	1
SPR	HMGCS1	1	1	1	1
SPR	SPDEF	1	1	1	1
S100A4	DYNLT3	1	1	1	1
PIN1	GLOD4	1	1	1	1
SPAG4	B3GNT1	1	1	1	1
SPAG4	COPS7A	1	1	1	1
SPAG4	PCM1	1	1	1	1
SPAG4	GALE	1	1	1	1
SPAG4	RNPS1	1	1	1	1
SPAG4	MIF	1	1	1	1
PIK3C3	CLSTN1	1	1	1	1
PHKG2	POLD4	1	1	1	1
PHKG2	DMTF1	1	1	1	1
DNAJB2	ABCC5	1	1	1	1
HMGA2	SNX7	1	1	1	1
ZNF318	SYPL1	1	1	1	1
BAG3	CCNA1	1	1	1	1
PRCP	ALDOA	1	1	1	1
PRCP	PAX8	1	1	1	1
PRCP	CBLB	1	1	1	1
PRCP	PARP2	1	1	1	1
PRCP	PRKCQ	1	1	1	1
CCNH	SNCA	1	1	1	1
CCNH	UTP14A	1	1	1	1
CCNH	ERO1L	1	1	1	1
MTF2	RBKS	1	1	1	1
FAM20B	AARS	1	1	1	1
FAM20B	CCDC86	1	1	1	1
RELB	BCL2	1	1	1	1
RELB	CHN1	1	1	1	1
RELB	BTK	1	1	1	1
RELB	KDM5A	1	1	1	1
RELB	PTPN12	1	1	1	1
RELB	RAB27A	1	1	1	1
RELB	SLC5A6	1	1	1	1
RELB	CASK	1	1	1	1
PSIP1	RAB21	1	1	1	1
PCBD1	TEX10	1	1	1	1
RPS6	NUP93	1	1	1	1
EBP	TOMM70A	1	1	1	1
SHB	APOE	1	1	1	1
NUCB2	NR1H2	1	1	1	1
NUCB2	MYLK	1	1	1	1
CHMP6	PCK2	1	1	1	1
LGALS8	CSNK1E	1	1	1	1
IPO13	MPZL1	1	1	1	1
IPO13	AKT1	1	1	1	1
IPO13	PIH1D1	1	1	1	1
LBR	ACOT9	1	1	1	1
DCUN1D4	HK1	1	1	1	1
PPOX	PMAIP1	1	1	1	1
PPOX	HAT1	1	1	1	1
PPOX	H2AFV	1	1	1	1
PPOX	DNAJB1	1	1	1	1
PPOX	FZD7	1	1	1	1
PPOX	MAT2A	1	1	1	1
SNCA	NR1H2	1	1	1	1
GFOD1	CDK2	1	1	1	1
UBQLN2	TP53BP1	1	1	1	1
SKP1	KEAP1	1	1	1	1
SKP1	ICAM1	1	1	1	1
SOCS2	TRAP1	1	1	1	1
NCOA3	P4HTM	1	1	1	1
KIF5C	BLVRA	1	1	1	1
TSPAN3	PIP4K2B	1	1	1	1
TSPAN3	ABHD6	1	1	1	1
TSPAN3	TFAP2A	1	1	1	1
FZD1	HERPUD1	1	1	1	1
SUPV3L1	WFS1	1	1	1	1
KIAA0196	RFC2	1	1	1	1
GADD45B	BAMBI	1	1	1	1
GADD45B	PSMG1	1	1	1	1
GADD45B	FASTKD5	1	1	1	1
GADD45B	ADAT1	1	1	1	1
MAMLD1	SLC1A4	1	1	1	1
MAMLD1	NISCH	1	1	1	1
DNAJB1	EAPP	1	1	1	1
BAMBI	APOE	1	1	1	1
BAMBI	KIF20A	1	1	1	1
UBE2A	MYLK	1	1	1	1
KIAA1279	ILK	1	1	1	1
CRKL	ACD	1	1	1	1
PGRMC1	MICALL1	1	1	1	1
CCL2	DRAP1	1	1	1	1
CCL2	TEX10	1	1	1	1
CCL2	PLOD3	1	1	1	1
CCL2	JMJD6	1	1	1	1
CCL2	PARP2	1	1	1	1
DERA	TCTN1	1	1	1	1
DERA	CD320	1	1	1	1
DERA	GNA11	1	1	1	1
DERA	TXNL4B	1	1	1	1
DERA	SIRT3	1	1	1	1
DERA	SLC37A4	1	1	1	1
DERA	ICAM1	1	1	1	1
DERA	CNDP2	1	1	1	1
GAA	BLVRA	1	1	1	1
ABHD6	SORBS3	1	1	1	1
ATMIN	DUSP14	1	1	1	1
CRELD2	CANT1	1	1	1	1
CRELD2	RAD51C	1	1	1	1
HEATR1	CD320	1	1	1	1
HEATR1	ISOC1	1	1	1	1
HEATR1	NARFL	1	1	1	1
RSU1	GABPB1	1	1	1	1
PNP	CRYZ	1	1	1	1
DDIT4	NUP93	1	1	1	1
DDIT4	RNH1	1	1	1	1
EVL	DNAJC15	1	1	1	1
SLC35A3	DDB2	1	1	1	1
MEST	PMAIP1	1	1	1	1
MEST	AARS	1	1	1	1
MEST	BMP4	1	1	1	1
MEST	TRAK2	1	1	1	1
MEST	HAT1	1	1	1	1
MEST	IKBKB	1	1	1	1
MEST	CISD1	1	1	1	1
MEST	EGFR	1	1	1	1
MEST	FOXO4	1	1	1	1
MEST	PSMB10	1	1	1	1
MEST	BDH1	1	1	1	1
MEST	POLD4	1	1	1	1
MEST	PDIA5	1	1	1	1
MEST	UBE2J1	1	1	1	1
MEST	MKNK1	1	1	1	1
MEST	DNAJC15	1	1	1	1
MEST	MBOAT7	1	1	1	1
MEST	SLC1A4	1	1	1	1
MEST	INSIG1	1	1	1	1
MEST	C2CD2	1	1	1	1
MEST	CHN1	1	1	1	1
MEST	ACBD3	1	1	1	1
MEST	RTN2	1	1	1	1
MEST	RGS2	1	1	1	1
MEST	CERK	1	1	1	1
MEST	DCK	1	1	1	1
MEST	TCTA	1	1	1	1
MEST	UBE2C	1	1	1	1
MEST	ACOT9	1	1	1	1
MEST	PIK3R3	1	1	1	1
MEST	EXT1	1	1	1	1
MEST	C2CD2L	1	1	1	1
MEST	PEX11A	1	1	1	1
MEST	CD97	1	1	1	1
MEST	SLC35F2	1	1	1	1
MEST	PWP1	1	1	1	1
MEST	PLEKHM1	1	1	1	1
MEST	PHKG2	1	1	1	1
MEST	RPA3	1	1	1	1
MEST	DFFA	1	1	1	1
MEST	FAM20B	1	1	1	1
MEST	SMARCA4	1	1	1	1
MEST	LGALS8	1	1	1	1
MEST	LBR	1	1	1	1
MEST	PIGB	1	1	1	1
MEST	KIAA0196	1	1	1	1
MEST	NFKB2	1	1	1	1
MEST	GAA	1	1	1	1
MEST	ABCF3	1	1	1	1
MEST	ABHD6	1	1	1	1
MEST	PSME1	1	1	1	1
MEST	MAP4K4	1	1	1	1
MEST	COG2	1	1	1	1
MEST	UBE3C	1	1	1	1
MEST	SOX4	1	1	1	1
MEST	MAPK9	1	1	1	1
MEST	ZMYM2	1	1	1	1
MEST	NR2F6	1	1	1	1
MEST	ADO	1	1	1	1
MEST	TIMM22	1	1	1	1
MEST	DUSP11	1	1	1	1
MEST	HOXA10	1	1	1	1
MEST	MYLK	1	1	1	1
MEST	DLD	1	1	1	1
MEST	WDR7	1	1	1	1
MEST	MYBL2	1	1	1	1
MEST	FPGS	1	1	1	1
MEST	DNTTIP2	1	1	1	1
MEST	HDAC2	1	1	1	1
MEST	TOMM70A	1	1	1	1
MEST	HERPUD1	1	1	1	1
MEST	RAB27A	1	1	1	1
MEST	SENP6	1	1	1	1
MEST	ELAVL1	1	1	1	1
MEST	BACE2	1	1	1	1
MEST	ZNF274	1	1	1	1
MEST	GSTZ1	1	1	1	1
MEST	SLC11A2	1	1	1	1
MEST	POLB	1	1	1	1
MEST	HERC6	1	1	1	1
MEST	HYOU1	1	1	1	1
MEST	CSK	1	1	1	1
MEST	RPP38	1	1	1	1
MEST	TRAP1	1	1	1	1
MEST	RAB31	1	1	1	1
MEST	SPRED2	1	1	1	1
MEST	STAP2	1	1	1	1
MEST	NISCH	1	1	1	1
MEST	CD58	1	1	1	1
MEST	TP53BP1	1	1	1	1
MEST	ATP2C1	1	1	1	1
MEST	TSPAN4	1	1	1	1
MEST	RRAGA	1	1	1	1
MEST	TNIP1	1	1	1	1
MEST	NARFL	1	1	1	1
MEST	PAK1	1	1	1	1
MEST	P4HTM	1	1	1	1
MEST	ADAM10	1	1	1	1
MEST	MTA1	1	1	1	1
MEST	HMGCS1	1	1	1	1
MEST	PRKCD	1	1	1	1
MEST	MRPS16	1	1	1	1
MEST	MTHFD2	1	1	1	1
MEST	MRPS2	1	1	1	1
MEST	TESK1	1	1	1	1
MEST	STK25	1	1	1	1
MEST	MMP1	1	1	1	1
KLHL21	TMCO1	1	1	1	1
KLHL21	TJP1	1	1	1	1
PTK2B	PHGDH	1	1	1	1
BUB1B	PIN1	1	1	1	1
BUB1B	FAM20B	1	1	1	1
PSME1	DDR1	1	1	1	1
CTNNAL1	NUSAP1	1	1	1	1
CTNNAL1	KIAA0753	1	1	1	1
CTNNAL1	GALE	1	1	1	1
CTNNAL1	CSRP1	1	1	1	1
CTNNAL1	MIF	1	1	1	1
ST7	TCTA	1	1	1	1
ST7	ASAH1	1	1	1	1
ST7	FAM57A	1	1	1	1
ST7	MAPKAPK3	1	1	1	1
ST7	CGRRF1	1	1	1	1
ST7	PAX8	1	1	1	1
ST7	ITGB5	1	1	1	1
ST7	UTP14A	1	1	1	1
ST7	AKR7A2	1	1	1	1
ST7	CLTB	1	1	1	1
IKBKAP	TRIM2	1	1	1	1
IKBKAP	NISCH	1	1	1	1
GMNN	HMGCR	1	1	1	1
GMNN	PROS1	1	1	1	1
GMNN	PAN2	1	1	1	1
GMNN	PRKAG2	1	1	1	1
GMNN	ICAM1	1	1	1	1
SMC1A	EGFR	1	1	1	1
SMC1A	HSPA1A	1	1	1	1
SMC1A	PGAM1	1	1	1	1
SMC1A	DECR1	1	1	1	1
SMC1A	DYNLT3	1	1	1	1
COG2	HTRA1	1	1	1	1
RAI14	HSPA1A	1	1	1	1
RAI14	BTK	1	1	1	1
SKIV2L	DSG2	1	1	1	1
SKIV2L	TM9SF3	1	1	1	1
UBE3C	BMP4	1	1	1	1
UBE3C	BDH1	1	1	1	1
UBE3C	HSPA1A	1	1	1	1
UBE3C	FBXO21	1	1	1	1
UBE3C	NET1	1	1	1	1
UBE3C	TBX2	1	1	1	1
RFC2	DRAP1	1	1	1	1
ABCC5	CBLB	1	1	1	1
PTPRK	RAB31	1	1	1	1
CHIC2	RSU1	1	1	1	1
CTNND1	MEF2C	1	1	1	1
CTNND1	DNMT3A	1	1	1	1
CTNND1	ICAM1	1	1	1	1
CTNND1	EDN1	1	1	1	1
PPARG	SPTAN1	1	1	1	1
PPARG	CCNH	1	1	1	1
PPARG	MUC1	1	1	1	1
PPARG	GATA2	1	1	1	1
PPARG	TLR4	1	1	1	1
TRAM2	SMAD3	1	1	1	1
TRAM2	POLG2	1	1	1	1
TRAM2	FOXJ3	1	1	1	1
TRAM2	APOE	1	1	1	1
TRAM2	SACM1L	1	1	1	1
TRAM2	GNAS	1	1	1	1
TRAM2	TRAPPC6A	1	1	1	1
TRAM2	PNKP	1	1	1	1
TRAM2	PIP4K2B	1	1	1	1
TRAM2	ALDOA	1	1	1	1
TRAM2	IL13RA1	1	1	1	1
TRAM2	FUT1	1	1	1	1
TRAM2	PSMB8	1	1	1	1
TRAM2	BCL2	1	1	1	1
TRAM2	TERF2IP	1	1	1	1
TRAM2	CSNK1E	1	1	1	1
TRAM2	PSRC1	1	1	1	1
TRAM2	TSPAN6	1	1	1	1
TRAM2	PHKA1	1	1	1	1
TRAM2	CREB1	1	1	1	1
TRAM2	AURKB	1	1	1	1
TRAM2	PTPRF	1	1	1	1
TRAM2	FKBP14	1	1	1	1
TRAM2	KCTD5	1	1	1	1
TRAM2	DDR1	1	1	1	1
TRAM2	ACBD3	1	1	1	1
TRAM2	STX1A	1	1	1	1
TRAM2	GALE	1	1	1	1
TRAM2	ZNF451	1	1	1	1
TRAM2	RBM6	1	1	1	1
TRAM2	TCTA	1	1	1	1
TRAM2	ITFG1	1	1	1	1
TRAM2	TRIM2	1	1	1	1
TRAM2	PIK3R3	1	1	1	1
TRAM2	C2CD2L	1	1	1	1
TRAM2	TCFL5	1	1	1	1
TRAM2	SMC4	1	1	1	1
TRAM2	BID	1	1	1	1
TRAM2	PEX11A	1	1	1	1
TRAM2	BLCAP	1	1	1	1
TRAM2	KDELR2	1	1	1	1
TRAM2	PPP2R3C	1	1	1	1
TRAM2	AKT1	1	1	1	1
TRAM2	LOXL1	1	1	1	1
TRAM2	BAD	1	1	1	1
TRAM2	STAMBP	1	1	1	1
TRAM2	TCEAL4	1	1	1	1
TRAM2	EBP	1	1	1	1
TRAM2	LGALS8	1	1	1	1
TRAM2	GFOD1	1	1	1	1
TRAM2	HSPA4	1	1	1	1
TRAM2	SKP1	1	1	1	1
TRAM2	SUPV3L1	1	1	1	1
TRAM2	DNAJB1	1	1	1	1
TRAM2	ABL1	1	1	1	1
TRAM2	CEP57	1	1	1	1
TRAM2	EAPP	1	1	1	1
TRAM2	SDHB	1	1	1	1
TRAM2	PNP	1	1	1	1
TRAM2	TBC1D9B	1	1	1	1
TRAM2	ARPP19	1	1	1	1
TRAM2	RAI14	1	1	1	1
TRAM2	PPARG	1	1	1	1
TRAM2	ZNF131	1	1	1	1
TRAM2	LRPAP1	1	1	1	1
TRAM2	APPBP2	1	1	1	1
TRAM2	SMARCC1	1	1	1	1
TRAM2	HK1	1	1	1	1
TRAM2	STAT3	1	1	1	1
TRAM2	SPAG7	1	1	1	1
TRAM2	CPNE3	1	1	1	1
TRAM2	DYNLT3	1	1	1	1
TRAM2	DNMT1	1	1	1	1
TRAM2	POLR2K	1	1	1	1
TRAM2	RPIA	1	1	1	1
TRAM2	PLP2	1	1	1	1
TRAM2	DLD	1	1	1	1
TRAM2	WDR7	1	1	1	1
TRAM2	PACSIN3	1	1	1	1
TRAM2	PTPLAD1	1	1	1	1
TRAM2	RNMT	1	1	1	1
TRAM2	PLS1	1	1	1	1
TRAM2	LAP3	1	1	1	1
TRAM2	PRUNE	1	1	1	1
TRAM2	FASTKD5	1	1	1	1
TRAM2	GNB5	1	1	1	1
TRAM2	ELAVL1	1	1	1	1
TRAM2	BACE2	1	1	1	1
TRAM2	LYPLA1	1	1	1	1
TRAM2	ISOC1	1	1	1	1
TRAM2	USP1	1	1	1	1
TRAM2	EML3	1	1	1	1
TRAM2	ADI1	1	1	1	1
TRAM2	TRIB1	1	1	1	1
TRAM2	MIF	1	1	1	1
TRAM2	ASCC3	1	1	1	1
TRAM2	SIRT3	1	1	1	1
TRAM2	DNMT3A	1	1	1	1
TRAM2	IDE	1	1	1	1
TRAM2	PTPN6	1	1	1	1
TRAM2	NFKBIE	1	1	1	1
TRAM2	TSTA3	1	1	1	1
TRAM2	TNIP1	1	1	1	1
TRAM2	SLC37A4	1	1	1	1
TRAM2	TOPBP1	1	1	1	1
TRAM2	SCCPDH	1	1	1	1
TRAM2	ST6GALNAC2	1	1	1	1
TRAM2	PHKB	1	1	1	1
TRAM2	MMP2	1	1	1	1
TRAM2	HMGCS1	1	1	1	1
TRAM2	BAX	1	1	1	1
TRAM2	IGF2R	1	1	1	1
TRAM2	MRPS16	1	1	1	1
TRAM2	OXA1L	1	1	1	1
TRAM2	MRPS2	1	1	1	1
TRAM2	PYGL	1	1	1	1
TRAM2	ZMIZ1	1	1	1	1
TRAM2	TESK1	1	1	1	1
TCEA2	CENPE	1	1	1	1
TCEA2	IKBKB	1	1	1	1
TCEA2	ITGB1BP1	1	1	1	1
TCEA2	POLR1C	1	1	1	1
TCEA2	TSPAN6	1	1	1	1
TCEA2	PTPRF	1	1	1	1
TCEA2	TWF2	1	1	1	1
TCEA2	IL1B	1	1	1	1
TCEA2	PTK2	1	1	1	1
TCEA2	TBPL1	1	1	1	1
TCEA2	REEP5	1	1	1	1
TCEA2	SLC25A13	1	1	1	1
TCEA2	PRR7	1	1	1	1
TCEA2	KDM5A	1	1	1	1
TCEA2	SPEN	1	1	1	1
TCEA2	HMGA2	1	1	1	1
TCEA2	NET1	1	1	1	1
TCEA2	FAM63A	1	1	1	1
TCEA2	CHMP6	1	1	1	1
TCEA2	PPOX	1	1	1	1
TCEA2	FZD1	1	1	1	1
TCEA2	DNAJB1	1	1	1	1
TCEA2	CRELD2	1	1	1	1
TCEA2	COPB2	1	1	1	1
TCEA2	ST7	1	1	1	1
TCEA2	TBC1D9B	1	1	1	1
TCEA2	MAPK9	1	1	1	1
TCEA2	FHL2	1	1	1	1
TCEA2	SNX13	1	1	1	1
TCEA2	EIF5	1	1	1	1
TCEA2	CASP3	1	1	1	1
TCEA2	RAB31	1	1	1	1
TCEA2	CHAC1	1	1	1	1
TCEA2	MELK	1	1	1	1
TCEA2	TM9SF2	1	1	1	1
TCEA2	IDE	1	1	1	1
TCEA2	AKAP8	1	1	1	1
TCEA2	SLC25A46	1	1	1	1
TCEA2	NARFL	1	1	1	1
TCEA2	RNH1	1	1	1	1
TCEA2	ST3GAL5	1	1	1	1
TCEA2	MMP1	1	1	1	1
LRPAP1	DUSP14	1	1	1	1
LRPAP1	BAX	1	1	1	1
TJP1	ACLY	1	1	1	1
SMNDC1	TRAPPC3	1	1	1	1
SMNDC1	BAD	1	1	1	1
SMNDC1	RPS6	1	1	1	1
SMNDC1	PTPN12	1	1	1	1
SMNDC1	CASP3	1	1	1	1
SMNDC1	NOTCH1	1	1	1	1
SMARCC1	WIPF2	1	1	1	1
SMARCC1	PCMT1	1	1	1	1
SMARCC1	APOE	1	1	1	1
SMARCC1	TRAK2	1	1	1	1
SMARCC1	HAT1	1	1	1	1
SMARCC1	LYN	1	1	1	1
SMARCC1	EGFR	1	1	1	1
SMARCC1	NRIP1	1	1	1	1
SMARCC1	FOXO4	1	1	1	1
SMARCC1	RAP1GAP	1	1	1	1
SMARCC1	MYC	1	1	1	1
SMARCC1	CSNK1E	1	1	1	1
SMARCC1	GPATCH8	1	1	1	1
SMARCC1	EZH2	1	1	1	1
SMARCC1	GNA15	1	1	1	1
SMARCC1	PDIA5	1	1	1	1
SMARCC1	UBE2J1	1	1	1	1
SMARCC1	MKNK1	1	1	1	1
SMARCC1	XPNPEP1	1	1	1	1
SMARCC1	TRIB3	1	1	1	1
SMARCC1	HES1	1	1	1	1
SMARCC1	PCM1	1	1	1	1
SMARCC1	CASP7	1	1	1	1
SMARCC1	C2CD2	1	1	1	1
SMARCC1	PGAM1	1	1	1	1
SMARCC1	ACBD3	1	1	1	1
SMARCC1	MVP	1	1	1	1
SMARCC1	KIAA0100	1	1	1	1
SMARCC1	STK10	1	1	1	1
SMARCC1	NRAS	1	1	1	1
SMARCC1	CCDC85B	1	1	1	1
SMARCC1	STX1A	1	1	1	1
SMARCC1	ZNF451	1	1	1	1
SMARCC1	GDPD5	1	1	1	1
SMARCC1	VAV3	1	1	1	1
SMARCC1	SLC35A1	1	1	1	1
SMARCC1	PLOD3	1	1	1	1
SMARCC1	LRRC41	1	1	1	1
SMARCC1	GLOD4	1	1	1	1
SMARCC1	TPM1	1	1	1	1
SMARCC1	ITFG1	1	1	1	1
SMARCC1	ADCK3	1	1	1	1
SMARCC1	NFKBIB	1	1	1	1
SMARCC1	TP53BP2	1	1	1	1
SMARCC1	FAM57A	1	1	1	1
SMARCC1	NVL	1	1	1	1
SMARCC1	PCK2	1	1	1	1
SMARCC1	SMC4	1	1	1	1
SMARCC1	CD97	1	1	1	1
SMARCC1	BLCAP	1	1	1	1
SMARCC1	EPB41L2	1	1	1	1
SMARCC1	SLC35B1	1	1	1	1
SMARCC1	AKT1	1	1	1	1
SMARCC1	MSRA	1	1	1	1
SMARCC1	BAD	1	1	1	1
SMARCC1	ENOSF1	1	1	1	1
SMARCC1	FAS	1	1	1	1
SMARCC1	MAPKAPK3	1	1	1	1
SMARCC1	PCBD1	1	1	1	1
SMARCC1	EBP	1	1	1	1
SMARCC1	SHB	1	1	1	1
SMARCC1	SLC25A4	1	1	1	1
SMARCC1	NUCB2	1	1	1	1
SMARCC1	SNCA	1	1	1	1
SMARCC1	NCOA3	1	1	1	1
SMARCC1	GPR56	1	1	1	1
SMARCC1	KIAA0196	1	1	1	1
SMARCC1	TLE1	1	1	1	1
SMARCC1	NFKB2	1	1	1	1
SMARCC1	PAX8	1	1	1	1
SMARCC1	CRKL	1	1	1	1
SMARCC1	ITGB5	1	1	1	1
SMARCC1	GAA	1	1	1	1
SMARCC1	ALAS1	1	1	1	1
SMARCC1	EVL	1	1	1	1
SMARCC1	KLHL21	1	1	1	1
SMARCC1	ST7	1	1	1	1
SMARCC1	UBE3C	1	1	1	1
SMARCC1	MNAT1	1	1	1	1
SMARCC1	CDCA4	1	1	1	1
SMARCC1	SOX4	1	1	1	1
SMARCC1	MAPK9	1	1	1	1
SMARCC1	TRAM2	1	1	1	1
SMARCC1	SMARCC1	1	1	1	1
SMARCC1	LIG1	1	1	1	1
SMARCC1	SGCB	1	1	1	1
SMARCC1	PFKL	1	1	1	1
SMARCC1	ATP6V0B	1	1	1	1
SMARCC1	PROS1	1	1	1	1
SMARCC1	DDB2	1	1	1	1
SMARCC1	DYNLT3	1	1	1	1
SMARCC1	HOXA10	1	1	1	1
SMARCC1	RFC5	1	1	1	1
SMARCC1	HOMER2	1	1	1	1
SMARCC1	MYLK	1	1	1	1
SMARCC1	TARBP1	1	1	1	1
SMARCC1	KLHL9	1	1	1	1
SMARCC1	ENOPH1	1	1	1	1
SMARCC1	BIRC2	1	1	1	1
SMARCC1	POP4	1	1	1	1
SMARCC1	PLP2	1	1	1	1
SMARCC1	DLD	1	1	1	1
SMARCC1	WDR7	1	1	1	1
SMARCC1	INTS3	1	1	1	1
SMARCC1	MYBL2	1	1	1	1
SMARCC1	GNPDA1	1	1	1	1
SMARCC1	YTHDF1	1	1	1	1
SMARCC1	DHDDS	1	1	1	1
SMARCC1	SNX13	1	1	1	1
SMARCC1	LRRC16A	1	1	1	1
SMARCC1	ATP6V1D	1	1	1	1
SMARCC1	ACD	1	1	1	1
SMARCC1	TIMP2	1	1	1	1
SMARCC1	LYPLA1	1	1	1	1
SMARCC1	ANO10	1	1	1	1
SMARCC1	ZNF395	1	1	1	1
SMARCC1	POLB	1	1	1	1
SMARCC1	CSK	1	1	1	1
SMARCC1	TSKU	1	1	1	1
SMARCC1	RPP38	1	1	1	1
SMARCC1	SCRN1	1	1	1	1
SMARCC1	RAB31	1	1	1	1
SMARCC1	ATF6	1	1	1	1
SMARCC1	CHAC1	1	1	1	1
SMARCC1	TIMM17B	1	1	1	1
SMARCC1	BLMH	1	1	1	1
SMARCC1	CAPN1	1	1	1	1
SMARCC1	SCYL3	1	1	1	1
SMARCC1	TSEN2	1	1	1	1
SMARCC1	NOTCH1	1	1	1	1
SMARCC1	NFKBIE	1	1	1	1
SMARCC1	FOXO3	1	1	1	1
SMARCC1	NARFL	1	1	1	1
SMARCC1	RNH1	1	1	1	1
SMARCC1	WDTC1	1	1	1	1
SMARCC1	PAK1	1	1	1	1
SMARCC1	P4HTM	1	1	1	1
SMARCC1	MMP2	1	1	1	1
SMARCC1	PRKCD	1	1	1	1
SMARCC1	IGF2R	1	1	1	1
SMARCC1	SPDEF	1	1	1	1
SMARCC1	ARID4B	1	1	1	1
SMARCC1	ELOVL6	1	1	1	1
SMARCC1	MRPS2	1	1	1	1
SMARCC1	PYGL	1	1	1	1
SMARCC1	CNDP2	1	1	1	1
HPRT1	ILK	1	1	1	1
MLEC	ALAS1	1	1	1	1
NR2F6	USP14	1	1	1	1
NR2F6	DNMT1	1	1	1	1
ADO	B3GNT1	1	1	1	1
HK1	PECR	1	1	1	1
PLCB3	DUSP11	1	1	1	1
HTATSF1	CETN3	1	1	1	1
SGCB	SLC35F2	1	1	1	1
INPP4B	DSG2	1	1	1	1
PFKL	ACAA1	1	1	1	1
MAP2K5	HDAC6	1	1	1	1
MAP2K5	TRAP1	1	1	1	1
STAT3	CAT	1	1	1	1
SPAG7	DNM1	1	1	1	1
SPAG7	DNAJB2	1	1	1	1
PROS1	CGRRF1	1	1	1	1
GAPDH	APPBP2	1	1	1	1
FZD7	PSME1	1	1	1	1
FZD7	BACE2	1	1	1	1
DYNLT3	ATP1B1	1	1	1	1
DYNLT3	ENOSF1	1	1	1	1
DYNLT3	ZNF395	1	1	1	1
DYNLT3	STK25	1	1	1	1
CDK1	CCND1	1	1	1	1
CDK1	NR1H2	1	1	1	1
CDK1	DUSP6	1	1	1	1
CDK1	PIK3R3	1	1	1	1
EDEM1	PIK3CA	1	1	1	1
EDEM1	IL1B	1	1	1	1
EDEM1	S100A4	1	1	1	1
EDEM1	TARBP1	1	1	1	1
EDEM1	GNB5	1	1	1	1
ALDOC	MEF2C	1	1	1	1
ALDOC	SCYL3	1	1	1	1
ALDOC	MRPS16	1	1	1	1
FAT1	DRAP1	1	1	1	1
FAT1	CHIC2	1	1	1	1
RFC5	PPP2R3C	1	1	1	1
CDH3	ADAT1	1	1	1	1
DNMT1	ILK	1	1	1	1
DNMT1	NET1	1	1	1	1
DNMT1	FAS	1	1	1	1
DNMT1	NR2F6	1	1	1	1
DNMT1	MMP1	1	1	1	1
TXNRD1	HOMER2	1	1	1	1
MYLK	TARBP1	1	1	1	1
MYLK	NOS3	1	1	1	1
RPIA	ERBB3	1	1	1	1
RPIA	PIK3C2B	1	1	1	1
RPIA	CHEK2	1	1	1	1
RPIA	GALE	1	1	1	1
RPIA	TMEM97	1	1	1	1
RPIA	TMEM109	1	1	1	1
RPIA	FAM69A	1	1	1	1
RPIA	AKT1	1	1	1	1
RPIA	PYCR1	1	1	1	1
RPIA	LIPA	1	1	1	1
RPIA	ENOPH1	1	1	1	1
RPIA	RAB31	1	1	1	1
RPIA	CCDC86	1	1	1	1
TARBP1	SCAND1	1	1	1	1
DNM1L	TMEM50A	1	1	1	1
DNM1L	IDE	1	1	1	1
KLHL9	ANO10	1	1	1	1
BIRC2	TPD52L2	1	1	1	1
AURKA	TRIM2	1	1	1	1
BCL7B	CDC42	1	1	1	1
BCL7B	AKT1	1	1	1	1
PLP2	SCCPDH	1	1	1	1
MFSD10	CCDC85B	1	1	1	1
MFSD10	GALE	1	1	1	1
DLD	PTPN12	1	1	1	1
INTS3	CDCA4	1	1	1	1
INTS3	RRS1	1	1	1	1
INTS3	ANO10	1	1	1	1
INTS3	CAPN1	1	1	1	1
PAN2	AURKA	1	1	1	1
PAN2	EML3	1	1	1	1
CCNE2	TMEM97	1	1	1	1
KIF20A	FGFR2	1	1	1	1
KIF20A	TBX2	1	1	1	1
KIF20A	NR3C1	1	1	1	1
KIF20A	MACF1	1	1	1	1
KIF20A	MIF	1	1	1	1
KIF20A	IGF1R	1	1	1	1
KIF20A	NUP88	1	1	1	1
ARL4C	MTA1	1	1	1	1
ACLY	CASC3	1	1	1	1
MYBL2	CYTH1	1	1	1	1
MYBL2	PCMT1	1	1	1	1
MYBL2	SACM1L	1	1	1	1
MYBL2	TRAK2	1	1	1	1
MYBL2	JUN	1	1	1	1
MYBL2	EGFR	1	1	1	1
MYBL2	CHEK2	1	1	1	1
MYBL2	ILK	1	1	1	1
MYBL2	PPIE	1	1	1	1
MYBL2	BRCA1	1	1	1	1
MYBL2	POLR1C	1	1	1	1
MYBL2	RPN1	1	1	1	1
MYBL2	MKNK1	1	1	1	1
MYBL2	INSIG1	1	1	1	1
MYBL2	C2CD2	1	1	1	1
MYBL2	CLTC	1	1	1	1
MYBL2	TOP2A	1	1	1	1
MYBL2	GALE	1	1	1	1
MYBL2	WRB	1	1	1	1
MYBL2	GLOD4	1	1	1	1
MYBL2	SLC25A13	1	1	1	1
MYBL2	ATP11B	1	1	1	1
MYBL2	PCK2	1	1	1	1
MYBL2	ZW10	1	1	1	1
MYBL2	PWP1	1	1	1	1
MYBL2	LOXL1	1	1	1	1
MYBL2	PRCP	1	1	1	1
MYBL2	FAM20B	1	1	1	1
MYBL2	HN1L	1	1	1	1
MYBL2	PIGB	1	1	1	1
MYBL2	NCOA3	1	1	1	1
MYBL2	GADD45A	1	1	1	1
MYBL2	CGRRF1	1	1	1	1
MYBL2	MAP4K4	1	1	1	1
MYBL2	TJP1	1	1	1	1
MYBL2	JMJD6	1	1	1	1
MYBL2	PLCB3	1	1	1	1
MYBL2	PROS1	1	1	1	1
MYBL2	CDK1	1	1	1	1
MYBL2	POLR2K	1	1	1	1
MYBL2	MYLK	1	1	1	1
MYBL2	CCNE2	1	1	1	1
MYBL2	POLE2	1	1	1	1
MYBL2	TBXA2R	1	1	1	1
MYBL2	SENP6	1	1	1	1
MYBL2	SH3BP5	1	1	1	1
MYBL2	PTPN1	1	1	1	1
MYBL2	TSKU	1	1	1	1
MYBL2	ITGAE	1	1	1	1
MYBL2	RAB31	1	1	1	1
MYBL2	IGF1R	1	1	1	1
MYBL2	CDKN1A	1	1	1	1
MYBL2	ATP2C1	1	1	1	1
MYBL2	DMTF1	1	1	1	1
MYBL2	IDE	1	1	1	1
MYBL2	NUP88	1	1	1	1
MYBL2	NFKBIE	1	1	1	1
MYBL2	TNIP1	1	1	1	1
MYBL2	SLC25A46	1	1	1	1
MYBL2	TOPBP1	1	1	1	1
MYBL2	ICAM1	1	1	1	1
MYBL2	GPC1	1	1	1	1
MYBL2	MMP2	1	1	1	1
MYBL2	CSNK2A2	1	1	1	1
MYBL2	KDM5B	1	1	1	1
PTPLAD1	ANO10	1	1	1	1
GNPDA1	ISOC1	1	1	1	1
GRB7	MVP	1	1	1	1
GRB7	UBQLN2	1	1	1	1
CAB39	HEBP1	1	1	1	1
CAB39	BTK	1	1	1	1
CAB39	NUP133	1	1	1	1
CAB39	FBXO7	1	1	1	1
CAB39	LIPA	1	1	1	1
CAB39	MYL9	1	1	1	1
CAB39	KIAA0355	1	1	1	1
YTHDF1	STAMBP	1	1	1	1
YTHDF1	GATA3	1	1	1	1
DHDDS	PTPN6	1	1	1	1
RNMT	TP53BP2	1	1	1	1
RNMT	TSEN2	1	1	1	1
VAT1	BAMBI	1	1	1	1
PUF60	NUDT9	1	1	1	1
PUF60	YTHDF1	1	1	1	1
PUF60	LRRC16A	1	1	1	1
PUF60	RRP8	1	1	1	1
PUF60	SORBS3	1	1	1	1
PUF60	SLC25A46	1	1	1	1
DNTTIP2	BECN1	1	1	1	1
DNTTIP2	RAB4A	1	1	1	1
DNTTIP2	ABL1	1	1	1	1
DNTTIP2	PRKAG2	1	1	1	1
DNTTIP2	CD40	1	1	1	1
HDAC2	RB1	1	1	1	1
HDAC2	PPP1R13B	1	1	1	1
HDAC2	BTK	1	1	1	1
HDAC2	ST6GALNAC2	1	1	1	1
RNF167	SYPL1	1	1	1	1
HERPUD1	CHAC1	1	1	1	1
SMC3	CDK6	1	1	1	1
SMC3	NOTCH1	1	1	1	1
SCARB1	DUSP14	1	1	1	1
SCARB1	PDHX	1	1	1	1
SCARB1	STK25	1	1	1	1
FASTKD5	GPR56	1	1	1	1
CDKN2A	EXT1	1	1	1	1
CDKN2A	FBXO21	1	1	1	1
CDKN2A	SMARCD2	1	1	1	1
CDKN2A	HSPA4	1	1	1	1
CDKN2A	YTHDF1	1	1	1	1
CDKN2A	NOTCH1	1	1	1	1
CNOT4	SCRN1	1	1	1	1
SENP6	DMTF1	1	1	1	1
CALU	RPIA	1	1	1	1
ATP6V1D	TBC1D9B	1	1	1	1
ATP6V1D	SPTLC2	1	1	1	1
ATP6V1D	MYL9	1	1	1	1
EIF5	MICALL1	1	1	1	1
AKR7A2	PIN1	1	1	1	1
APBB2	PHKA1	1	1	1	1
APBB2	WRB	1	1	1	1
BACE2	SHB	1	1	1	1
CASP3	FAT1	1	1	1	1
CASP3	RPS6KA1	1	1	1	1
CASP3	BCL7B	1	1	1	1
OXCT1	GTF2A2	1	1	1	1
OXCT1	GAA	1	1	1	1
OXCT1	BCL7B	1	1	1	1
OXCT1	STXBP2	1	1	1	1
ZFP36	C2CD2L	1	1	1	1
ZFP36	DLD	1	1	1	1
PRPF4	KDELR2	1	1	1	1
PRPF4	BIRC2	1	1	1	1
USP1	ECD	1	1	1	1
LAMA3	ME2	1	1	1	1
LAMA3	SMAD3	1	1	1	1
LAMA3	NUSAP1	1	1	1	1
LAMA3	WIPF2	1	1	1	1
LAMA3	KIAA1033	1	1	1	1
LAMA3	BMP4	1	1	1	1
LAMA3	APOE	1	1	1	1
LAMA3	IL4R	1	1	1	1
LAMA3	LSR	1	1	1	1
LAMA3	B3GNT1	1	1	1	1
LAMA3	ERBB3	1	1	1	1
LAMA3	ARFIP2	1	1	1	1
LAMA3	JUN	1	1	1	1
LAMA3	CISD1	1	1	1	1
LAMA3	LYN	1	1	1	1
LAMA3	DCTD	1	1	1	1
LAMA3	NRIP1	1	1	1	1
LAMA3	TIPARP	1	1	1	1
LAMA3	IL13RA1	1	1	1	1
LAMA3	KIT	1	1	1	1
LAMA3	MOK	1	1	1	1
LAMA3	BCL2	1	1	1	1
LAMA3	UFM1	1	1	1	1
LAMA3	ICMT	1	1	1	1
LAMA3	RPA1	1	1	1	1
LAMA3	ILK	1	1	1	1
LAMA3	MYC	1	1	1	1
LAMA3	METRN	1	1	1	1
LAMA3	BRCA1	1	1	1	1
LAMA3	RPN1	1	1	1	1
LAMA3	CSNK1E	1	1	1	1
LAMA3	GNA15	1	1	1	1
LAMA3	POLD4	1	1	1	1
LAMA3	KAT6B	1	1	1	1
LAMA3	UBE2J1	1	1	1	1
LAMA3	UBE2L6	1	1	1	1
LAMA3	EPHA3	1	1	1	1
LAMA3	CREB1	1	1	1	1
LAMA3	TMED10	1	1	1	1
LAMA3	PAK4	1	1	1	1
LAMA3	PTPRF	1	1	1	1
LAMA3	HES1	1	1	1	1
LAMA3	TGFBR2	1	1	1	1
LAMA3	ATP1B1	1	1	1	1
LAMA3	HSPA1A	1	1	1	1
LAMA3	ZDHHC6	1	1	1	1
LAMA3	ORC1	1	1	1	1
LAMA3	TWF2	1	1	1	1
LAMA3	PIK3CA	1	1	1	1
LAMA3	INSIG1	1	1	1	1
LAMA3	RAB21	1	1	1	1
LAMA3	CHN1	1	1	1	1
LAMA3	AKAP8L	1	1	1	1
LAMA3	ACBD3	1	1	1	1
LAMA3	MRPL19	1	1	1	1
LAMA3	MVP	1	1	1	1
LAMA3	KIAA0100	1	1	1	1
LAMA3	KIF2C	1	1	1	1
LAMA3	NR1H2	1	1	1	1
LAMA3	CCDC85B	1	1	1	1
LAMA3	PAFAH1B3	1	1	1	1
LAMA3	MSH6	1	1	1	1
LAMA3	PLSCR1	1	1	1	1
LAMA3	ANKRD10	1	1	1	1
LAMA3	RGS2	1	1	1	1
LAMA3	GRN	1	1	1	1
LAMA3	SNX11	1	1	1	1
LAMA3	PDLIM1	1	1	1	1
LAMA3	TEX10	1	1	1	1
LAMA3	GTF2A2	1	1	1	1
LAMA3	RRP1B	1	1	1	1
LAMA3	TBPL1	1	1	1	1
LAMA3	CERK	1	1	1	1
LAMA3	SLC35A1	1	1	1	1
LAMA3	LRRC41	1	1	1	1
LAMA3	GLOD4	1	1	1	1
LAMA3	SPTAN1	1	1	1	1
LAMA3	DECR1	1	1	1	1
LAMA3	CD320	1	1	1	1
LAMA3	DDX42	1	1	1	1
LAMA3	TMEM109	1	1	1	1
LAMA3	SCP2	1	1	1	1
LAMA3	FOS	1	1	1	1
LAMA3	RNPS1	1	1	1	1
LAMA3	DYRK3	1	1	1	1
LAMA3	NUP93	1	1	1	1
LAMA3	TM9SF3	1	1	1	1
LAMA3	CDK4	1	1	1	1
LAMA3	RB1	1	1	1	1
LAMA3	FAM57A	1	1	1	1
LAMA3	MAPK1IP1L	1	1	1	1
LAMA3	SLC25A13	1	1	1	1
LAMA3	MEF2C	1	1	1	1
LAMA3	FCHO1	1	1	1	1
LAMA3	INPP1	1	1	1	1
LAMA3	NVL	1	1	1	1
LAMA3	CEBPZ	1	1	1	1
LAMA3	TCFL5	1	1	1	1
LAMA3	MAPK13	1	1	1	1
LAMA3	PCK2	1	1	1	1
LAMA3	PPP1R13B	1	1	1	1
LAMA3	SMC4	1	1	1	1
LAMA3	CRYZ	1	1	1	1
LAMA3	ZW10	1	1	1	1
LAMA3	BLCAP	1	1	1	1
LAMA3	HADH	1	1	1	1
LAMA3	EPB41L2	1	1	1	1
LAMA3	SPEN	1	1	1	1
LAMA3	NIPSNAP1	1	1	1	1
LAMA3	KDELR2	1	1	1	1
LAMA3	HDAC6	1	1	1	1
LAMA3	TIMELESS	1	1	1	1
LAMA3	PWP1	1	1	1	1
LAMA3	LOXL1	1	1	1	1
LAMA3	SPR	1	1	1	1
LAMA3	BAD	1	1	1	1
LAMA3	PIK3C3	1	1	1	1
LAMA3	PLEKHM1	1	1	1	1
LAMA3	HMGA2	1	1	1	1
LAMA3	ENOSF1	1	1	1	1
LAMA3	SCAND1	1	1	1	1
LAMA3	BAG3	1	1	1	1
LAMA3	FAS	1	1	1	1
LAMA3	TMEM2	1	1	1	1
LAMA3	FAM63A	1	1	1	1
LAMA3	RBKS	1	1	1	1
LAMA3	VPS72	1	1	1	1
LAMA3	TUBB6	1	1	1	1
LAMA3	RPS6	1	1	1	1
LAMA3	SLC25A4	1	1	1	1
LAMA3	SMARCD2	1	1	1	1
LAMA3	MUC1	1	1	1	1
LAMA3	PPOX	1	1	1	1
LAMA3	SNCA	1	1	1	1
LAMA3	PIGB	1	1	1	1
LAMA3	SKP1	1	1	1	1
LAMA3	CHERP	1	1	1	1
LAMA3	KIF5C	1	1	1	1
LAMA3	FZD1	1	1	1	1
LAMA3	TLE1	1	1	1	1
LAMA3	NFKB2	1	1	1	1
LAMA3	MAMLD1	1	1	1	1
LAMA3	CEP57	1	1	1	1
LAMA3	BAMBI	1	1	1	1
LAMA3	CCNF	1	1	1	1
LAMA3	KIAA1279	1	1	1	1
LAMA3	PGRMC1	1	1	1	1
LAMA3	ABCF3	1	1	1	1
LAMA3	SDHB	1	1	1	1
LAMA3	CRELD2	1	1	1	1
LAMA3	NOL3	1	1	1	1
LAMA3	HEATR1	1	1	1	1
LAMA3	RSU1	1	1	1	1
LAMA3	SLC35A3	1	1	1	1
LAMA3	KLHL21	1	1	1	1
LAMA3	FBXO7	1	1	1	1
LAMA3	ADH5	1	1	1	1
LAMA3	SKIV2L	1	1	1	1
LAMA3	RFC2	1	1	1	1
LAMA3	MNAT1	1	1	1	1
LAMA3	ABCC5	1	1	1	1
LAMA3	PTPRK	1	1	1	1
LAMA3	CHIC2	1	1	1	1
LAMA3	ZNF131	1	1	1	1
LAMA3	TCEA2	1	1	1	1
LAMA3	CBLB	1	1	1	1
LAMA3	LRPAP1	1	1	1	1
LAMA3	TJP1	1	1	1	1
LAMA3	SMARCC1	1	1	1	1
LAMA3	HPRT1	1	1	1	1
LAMA3	CBR1	1	1	1	1
LAMA3	NR2F6	1	1	1	1
LAMA3	HK1	1	1	1	1
LAMA3	TIMM22	1	1	1	1
LAMA3	MAP2K5	1	1	1	1
LAMA3	STAT3	1	1	1	1
LAMA3	IKBKE	1	1	1	1
LAMA3	CPNE3	1	1	1	1
LAMA3	HOXA10	1	1	1	1
LAMA3	LIPA	1	1	1	1
LAMA3	FAT1	1	1	1	1
LAMA3	RRS1	1	1	1	1
LAMA3	FHL2	1	1	1	1
LAMA3	POLR2K	1	1	1	1
LAMA3	TXNRD1	1	1	1	1
LAMA3	TFAP2A	1	1	1	1
LAMA3	XPO7	1	1	1	1
LAMA3	MYLK	1	1	1	1
LAMA3	RPIA	1	1	1	1
LAMA3	KLHL9	1	1	1	1
LAMA3	NOLC1	1	1	1	1
LAMA3	POP4	1	1	1	1
LAMA3	PLP2	1	1	1	1
LAMA3	RRP12	1	1	1	1
LAMA3	PAN2	1	1	1	1
LAMA3	STMN1	1	1	1	1
LAMA3	POLE2	1	1	1	1
LAMA3	CDK6	1	1	1	1
LAMA3	GRB7	1	1	1	1
LAMA3	RNMT	1	1	1	1
LAMA3	PLS1	1	1	1	1
LAMA3	SNX13	1	1	1	1
LAMA3	PDHX	1	1	1	1
LAMA3	TBXA2R	1	1	1	1
LAMA3	LRRC16A	1	1	1	1
LAMA3	TOMM70A	1	1	1	1
LAMA3	CAT	1	1	1	1
LAMA3	HERPUD1	1	1	1	1
LAMA3	NR3C1	1	1	1	1
LAMA3	SYPL1	1	1	1	1
LAMA3	TRIM13	1	1	1	1
LAMA3	CDKN2A	1	1	1	1
LAMA3	CALU	1	1	1	1
LAMA3	ATP6V1D	1	1	1	1
LAMA3	ACD	1	1	1	1
LAMA3	CASP3	1	1	1	1
LAMA3	OXCT1	1	1	1	1
LAMA3	ANO10	1	1	1	1
LAMA3	GRB10	1	1	1	1
LAMA3	MLLT11	1	1	1	1
LAMA3	ISOC1	1	1	1	1
LAMA3	SLC5A6	1	1	1	1
LAMA3	USP1	1	1	1	1
LAMA3	SH3BP5	1	1	1	1
LAMA3	HYOU1	1	1	1	1
LAMA3	TES	1	1	1	1
LAMA3	G3BP1	1	1	1	1
LAMA3	MAPKAPK5	1	1	1	1
LAMA3	SCRN1	1	1	1	1
LAMA3	ITGAE	1	1	1	1
LAMA3	ADAT1	1	1	1	1
LAMA3	STAP2	1	1	1	1
LAMA3	CBR3	1	1	1	1
LAMA3	LSM5	1	1	1	1
LAMA3	NOS3	1	1	1	1
LAMA3	CTSD	1	1	1	1
LAMA3	SLC2A6	1	1	1	1
LAMA3	VAPB	1	1	1	1
LAMA3	TIMM17B	1	1	1	1
LAMA3	DHRS7	1	1	1	1
LAMA3	BLMH	1	1	1	1
LAMA3	PRAF2	1	1	1	1
LAMA3	YKT6	1	1	1	1
LAMA3	MIF	1	1	1	1
LAMA3	ASCC3	1	1	1	1
LAMA3	CIRBP	1	1	1	1
LAMA3	PIH1D1	1	1	1	1
LAMA3	CCDC86	1	1	1	1
LAMA3	FIS1	1	1	1	1
LAMA3	KEAP1	1	1	1	1
LAMA3	SIRT3	1	1	1	1
LAMA3	ECH1	1	1	1	1
LAMA3	CCP110	1	1	1	1
LAMA3	PPP2R5A	1	1	1	1
LAMA3	TM9SF2	1	1	1	1
LAMA3	FEZ2	1	1	1	1
LAMA3	KCNK1	1	1	1	1
LAMA3	KDM3A	1	1	1	1
LAMA3	PTPN6	1	1	1	1
LAMA3	TSPAN4	1	1	1	1
LAMA3	LYRM1	1	1	1	1
LAMA3	EBNA1BP2	1	1	1	1
LAMA3	CYB561	1	1	1	1
LAMA3	TNIP1	1	1	1	1
LAMA3	FOXO3	1	1	1	1
LAMA3	CDC20	1	1	1	1
LAMA3	PDS5A	1	1	1	1
LAMA3	FDFT1	1	1	1	1
LAMA3	FKBP4	1	1	1	1
LAMA3	DNAJB6	1	1	1	1
LAMA3	PHKB	1	1	1	1
LAMA3	MTA1	1	1	1	1
LAMA3	BAX	1	1	1	1
LAMA3	TXLNA	1	1	1	1
LAMA3	SPDEF	1	1	1	1
LAMA3	MRPS16	1	1	1	1
LAMA3	OXA1L	1	1	1	1
LAMA3	ABCF1	1	1	1	1
LAMA3	NUDCD3	1	1	1	1
LAMA3	DENND2D	1	1	1	1
SLC11A2	GNA15	1	1	1	1
SH3BP5	HSD17B11	1	1	1	1
SH3BP5	FGFR2	1	1	1	1
SH3BP5	SPTAN1	1	1	1	1
SH3BP5	PWP1	1	1	1	1
SH3BP5	BAG3	1	1	1	1
SH3BP5	DNMT1	1	1	1	1
ABHD4	CSRP1	1	1	1	1
ABHD4	CAB39	1	1	1	1
ABHD4	CLPX	1	1	1	1
PRKAG2	S100A4	1	1	1	1
ZNF395	UBE2A	1	1	1	1
HERC6	RFX5	1	1	1	1
HYOU1	TMEM50A	1	1	1	1
HYOU1	PXN	1	1	1	1
HYOU1	PHKG2	1	1	1	1
HYOU1	ARHGEF2	1	1	1	1
HYOU1	ZMYM2	1	1	1	1
HYOU1	PLCB3	1	1	1	1
HYOU1	TXNRD1	1	1	1	1
HYOU1	TSEN2	1	1	1	1
AMDHD2	ARID5B	1	1	1	1
AMDHD2	SMAD3	1	1	1	1
AMDHD2	TCTN1	1	1	1	1
AMDHD2	TOMM34	1	1	1	1
AMDHD2	BMP4	1	1	1	1
AMDHD2	SACM1L	1	1	1	1
AMDHD2	CDC42	1	1	1	1
AMDHD2	PAF1	1	1	1	1
AMDHD2	TRAPPC6A	1	1	1	1
AMDHD2	HAT1	1	1	1	1
AMDHD2	ERBB3	1	1	1	1
AMDHD2	ARFIP2	1	1	1	1
AMDHD2	JUN	1	1	1	1
AMDHD2	ALDOA	1	1	1	1
AMDHD2	EGFR	1	1	1	1
AMDHD2	CCNB2	1	1	1	1
AMDHD2	DCTD	1	1	1	1
AMDHD2	DSG2	1	1	1	1
AMDHD2	NRIP1	1	1	1	1
AMDHD2	TIPARP	1	1	1	1
AMDHD2	CASC3	1	1	1	1
AMDHD2	TMEM50A	1	1	1	1
AMDHD2	TIMM9	1	1	1	1
AMDHD2	KIT	1	1	1	1
AMDHD2	CHEK2	1	1	1	1
AMDHD2	UFM1	1	1	1	1
AMDHD2	ICMT	1	1	1	1
AMDHD2	ILK	1	1	1	1
AMDHD2	MYC	1	1	1	1
AMDHD2	DRAP1	1	1	1	1
AMDHD2	NOSIP	1	1	1	1
AMDHD2	CCND1	1	1	1	1
AMDHD2	PPIE	1	1	1	1
AMDHD2	POLR1C	1	1	1	1
AMDHD2	IGHMBP2	1	1	1	1
AMDHD2	RPN1	1	1	1	1
AMDHD2	POLD4	1	1	1	1
AMDHD2	KAT6B	1	1	1	1
AMDHD2	KIAA0753	1	1	1	1
AMDHD2	PSRC1	1	1	1	1
AMDHD2	TSPAN6	1	1	1	1
AMDHD2	UBE2L6	1	1	1	1
AMDHD2	EPHA3	1	1	1	1
AMDHD2	PHKA1	1	1	1	1
AMDHD2	CREB1	1	1	1	1
AMDHD2	AURKB	1	1	1	1
AMDHD2	PAK4	1	1	1	1
AMDHD2	PTPRF	1	1	1	1
AMDHD2	UGDH	1	1	1	1
AMDHD2	HES1	1	1	1	1
AMDHD2	HSD17B11	1	1	1	1
AMDHD2	PECR	1	1	1	1
AMDHD2	HSPA1A	1	1	1	1
AMDHD2	ZDHHC6	1	1	1	1
AMDHD2	TWF2	1	1	1	1
AMDHD2	KCTD5	1	1	1	1
AMDHD2	RAB21	1	1	1	1
AMDHD2	DDR1	1	1	1	1
AMDHD2	USP14	1	1	1	1
AMDHD2	ACBD3	1	1	1	1
AMDHD2	VPS28	1	1	1	1
AMDHD2	KIF2C	1	1	1	1
AMDHD2	RTN2	1	1	1	1
AMDHD2	EPN2	1	1	1	1
AMDHD2	NR1H2	1	1	1	1
AMDHD2	TOP2A	1	1	1	1
AMDHD2	PAFAH1B3	1	1	1	1
AMDHD2	TMCO1	1	1	1	1
AMDHD2	DUSP6	1	1	1	1
AMDHD2	TSC22D3	1	1	1	1
AMDHD2	RGS2	1	1	1	1
AMDHD2	CANT1	1	1	1	1
AMDHD2	POLR2I	1	1	1	1
AMDHD2	GRN	1	1	1	1
AMDHD2	RBM6	1	1	1	1
AMDHD2	SNX11	1	1	1	1
AMDHD2	TATDN2	1	1	1	1
AMDHD2	USP6NL	1	1	1	1
AMDHD2	TEX10	1	1	1	1
AMDHD2	PRSS23	1	1	1	1
AMDHD2	REEP5	1	1	1	1
AMDHD2	SLC35A1	1	1	1	1
AMDHD2	LRRC41	1	1	1	1
AMDHD2	SPTAN1	1	1	1	1
AMDHD2	ITFG1	1	1	1	1
AMDHD2	PKIG	1	1	1	1
AMDHD2	DECR1	1	1	1	1
AMDHD2	CD320	1	1	1	1
AMDHD2	ERBB2	1	1	1	1
AMDHD2	UBE2C	1	1	1	1
AMDHD2	TRIM2	1	1	1	1
AMDHD2	TMEM109	1	1	1	1
AMDHD2	SQRDL	1	1	1	1
AMDHD2	SCP2	1	1	1	1
AMDHD2	FOS	1	1	1	1
AMDHD2	RNPS1	1	1	1	1
AMDHD2	HMGCR	1	1	1	1
AMDHD2	ACOT9	1	1	1	1
AMDHD2	ASAH1	1	1	1	1
AMDHD2	CD44	1	1	1	1
AMDHD2	RB1	1	1	1	1
AMDHD2	MAPK1IP1L	1	1	1	1
AMDHD2	SLC25A13	1	1	1	1
AMDHD2	EXT1	1	1	1	1
AMDHD2	FCHO1	1	1	1	1
AMDHD2	INPP1	1	1	1	1
AMDHD2	CCDC92	1	1	1	1
AMDHD2	MAPK13	1	1	1	1
AMDHD2	CDK19	1	1	1	1
AMDHD2	PRR7	1	1	1	1
AMDHD2	IARS2	1	1	1	1
AMDHD2	ZW10	1	1	1	1
AMDHD2	KDM5A	1	1	1	1
AMDHD2	NIPSNAP1	1	1	1	1
AMDHD2	KDELR2	1	1	1	1
AMDHD2	SLC35F2	1	1	1	1
AMDHD2	PPP2R3C	1	1	1	1
AMDHD2	LOXL1	1	1	1	1
AMDHD2	TRAPPC3	1	1	1	1
AMDHD2	BAD	1	1	1	1
AMDHD2	PLEKHM1	1	1	1	1
AMDHD2	PHKG2	1	1	1	1
AMDHD2	ZNF318	1	1	1	1
AMDHD2	ENOSF1	1	1	1	1
AMDHD2	STAMBP	1	1	1	1
AMDHD2	RPA3	1	1	1	1
AMDHD2	FAS	1	1	1	1
AMDHD2	PRCP	1	1	1	1
AMDHD2	TMEM2	1	1	1	1
AMDHD2	RBKS	1	1	1	1
AMDHD2	PSIP1	1	1	1	1
AMDHD2	RPS6	1	1	1	1
AMDHD2	CHMP6	1	1	1	1
AMDHD2	SMARCD2	1	1	1	1
AMDHD2	MUC1	1	1	1	1
AMDHD2	LBR	1	1	1	1
AMDHD2	PPOX	1	1	1	1
AMDHD2	RAB4A	1	1	1	1
AMDHD2	FZD1	1	1	1	1
AMDHD2	SUPV3L1	1	1	1	1
AMDHD2	CRTAP	1	1	1	1
AMDHD2	NUP133	1	1	1	1
AMDHD2	BAMBI	1	1	1	1
AMDHD2	CGRRF1	1	1	1	1
AMDHD2	ITGB5	1	1	1	1
AMDHD2	PGRMC1	1	1	1	1
AMDHD2	ACAT2	1	1	1	1
AMDHD2	ABCF3	1	1	1	1
AMDHD2	EAPP	1	1	1	1
AMDHD2	ATMIN	1	1	1	1
AMDHD2	GTF2E2	1	1	1	1
AMDHD2	SLC35A3	1	1	1	1
AMDHD2	COPB2	1	1	1	1
AMDHD2	FBXO7	1	1	1	1
AMDHD2	ADH5	1	1	1	1
AMDHD2	ST7	1	1	1	1
AMDHD2	PTPN12	1	1	1	1
AMDHD2	NUP85	1	1	1	1
AMDHD2	RAI14	1	1	1	1
AMDHD2	ABCC5	1	1	1	1
AMDHD2	ZNF131	1	1	1	1
AMDHD2	APPBP2	1	1	1	1
AMDHD2	MLEC	1	1	1	1
AMDHD2	ADO	1	1	1	1
AMDHD2	HK1	1	1	1	1
AMDHD2	HTATSF1	1	1	1	1
AMDHD2	TIMM22	1	1	1	1
AMDHD2	MCOLN1	1	1	1	1
AMDHD2	MAP2K5	1	1	1	1
AMDHD2	PARP2	1	1	1	1
AMDHD2	STAT3	1	1	1	1
AMDHD2	DDX10	1	1	1	1
AMDHD2	DUSP11	1	1	1	1
AMDHD2	IKBKE	1	1	1	1
AMDHD2	ALDOC	1	1	1	1
AMDHD2	FHL2	1	1	1	1
AMDHD2	CDH3	1	1	1	1
AMDHD2	POLR2K	1	1	1	1
AMDHD2	TFAP2A	1	1	1	1
AMDHD2	DNM1L	1	1	1	1
AMDHD2	CSRP1	1	1	1	1
AMDHD2	NOLC1	1	1	1	1
AMDHD2	PLP2	1	1	1	1
AMDHD2	RRP12	1	1	1	1
AMDHD2	GTPBP8	1	1	1	1
AMDHD2	DLD	1	1	1	1
AMDHD2	PLA2G15	1	1	1	1
AMDHD2	GNPDA1	1	1	1	1
AMDHD2	CAT	1	1	1	1
AMDHD2	RNF167	1	1	1	1
AMDHD2	SCARB1	1	1	1	1
AMDHD2	FASTKD5	1	1	1	1
AMDHD2	NR3C1	1	1	1	1
AMDHD2	TRIM13	1	1	1	1
AMDHD2	CDKN2A	1	1	1	1
AMDHD2	CNOT4	1	1	1	1
AMDHD2	CALU	1	1	1	1
AMDHD2	ACD	1	1	1	1
AMDHD2	GNB5	1	1	1	1
AMDHD2	AKR7A2	1	1	1	1
AMDHD2	APBB2	1	1	1	1
AMDHD2	CNPY3	1	1	1	1
AMDHD2	OXCT1	1	1	1	1
AMDHD2	SLC5A6	1	1	1	1
AMDHD2	USP1	1	1	1	1
AMDHD2	LAMA3	1	1	1	1
AMDHD2	STAT1	1	1	1	1
AMDHD2	ZNF395	1	1	1	1
AMDHD2	G3BP1	1	1	1	1
AMDHD2	RRP8	1	1	1	1
AMDHD2	PRKACA	1	1	1	1
AMDHD2	GNAI2	1	1	1	1
AMDHD2	STAP2	1	1	1	1
AMDHD2	NOS3	1	1	1	1
AMDHD2	CTSD	1	1	1	1
AMDHD2	CD58	1	1	1	1
AMDHD2	RUVBL1	1	1	1	1
AMDHD2	DHRS7	1	1	1	1
AMDHD2	MELK	1	1	1	1
AMDHD2	DFFB	1	1	1	1
AMDHD2	BLMH	1	1	1	1
AMDHD2	TXNDC9	1	1	1	1
AMDHD2	PRAF2	1	1	1	1
AMDHD2	CAPN1	1	1	1	1
AMDHD2	WASF3	1	1	1	1
AMDHD2	ASCC3	1	1	1	1
AMDHD2	PIH1D1	1	1	1	1
AMDHD2	CCDC86	1	1	1	1
AMDHD2	SIRT3	1	1	1	1
AMDHD2	ECH1	1	1	1	1
AMDHD2	PPP2R5A	1	1	1	1
AMDHD2	KIAA0907	1	1	1	1
AMDHD2	HIF1A	1	1	1	1
AMDHD2	ELAC2	1	1	1	1
AMDHD2	FEZ2	1	1	1	1
AMDHD2	KCNK1	1	1	1	1
AMDHD2	TSPAN4	1	1	1	1
AMDHD2	IFRD2	1	1	1	1
AMDHD2	CCNB1	1	1	1	1
AMDHD2	CDC20	1	1	1	1
AMDHD2	MALT1	1	1	1	1
AMDHD2	RNH1	1	1	1	1
AMDHD2	SPTLC2	1	1	1	1
AMDHD2	PSMD10	1	1	1	1
AMDHD2	PAK1	1	1	1	1
AMDHD2	EPRS	1	1	1	1
AMDHD2	ICAM1	1	1	1	1
AMDHD2	GPC1	1	1	1	1
AMDHD2	FKBP4	1	1	1	1
AMDHD2	PHKB	1	1	1	1
AMDHD2	MTA1	1	1	1	1
AMDHD2	TLR4	1	1	1	1
AMDHD2	BAX	1	1	1	1
AMDHD2	TXLNA	1	1	1	1
AMDHD2	OXA1L	1	1	1	1
AMDHD2	ELOVL6	1	1	1	1
AMDHD2	ABCF1	1	1	1	1
AMDHD2	NPC1	1	1	1	1
AMDHD2	MYCBP	1	1	1	1
AMDHD2	MYL9	1	1	1	1
AMDHD2	AGL	1	1	1	1
CSK	ALDOA	1	1	1	1
CSK	UGDH	1	1	1	1
CSK	CHN1	1	1	1	1
CSK	PDLIM1	1	1	1	1
CSK	CEBPD	1	1	1	1
CSK	CPNE3	1	1	1	1
CSK	SNX13	1	1	1	1
CSK	EML3	1	1	1	1
CSK	BLMH	1	1	1	1
G3BP1	KLHL21	1	1	1	1
G3BP1	USP1	1	1	1	1
TSKU	POLG2	1	1	1	1
TSKU	KIAA1033	1	1	1	1
TSKU	MBNL2	1	1	1	1
TSKU	DDR1	1	1	1	1
TSKU	CREG1	1	1	1	1
TSKU	KDM5A	1	1	1	1
TSKU	TRAPPC3	1	1	1	1
TSKU	ACAT2	1	1	1	1
TSKU	GAA	1	1	1	1
TSKU	RAI14	1	1	1	1
TSKU	RFC2	1	1	1	1
TSKU	RPIA	1	1	1	1
TSKU	ARNT2	1	1	1	1
TSKU	EML3	1	1	1	1
TSKU	NARFL	1	1	1	1
TP53	EGF	1	1	1	1
TP53	CSNK1E	1	1	1	1
TP53	BZW2	1	1	1	1
TP53	ARPP19	1	1	1	1
PRKACA	CREG1	1	1	1	1
PRKACA	GNA11	1	1	1	1
RPP38	PMAIP1	1	1	1	1
RPP38	EGFR	1	1	1	1
RPP38	ANXA7	1	1	1	1
RPP38	C2CD2	1	1	1	1
RPP38	NMT1	1	1	1	1
RPP38	ACAT2	1	1	1	1
RPP38	ATMIN	1	1	1	1
RPP38	ENOPH1	1	1	1	1
RPP38	DLD	1	1	1	1
RPP38	ARNT2	1	1	1	1
RPP38	SHC1	1	1	1	1
TRAP1	KIAA1033	1	1	1	1
TRAP1	RAP1GAP	1	1	1	1
TRAP1	EPRS	1	1	1	1
SCRN1	CIAPIN1	1	1	1	1
GATA3	TOMM34	1	1	1	1
GATA3	IL4R	1	1	1	1
GATA3	USP14	1	1	1	1
GATA3	BZW2	1	1	1	1
GATA3	TPM1	1	1	1	1
GATA3	SLC25A4	1	1	1	1
GATA3	UBQLN2	1	1	1	1
GATA3	TSPAN3	1	1	1	1
GATA3	KIAA0196	1	1	1	1
GATA3	RFC2	1	1	1	1
GATA3	SOX4	1	1	1	1
GATA3	HK1	1	1	1	1
GATA3	TXNRD1	1	1	1	1
GATA3	TBXA2R	1	1	1	1
GATA3	CAT	1	1	1	1
GNAI2	EGFR	1	1	1	1
RAB31	CSNK1E	1	1	1	1
SYNE2	DNM1L	1	1	1	1
CDK2	CRTAP	1	1	1	1
NOS3	UGDH	1	1	1	1
NOS3	PTPLAD1	1	1	1	1
NOS3	ZFP36	1	1	1	1
CTSD	SORBS3	1	1	1	1
LRP10	ATG3	1	1	1	1
CD58	TIMM9	1	1	1	1
CD58	PSMB10	1	1	1	1
CD58	TEX10	1	1	1	1
CD58	TUBB6	1	1	1	1
CD58	STXBP1	1	1	1	1
CD58	ENOPH1	1	1	1	1
CD58	PLS1	1	1	1	1
CD58	TBXA2R	1	1	1	1
CD58	SYPL1	1	1	1	1
CD58	CAPN1	1	1	1	1
CD58	CIRBP	1	1	1	1
CD58	NOTCH1	1	1	1	1
CD58	DMTF1	1	1	1	1
CD58	TPD52L2	1	1	1	1
TRIB1	ICAM1	1	1	1	1
BLMH	APOE	1	1	1	1
YKT6	PTPN12	1	1	1	1
WASF3	STAP2	1	1	1	1
IGF1R	STX1A	1	1	1	1
ASCC3	ACOT9	1	1	1	1
CIRBP	TPM1	1	1	1	1
CIRBP	PNP	1	1	1	1
PRKCQ	TSPAN6	1	1	1	1
SSBP2	ARHGEF2	1	1	1	1
SSBP2	SNX7	1	1	1	1
SNX7	TRAK2	1	1	1	1
FIS1	GABPB1	1	1	1	1
FIS1	CBLB	1	1	1	1
SIRT3	ARID4B	1	1	1	1
ECH1	BECN1	1	1	1	1
CCP110	ARPP19	1	1	1	1
EGR1	GABPB1	1	1	1	1
SCYL3	ARID5B	1	1	1	1
SCYL3	CYTH1	1	1	1	1
SCYL3	KIAA1033	1	1	1	1
SCYL3	SACM1L	1	1	1	1
SCYL3	TRAPPC6A	1	1	1	1
SCYL3	COASY	1	1	1	1
SCYL3	CHEK1	1	1	1	1
SCYL3	ARFIP2	1	1	1	1
SCYL3	PIP4K2B	1	1	1	1
SCYL3	ALDOA	1	1	1	1
SCYL3	EGFR	1	1	1	1
SCYL3	NRIP1	1	1	1	1
SCYL3	TIPARP	1	1	1	1
SCYL3	IL13RA1	1	1	1	1
SCYL3	CASC3	1	1	1	1
SCYL3	TIMM9	1	1	1	1
SCYL3	PSMB10	1	1	1	1
SCYL3	RPA1	1	1	1	1
SCYL3	RPN1	1	1	1	1
SCYL3	CSNK1E	1	1	1	1
SCYL3	GPATCH8	1	1	1	1
SCYL3	POLD4	1	1	1	1
SCYL3	PHGDH	1	1	1	1
SCYL3	EPHA3	1	1	1	1
SCYL3	CREB1	1	1	1	1
SCYL3	TMED10	1	1	1	1
SCYL3	CPSF4	1	1	1	1
SCYL3	STUB1	1	1	1	1
SCYL3	FKBP14	1	1	1	1
SCYL3	PECR	1	1	1	1
SCYL3	HSPA1A	1	1	1	1
SCYL3	ZDHHC6	1	1	1	1
SCYL3	ORC1	1	1	1	1
SCYL3	SLC1A4	1	1	1	1
SCYL3	INSIG1	1	1	1	1
SCYL3	C2CD2	1	1	1	1
SCYL3	USP14	1	1	1	1
SCYL3	VPS28	1	1	1	1
SCYL3	MVP	1	1	1	1
SCYL3	KIAA0100	1	1	1	1
SCYL3	KIF2C	1	1	1	1
SCYL3	RTN2	1	1	1	1
SCYL3	CCDC85B	1	1	1	1
SCYL3	BZW2	1	1	1	1
SCYL3	PLSCR1	1	1	1	1
SCYL3	ANKRD10	1	1	1	1
SCYL3	ZNF451	1	1	1	1
SCYL3	GRN	1	1	1	1
SCYL3	ETFB	1	1	1	1
SCYL3	PDLIM1	1	1	1	1
SCYL3	CERK	1	1	1	1
SCYL3	FGFR2	1	1	1	1
SCYL3	CD320	1	1	1	1
SCYL3	ERBB2	1	1	1	1
SCYL3	TRIM2	1	1	1	1
SCYL3	DYRK3	1	1	1	1
SCYL3	ACOT9	1	1	1	1
SCYL3	PIK3R3	1	1	1	1
SCYL3	CDK4	1	1	1	1
SCYL3	RB1	1	1	1	1
SCYL3	FAM57A	1	1	1	1
SCYL3	FCHO1	1	1	1	1
SCYL3	INPP1	1	1	1	1
SCYL3	C2CD2L	1	1	1	1
SCYL3	NVL	1	1	1	1
SCYL3	TCFL5	1	1	1	1
SCYL3	PPP1R13B	1	1	1	1
SCYL3	BID	1	1	1	1
SCYL3	LPAR2	1	1	1	1
SCYL3	ZW10	1	1	1	1
SCYL3	BLCAP	1	1	1	1
SCYL3	HADH	1	1	1	1
SCYL3	GNA11	1	1	1	1
SCYL3	SPEN	1	1	1	1
SCYL3	KDELR2	1	1	1	1
SCYL3	PGM1	1	1	1	1
SCYL3	S100A4	1	1	1	1
SCYL3	PIK3C3	1	1	1	1
SCYL3	PLEKHM1	1	1	1	1
SCYL3	HMGA2	1	1	1	1
SCYL3	ENOSF1	1	1	1	1
SCYL3	BAG3	1	1	1	1
SCYL3	FAS	1	1	1	1
SCYL3	PRCP	1	1	1	1
SCYL3	TMEM2	1	1	1	1
SCYL3	VPS72	1	1	1	1
SCYL3	DFFA	1	1	1	1
SCYL3	RELB	1	1	1	1
SCYL3	TUBB6	1	1	1	1
SCYL3	RPS6	1	1	1	1
SCYL3	CHMP6	1	1	1	1
SCYL3	SMARCD2	1	1	1	1
SCYL3	RAB4A	1	1	1	1
SCYL3	KIF5C	1	1	1	1
SCYL3	CEBPD	1	1	1	1
SCYL3	ABL1	1	1	1	1
SCYL3	UBE2A	1	1	1	1
SCYL3	PGRMC1	1	1	1	1
SCYL3	EAPP	1	1	1	1
SCYL3	GTF2E2	1	1	1	1
SCYL3	HEATR1	1	1	1	1
SCYL3	PTK2B	1	1	1	1
SCYL3	BUB1B	1	1	1	1
SCYL3	HOOK2	1	1	1	1
SCYL3	TBC1D9B	1	1	1	1
SCYL3	UBE3C	1	1	1	1
SCYL3	MNAT1	1	1	1	1
SCYL3	SOX4	1	1	1	1
SCYL3	ZNF131	1	1	1	1
SCYL3	TJP1	1	1	1	1
SCYL3	JMJD6	1	1	1	1
SCYL3	LIG1	1	1	1	1
SCYL3	MCOLN1	1	1	1	1
SCYL3	PFKL	1	1	1	1
SCYL3	ATP6V0B	1	1	1	1
SCYL3	HOXA10	1	1	1	1
SCYL3	EDEM1	1	1	1	1
SCYL3	RRS1	1	1	1	1
SCYL3	RPS6KA1	1	1	1	1
SCYL3	FHL2	1	1	1	1
SCYL3	DNMT1	1	1	1	1
SCYL3	POLR2K	1	1	1	1
SCYL3	TXNRD1	1	1	1	1
SCYL3	TFAP2A	1	1	1	1
SCYL3	MYLK	1	1	1	1
SCYL3	RPIA	1	1	1	1
SCYL3	ENOPH1	1	1	1	1
SCYL3	BIRC2	1	1	1	1
SCYL3	CASP2	1	1	1	1
SCYL3	POP4	1	1	1	1
SCYL3	MFSD10	1	1	1	1
SCYL3	GTPBP8	1	1	1	1
SCYL3	HIST2H2BE	1	1	1	1
SCYL3	PAN2	1	1	1	1
SCYL3	KIF20A	1	1	1	1
SCYL3	POLE2	1	1	1	1
SCYL3	ACLY	1	1	1	1
SCYL3	GRB7	1	1	1	1
SCYL3	RNMT	1	1	1	1
SCYL3	VAT1	1	1	1	1
SCYL3	PDHX	1	1	1	1
SCYL3	STXBP2	1	1	1	1
SCYL3	TBXA2R	1	1	1	1
SCYL3	LRRC16A	1	1	1	1
SCYL3	DNTTIP2	1	1	1	1
SCYL3	HDAC2	1	1	1	1
SCYL3	TOMM70A	1	1	1	1
SCYL3	HERPUD1	1	1	1	1
SCYL3	SCARB1	1	1	1	1
SCYL3	CDC45	1	1	1	1
SCYL3	SYPL1	1	1	1	1
SCYL3	CDKN2A	1	1	1	1
SCYL3	SENP6	1	1	1	1
SCYL3	ATP6V1D	1	1	1	1
SCYL3	GNB5	1	1	1	1
SCYL3	CNPY3	1	1	1	1
SCYL3	ARNT2	1	1	1	1
SCYL3	CASP3	1	1	1	1
SCYL3	ZFP36	1	1	1	1
SCYL3	LYPLA1	1	1	1	1
SCYL3	ANO10	1	1	1	1
SCYL3	GRB10	1	1	1	1
SCYL3	GSTZ1	1	1	1	1
SCYL3	SH3BP5	1	1	1	1
SCYL3	STAT1	1	1	1	1
SCYL3	ZNF395	1	1	1	1
SCYL3	HYOU1	1	1	1	1
SCYL3	ITGAE	1	1	1	1
SCYL3	ADAT1	1	1	1	1
SCYL3	NOS3	1	1	1	1
SCYL3	CTSD	1	1	1	1
SCYL3	SLC2A6	1	1	1	1
SCYL3	CD58	1	1	1	1
SCYL3	RUVBL1	1	1	1	1
SCYL3	VAPB	1	1	1	1
SCYL3	BLMH	1	1	1	1
SCYL3	CAPN1	1	1	1	1
SCYL3	WASF3	1	1	1	1
SCYL3	IGF1R	1	1	1	1
SCYL3	SSBP2	1	1	1	1
SCYL3	SNX7	1	1	1	1
SCYL3	HS2ST1	1	1	1	1
SCYL3	SIRT3	1	1	1	1
SCYL3	ECH1	1	1	1	1
SCYL3	CCP110	1	1	1	1
SCYL3	KIAA0907	1	1	1	1
SCYL3	ATP2C1	1	1	1	1
SCYL3	ELAC2	1	1	1	1
SCYL3	FEZ2	1	1	1	1
SCYL3	DMTF1	1	1	1	1
SCYL3	HMG20B	1	1	1	1
SCYL3	NUP88	1	1	1	1
SCYL3	NFKBIE	1	1	1	1
SCYL3	CYB561	1	1	1	1
SCYL3	TNIP1	1	1	1	1
SCYL3	SLC37A4	1	1	1	1
SCYL3	CTTN	1	1	1	1
SCYL3	BHLHE40	1	1	1	1
SCYL3	TOPBP1	1	1	1	1
SCYL3	PSMD10	1	1	1	1
SCYL3	EPRS	1	1	1	1
SCYL3	RPA2	1	1	1	1
SCYL3	CLIC4	1	1	1	1
SCYL3	ADAM10	1	1	1	1
SCYL3	PHKB	1	1	1	1
SCYL3	HMGCS1	1	1	1	1
SCYL3	BAX	1	1	1	1
SCYL3	PRKCD	1	1	1	1
SCYL3	CSNK2A2	1	1	1	1
SCYL3	YME1L1	1	1	1	1
SCYL3	SPDEF	1	1	1	1
SCYL3	ARID4B	1	1	1	1
SCYL3	MTHFD2	1	1	1	1
SCYL3	KDM5B	1	1	1	1
SCYL3	PSMD2	1	1	1	1
SCYL3	TESK1	1	1	1	1
SCYL3	ZNF586	1	1	1	1
SCYL3	CNDP2	1	1	1	1
SCYL3	AGL	1	1	1	1
PPP2R5A	SNX13	1	1	1	1
HIF1A	TSPAN4	1	1	1	1
CFLAR	CAPN1	1	1	1	1
NOTCH1	GFPT1	1	1	1	1
NOTCH1	ZNF318	1	1	1	1
NOTCH1	FHL2	1	1	1	1
SHC1	RAI14	1	1	1	1
SHC1	TFAP2A	1	1	1	1
ERO1L	RAB11FIP2	1	1	1	1
IDE	CYTH1	1	1	1	1
IDE	AARS	1	1	1	1
IDE	GNAS	1	1	1	1
IDE	ARFIP2	1	1	1	1
IDE	RELB	1	1	1	1
IDE	GNPDA1	1	1	1	1
IDE	GPC1	1	1	1	1
AKAP8	KIT	1	1	1	1
TPD52L2	CREG1	1	1	1	1
TPD52L2	PHKG2	1	1	1	1
TPD52L2	FAM20B	1	1	1	1
IFRD2	TIMM9	1	1	1	1
IFRD2	GPATCH8	1	1	1	1
IFRD2	RFNG	1	1	1	1
IFRD2	VPS72	1	1	1	1
LYRM1	HSD17B11	1	1	1	1
LYRM1	GADD45A	1	1	1	1
LYRM1	RPS5	1	1	1	1
CYB561	FOS	1	1	1	1
CYB561	CD97	1	1	1	1
CYB561	TUBB6	1	1	1	1
MYO10	AMDHD2	1	1	1	1
TNIP1	CCDC85B	1	1	1	1
NARFL	PPP2R5A	1	1	1	1
ATP5S	TRAPPC6A	1	1	1	1
ATP5S	PGM1	1	1	1	1
ATP5S	PLA2G15	1	1	1	1
CLTB	SCRN1	1	1	1	1
CTTN	ZNF131	1	1	1	1
TOPBP1	CD44	1	1	1	1
TOPBP1	LSM5	1	1	1	1
PAK1	TIMP2	1	1	1	1
MICALL1	ATF6	1	1	1	1
RPA2	PYCR1	1	1	1	1
ST6GALNAC2	MAPKAPK3	1	1	1	1
CLIC4	ACOT9	1	1	1	1
ADAM10	RFNG	1	1	1	1
DNAJB6	TMEM5	1	1	1	1
YME1L1	TCEA2	1	1	1	1
YME1L1	GRB10	1	1	1	1
YME1L1	HS2ST1	1	1	1	1
SPDEF	GNAS	1	1	1	1
SPDEF	EZH2	1	1	1	1
SPDEF	PWP1	1	1	1	1
SPDEF	SMARCA4	1	1	1	1
SPDEF	CRELD2	1	1	1	1
SPDEF	SPAG7	1	1	1	1
MRPS16	CASC3	1	1	1	1
OXA1L	MBOAT7	1	1	1	1
OXA1L	CXCR4	1	1	1	1
OXA1L	FHL2	1	1	1	1
ST3GAL5	BACE2	1	1	1	1
ELOVL6	TOMM34	1	1	1	1
GLRX	ZW10	1	1	1	1
PYGL	NSDHL	1	1	1	1
ZMIZ1	ARFIP2	1	1	1	1
ZMIZ1	ECD	1	1	1	1
ZMIZ1	IGHMBP2	1	1	1	1
SLC27A3	TRIM2	1	1	1	1
SLC27A3	PRKAG2	1	1	1	1
SLC27A3	DNMT3A	1	1	1	1
CAMSAP2	GPC1	1	1	1	1
CAMSAP2	ZMIZ1	1	1	1	1
