TCTN1	RPA1	1	1	1	1
SFN	DRAP1	1	1	1	1
SFN	YME1L1	1	1	1	1
SFN	SKP1	1	1	1	1
SFN	PSMD10	1	1	1	1
SFN	RAB27A	1	1	1	1
SFN	TLR4	1	1	1	1
SFN	TRIB3	1	1	1	1
SFN	TMEM97	1	1	1	1
MRPS2	ATP6V1D	1	1	1	1
TCFL5	FPGS	1	1	1	1
TCFL5	FBXO11	1	1	1	1
TCFL5	ECH1	1	1	1	1
RAB4A	STX4	1	1	1	1
TGFBR2	ETFB	1	1	1	1
MTA1	GNB5	1	1	1	1
TSC22D3	CDK2	1	1	1	1
TESK1	APOE	1	1	1	1
TESK1	UBE3B	1	1	1	1
TESK1	BPHL	1	1	1	1
TESK1	RPS6KA1	1	1	1	1
CNOT4	IER3	1	1	1	1
DLD	PTPN12	1	1	1	1
ETFB	DECR1	1	1	1	1
IFRD2	PCBD1	1	1	1	1
CDK2	GNPDA1	1	1	1	1
RASA1	PPOX	1	1	1	1
RASA1	MYCBP	1	1	1	1
TCEA2	MAP3K4	1	1	1	1
NENF	STK25	1	1	1	1
PSMF1	PYGL	1	1	1	1
TSEN2	GOLT1B	1	1	1	1
TSEN2	EBNA1BP2	1	1	1	1
BMP4	TCEAL4	1	1	1	1
PNP	CRYZ	1	1	1	1
KDM5B	NET1	1	1	1	1
LAMA3	AARS	1	1	1	1
LAMA3	EPN2	1	1	1	1
LAMA3	MAMLD1	1	1	1	1
LAMA3	S100A4	1	1	1	1
LAMA3	MOK	1	1	1	1
LAMA3	ADO	1	1	1	1
LAMA3	TRAPPC6A	1	1	1	1
LAMA3	PCK2	1	1	1	1
LAMA3	UGDH	1	1	1	1
LAMA3	PHKB	1	1	1	1
LAMA3	ADRB2	1	1	1	1
LAMA3	RAI14	1	1	1	1
LAMA3	LSR	1	1	1	1
LAMA3	NISCH	1	1	1	1
LAMA3	DECR1	1	1	1	1
LAMA3	NCAPD2	1	1	1	1
LAMA3	PWP1	1	1	1	1
LAMA3	HSPB1	1	1	1	1
LAMA3	FUT1	1	1	1	1
LAMA3	CBR3	1	1	1	1
LAMA3	FGFR4	1	1	1	1
LAMA3	PLA2G15	1	1	1	1
LAMA3	RSU1	1	1	1	1
LAMA3	UBE2L6	1	1	1	1
LAMA3	KIAA1279	1	1	1	1
LAMA3	MRPS16	1	1	1	1
LAMA3	PRKCQ	1	1	1	1
LAMA3	SH3BP5	1	1	1	1
LAMA3	ATP2C1	1	1	1	1
LAMA3	ELOVL6	1	1	1	1
LAMA3	DDR1	1	1	1	1
LAMA3	TFAP2A	1	1	1	1
LAMA3	TRAP1	1	1	1	1
LAMA3	TMEM5	1	1	1	1
LAMA3	NVL	1	1	1	1
LAMA3	ZNF131	1	1	1	1
LAMA3	KIF5C	1	1	1	1
LAMA3	DYNLT3	1	1	1	1
LAMA3	ASCC3	1	1	1	1
LAMA3	PSMB8	1	1	1	1
LAMA3	G3BP1	1	1	1	1
LAMA3	IDE	1	1	1	1
LAMA3	GDPD5	1	1	1	1
LAMA3	TCFL5	1	1	1	1
LAMA3	SLC27A3	1	1	1	1
LAMA3	RNPS1	1	1	1	1
LAMA3	ST6GALNAC2	1	1	1	1
LAMA3	RFX5	1	1	1	1
LAMA3	TEX10	1	1	1	1
LAMA3	FCHO1	1	1	1	1
LAMA3	IL1B	1	1	1	1
LAMA3	RPS5	1	1	1	1
LAMA3	AKT1	1	1	1	1
LAMA3	PAFAH1B1	1	1	1	1
LAMA3	TIPARP	1	1	1	1
LAMA3	ZNF318	1	1	1	1
LAMA3	TMEM50A	1	1	1	1
LAMA3	CDC25A	1	1	1	1
LAMA3	TXNDC9	1	1	1	1
LAMA3	PSME1	1	1	1	1
LAMA3	CCNB2	1	1	1	1
LAMA3	ITGB1BP1	1	1	1	1
LAMA3	WDTC1	1	1	1	1
LAMA3	TIAM1	1	1	1	1
LAMA3	PMM2	1	1	1	1
LAMA3	BCL2	1	1	1	1
LAMA3	TATDN2	1	1	1	1
LAMA3	PNKP	1	1	1	1
LAMA3	RAP1GAP	1	1	1	1
LAMA3	MTA1	1	1	1	1
LAMA3	GRN	1	1	1	1
LAMA3	MYC	1	1	1	1
LAMA3	DNAJB2	1	1	1	1
LAMA3	FAM69A	1	1	1	1
LAMA3	PRKX	1	1	1	1
LAMA3	GTF2E2	1	1	1	1
LAMA3	NFIL3	1	1	1	1
LAMA3	CD320	1	1	1	1
LAMA3	MAP3K4	1	1	1	1
LAMA3	MTHFD2	1	1	1	1
LAMA3	TES	1	1	1	1
LAMA3	MMP2	1	1	1	1
LAMA3	SUV39H1	1	1	1	1
LAMA3	RPA1	1	1	1	1
LAMA3	CERK	1	1	1	1
LAMA3	GADD45B	1	1	1	1
LAMA3	DENND2D	1	1	1	1
LAMA3	BIRC5	1	1	1	1
LAMA3	SSBP2	1	1	1	1
LAMA3	SENP6	1	1	1	1
LAMA3	USP14	1	1	1	1
LAMA3	FAIM	1	1	1	1
LAMA3	SLC25A4	1	1	1	1
LAMA3	POLR1C	1	1	1	1
LAMA3	RASA1	1	1	1	1
LAMA3	TJP1	1	1	1	1
LAMA3	NRIP1	1	1	1	1
LAMA3	FYN	1	1	1	1
LAMA3	CHEK1	1	1	1	1
LAMA3	GFOD1	1	1	1	1
LAMA3	POLR2K	1	1	1	1
LAMA3	TARBP1	1	1	1	1
LAMA3	EBP	1	1	1	1
LAMA3	CCNA2	1	1	1	1
LAMA3	MBNL1	1	1	1	1
LAMA3	CSNK1A1	1	1	1	1
LAMA3	PXN	1	1	1	1
LAMA3	PSMF1	1	1	1	1
LAMA3	PHGDH	1	1	1	1
LAMA3	PIGB	1	1	1	1
LAMA3	KIAA0100	1	1	1	1
LAMA3	HPRT1	1	1	1	1
LAMA3	SACM1L	1	1	1	1
LAMA3	TSEN2	1	1	1	1
LAMA3	BMP4	1	1	1	1
LAMA3	RRP12	1	1	1	1
LAMA3	PIK3CA	1	1	1	1
LAMA3	CPNE3	1	1	1	1
LAMA3	SOCS2	1	1	1	1
LAMA3	UBQLN2	1	1	1	1
LAMA3	LPAR2	1	1	1	1
LAMA3	CAT	1	1	1	1
LAMA3	KDM5B	1	1	1	1
LAMA3	CEP57	1	1	1	1
LAMA3	TSPAN3	1	1	1	1
LAMA3	SLC5A6	1	1	1	1
LAMA3	ENOSF1	1	1	1	1
LAMA3	ATP6V1D	1	1	1	1
LAMA3	CTSD	1	1	1	1
LAMA3	SLC2A6	1	1	1	1
LAMA3	NSDHL	1	1	1	1
LAMA3	MKNK1	1	1	1	1
LAMA3	POP4	1	1	1	1
LAMA3	CASP2	1	1	1	1
LAMA3	RB1	1	1	1	1
LAMA3	GRB7	1	1	1	1
LAMA3	PIN1	1	1	1	1
LAMA3	POLB	1	1	1	1
LAMA3	VPS72	1	1	1	1
LAMA3	CASP10	1	1	1	1
LAMA3	PPOX	1	1	1	1
LAMA3	YME1L1	1	1	1	1
LAMA3	PRKCD	1	1	1	1
LAMA3	DUSP11	1	1	1	1
LAMA3	IPO13	1	1	1	1
LAMA3	MEST	1	1	1	1
LAMA3	TPM1	1	1	1	1
LAMA3	STK25	1	1	1	1
LAMA3	IL4R	1	1	1	1
LAMA3	GRWD1	1	1	1	1
LAMA3	POLG2	1	1	1	1
LAMA3	PSIP1	1	1	1	1
LAMA3	MYCBP	1	1	1	1
LAMA3	MAN2B1	1	1	1	1
LAMA3	TERF2IP	1	1	1	1
LAMA3	GNAI2	1	1	1	1
LAMA3	PRPF4	1	1	1	1
LAMA3	CDKN1A	1	1	1	1
LAMA3	KIAA1033	1	1	1	1
LAMA3	PLEKHM1	1	1	1	1
LAMA3	EAPP	1	1	1	1
LAMA3	GNPDA1	1	1	1	1
LAMA3	GADD45A	1	1	1	1
LAMA3	PAK4	1	1	1	1
LAMA3	CRKL	1	1	1	1
LAMA3	ICMT	1	1	1	1
LAMA3	ACOT9	1	1	1	1
LAMA3	DYRK3	1	1	1	1
LAMA3	ITFG1	1	1	1	1
LAMA3	JMJD6	1	1	1	1
LAMA3	VGLL4	1	1	1	1
LAMA3	IGFBP3	1	1	1	1
LAMA3	ARL4C	1	1	1	1
LAMA3	CAMSAP2	1	1	1	1
LAMA3	VAPB	1	1	1	1
LAMA3	C5	1	1	1	1
LAMA3	GABPB1	1	1	1	1
LAMA3	PTK2	1	1	1	1
LAMA3	NUP133	1	1	1	1
LAMA3	MFSD10	1	1	1	1
LAMA3	STXBP1	1	1	1	1
LAMA3	YKT6	1	1	1	1
LAMA3	GPC1	1	1	1	1
LAMA3	ORC1	1	1	1	1
LAMA3	ZNF589	1	1	1	1
LAMA3	HDAC6	1	1	1	1
LAMA3	INPP1	1	1	1	1
LAMA3	CCND1	1	1	1	1
LAMA3	PIK3R4	1	1	1	1
LAMA3	STXBP2	1	1	1	1
LAMA3	CCP110	1	1	1	1
LAMA3	ECH1	1	1	1	1
LAMA3	SERPINE1	1	1	1	1
LAMA3	KLHL21	1	1	1	1
LAMA3	FAM57A	1	1	1	1
LAMA3	TBXA2R	1	1	1	1
LAMA3	CETN3	1	1	1	1
LAMA3	SCARB1	1	1	1	1
LAMA3	EGFR	1	1	1	1
LAMA3	NRAS	1	1	1	1
LAMA3	ARHGAP1	1	1	1	1
LAMA3	KAT6A	1	1	1	1
LAMA3	AKAP8L	1	1	1	1
LAMA3	PLCB3	1	1	1	1
LAMA3	ANO10	1	1	1	1
LAMA3	PRCP	1	1	1	1
LAMA3	DHRS7	1	1	1	1
LAMA3	ISOC1	1	1	1	1
LAMA3	GTPBP8	1	1	1	1
LAMA3	CDCA4	1	1	1	1
LAMA3	NUDCD3	1	1	1	1
LAMA3	HEATR1	1	1	1	1
LAMA3	HS2ST1	1	1	1	1
LAMA3	CCDC85B	1	1	1	1
LAMA3	PLP2	1	1	1	1
LAMA3	HERC6	1	1	1	1
LAMA3	MYCBP2	1	1	1	1
LAMA3	PYCR1	1	1	1	1
LAMA3	ATP6V0B	1	1	1	1
LAMA3	BZW2	1	1	1	1
LAMA3	SPEN	1	1	1	1
LAMA3	RRAGA	1	1	1	1
LAMA3	BAD	1	1	1	1
LAMA3	PAFAH1B3	1	1	1	1
LAMA3	SGCB	1	1	1	1
LAMA3	SLC25A46	1	1	1	1
LAMA3	ZW10	1	1	1	1
LAMA3	RPS6	1	1	1	1
LAMA3	PCMT1	1	1	1	1
LAMA3	LIG1	1	1	1	1
LAMA3	KIT	1	1	1	1
LAMA3	CDC20	1	1	1	1
LAMA3	TRIM2	1	1	1	1
LAMA3	MMP1	1	1	1	1
LAMA3	DNAJB6	1	1	1	1
LAMA3	SMC4	1	1	1	1
LAMA3	PCM1	1	1	1	1
LAMA3	MCOLN1	1	1	1	1
LAMA3	DDB2	1	1	1	1
LAMA3	KAT6B	1	1	1	1
LAMA3	POLD4	1	1	1	1
LAMA3	CHERP	1	1	1	1
LAMA3	TBPL1	1	1	1	1
LAMA3	CEBPA	1	1	1	1
LAMA3	KTN1	1	1	1	1
LAMA3	MBNL2	1	1	1	1
LAMA3	FHL2	1	1	1	1
LAMA3	FAT1	1	1	1	1
LAMA3	KIF20A	1	1	1	1
LAMA3	PECR	1	1	1	1
LAMA3	LRRC41	1	1	1	1
LAMA3	IKBKB	1	1	1	1
LAMA3	TP53BP2	1	1	1	1
LAMA3	POLR2I	1	1	1	1
LAMA3	CAB39	1	1	1	1
LAMA3	EZH2	1	1	1	1
LAMA3	HSPA1A	1	1	1	1
LAMA3	FOXJ3	1	1	1	1
LAMA3	IARS2	1	1	1	1
LAMA3	PIP4K2B	1	1	1	1
LAMA3	ATP1B1	1	1	1	1
LAMA3	RAB11FIP2	1	1	1	1
LAMA3	ERBB2	1	1	1	1
LAMA3	CHAC1	1	1	1	1
LAMA3	PLOD3	1	1	1	1
LAMA3	MIF	1	1	1	1
LAMA3	GNA11	1	1	1	1
LAMA3	SRC	1	1	1	1
LAMA3	STMN1	1	1	1	1
LAMA3	GATA3	1	1	1	1
LAMA3	NMT1	1	1	1	1
LAMA3	SCRN1	1	1	1	1
LAMA3	PARP1	1	1	1	1
LAMA3	PPIE	1	1	1	1
LAMA3	SKP1	1	1	1	1
LAMA3	CSRP1	1	1	1	1
LAMA3	PLS1	1	1	1	1
LAMA3	EBNA1BP2	1	1	1	1
LAMA3	THAP11	1	1	1	1
LAMA3	TLE1	1	1	1	1
LAMA3	ICAM3	1	1	1	1
LAMA3	SOX4	1	1	1	1
LAMA3	TMEM109	1	1	1	1
LAMA3	PSMD10	1	1	1	1
LAMA3	RELB	1	1	1	1
LAMA3	IGHMBP2	1	1	1	1
LAMA3	UBE3B	1	1	1	1
LAMA3	PRUNE	1	1	1	1
LAMA3	B3GNT1	1	1	1	1
LAMA3	PTPN12	1	1	1	1
LAMA3	PEX11A	1	1	1	1
LAMA3	CFLAR	1	1	1	1
LAMA3	PDLIM1	1	1	1	1
LAMA3	ETV1	1	1	1	1
LAMA3	ACAA1	1	1	1	1
LAMA3	ME2	1	1	1	1
LAMA3	RPIA	1	1	1	1
LAMA3	UFM1	1	1	1	1
LAMA3	RAB27A	1	1	1	1
LAMA3	CASP7	1	1	1	1
LAMA3	BAMBI	1	1	1	1
LAMA3	CSK	1	1	1	1
LAMA3	PCBD1	1	1	1	1
LAMA3	TSKU	1	1	1	1
LAMA3	CHEK2	1	1	1	1
LAMA3	NR2F6	1	1	1	1
LAMA3	SYPL1	1	1	1	1
LAMA3	DDIT4	1	1	1	1
LAMA3	CDC45	1	1	1	1
LAMA3	APPBP2	1	1	1	1
LAMA3	TM9SF3	1	1	1	1
LAMA3	NT5DC2	1	1	1	1
LAMA3	MAP4K4	1	1	1	1
LAMA3	RGS2	1	1	1	1
LAMA3	MAPKAPK5	1	1	1	1
LAMA3	CREB1	1	1	1	1
LAMA3	PRKACA	1	1	1	1
LAMA3	CCNF	1	1	1	1
LAMA3	CIAPIN1	1	1	1	1
LAMA3	RAB21	1	1	1	1
LAMA3	MYO10	1	1	1	1
LAMA3	MAT2A	1	1	1	1
LAMA3	STAT1	1	1	1	1
LAMA3	RPP38	1	1	1	1
LAMA3	DCK	1	1	1	1
LAMA3	PSRC1	1	1	1	1
LAMA3	NIT1	1	1	1	1
LAMA3	EIF5	1	1	1	1
LAMA3	GTF2A2	1	1	1	1
LAMA3	USP22	1	1	1	1
LAMA3	DAXX	1	1	1	1
LAMA3	TBC1D9B	1	1	1	1
LAMA3	SLC35B1	1	1	1	1
LAMA3	SPTAN1	1	1	1	1
LAMA3	SMARCD2	1	1	1	1
LAMA3	RPA2	1	1	1	1
LAMA3	MNAT1	1	1	1	1
LAMA3	FDFT1	1	1	1	1
LAMA3	LSM5	1	1	1	1
LAMA3	IGF2BP2	1	1	1	1
LAMA3	PPP2R3C	1	1	1	1
LAMA3	NUP88	1	1	1	1
LAMA3	ARPP19	1	1	1	1
LAMA3	FOSL1	1	1	1	1
LAMA3	SHC1	1	1	1	1
LAMA3	CHIC2	1	1	1	1
LAMA3	PHKG2	1	1	1	1
LAMA3	SLC25A14	1	1	1	1
LAMA3	SHB	1	1	1	1
LAMA3	ELAC2	1	1	1	1
LAMA3	CBLB	1	1	1	1
LAMA3	CPSF4	1	1	1	1
LAMA3	ATMIN	1	1	1	1
LAMA3	UTP14A	1	1	1	1
LAMA3	LGALS8	1	1	1	1
LAMA3	TRAM2	1	1	1	1
LAMA3	GPATCH8	1	1	1	1
LAMA3	ANKRD10	1	1	1	1
LAMA3	SCP2	1	1	1	1
LAMA3	CSNK2A2	1	1	1	1
LAMA3	BRCA1	1	1	1	1
LAMA3	FSD1	1	1	1	1
LAMA3	GRB10	1	1	1	1
LAMA3	ASAH1	1	1	1	1
LAMA3	HSPA4	1	1	1	1
LAMA3	TM9SF2	1	1	1	1
LAMA3	TBP	1	1	1	1
LAMA3	ZNF395	1	1	1	1
LAMA3	LYRM1	1	1	1	1
LAMA3	KCTD5	1	1	1	1
LAMA3	HK1	1	1	1	1
LAMA3	INSIG1	1	1	1	1
LAMA3	KDM3A	1	1	1	1
LAMA3	LSM6	1	1	1	1
LAMA3	LYN	1	1	1	1
LAMA3	TNIP1	1	1	1	1
LAMA3	ALDOC	1	1	1	1
LAMA3	NUP93	1	1	1	1
LAMA3	CDK6	1	1	1	1
LAMA3	PTGS2	1	1	1	1
LAMA3	ZNF586	1	1	1	1
LAMA3	GMNN	1	1	1	1
LAMA3	DPH2	1	1	1	1
LAMA3	RALB	1	1	1	1
LAMA3	HIF1A	1	1	1	1
LAMA3	BNIP3L	1	1	1	1
LAMA3	MALT1	1	1	1	1
LAMA3	SPDEF	1	1	1	1
LAMA3	FOXO4	1	1	1	1
LAMA3	LAGE3	1	1	1	1
LAMA3	WFS1	1	1	1	1
LAMA3	PLA2G4A	1	1	1	1
LAMA3	SUZ12	1	1	1	1
LAMA3	NOSIP	1	1	1	1
LAMA3	ARID4B	1	1	1	1
LAMA3	DDX42	1	1	1	1
LAMA3	NUCB2	1	1	1	1
LAMA3	ARNT2	1	1	1	1
LAMA3	CD58	1	1	1	1
LAMA3	RPS6KA1	1	1	1	1
LAMA3	GNAI1	1	1	1	1
LAMA3	ST3GAL5	1	1	1	1
LAMA3	TIMELESS	1	1	1	1
LAMA3	RFC5	1	1	1	1
LAMA3	CCDC92	1	1	1	1
LAMA3	RRS1	1	1	1	1
LAMA3	WDR7	1	1	1	1
LAMA3	SESN1	1	1	1	1
LAMA3	TIMM17B	1	1	1	1
LAMA3	CCND3	1	1	1	1
LAMA3	BHLHE40	1	1	1	1
LAMA3	FGFR2	1	1	1	1
LAMA3	EDN1	1	1	1	1
LAMA3	IKZF1	1	1	1	1
LAMA3	ABCF3	1	1	1	1
LAMA3	REEP5	1	1	1	1
LAMA3	IL13RA1	1	1	1	1
LAMA3	NCOA3	1	1	1	1
LAMA3	PIH1D1	1	1	1	1
INTS3	TATDN2	1	1	1	1
INTS3	TCTA	1	1	1	1
TOMM70A	KIAA0100	1	1	1	1
TRAK2	TRIM13	1	1	1	1
TRAK2	NUP88	1	1	1	1
CTSD	CDK7	1	1	1	1
CTSD	CPNE3	1	1	1	1
KIAA0753	GADD45B	1	1	1	1
KIAA0753	TNIP1	1	1	1	1
SLC2A6	KIF5C	1	1	1	1
SLC2A6	RPN1	1	1	1	1
SLC2A6	MAPK1IP1L	1	1	1	1
NFKBIB	TWF2	1	1	1	1
PIN1	GLOD4	1	1	1	1
POLB	FAS	1	1	1	1
CASP10	SACM1L	1	1	1	1
YME1L1	KTN1	1	1	1	1
DUSP11	STUB1	1	1	1	1
MEST	RFX5	1	1	1	1
MEST	TMEM50A	1	1	1	1
MEST	PRKX	1	1	1	1
MEST	KIAA0907	1	1	1	1
MEST	PLEKHM1	1	1	1	1
MEST	P4HTM	1	1	1	1
MEST	TBXA2R	1	1	1	1
MEST	LGMN	1	1	1	1
MEST	FAS	1	1	1	1
MEST	VAV3	1	1	1	1
MEST	SYNE2	1	1	1	1
MEST	AKR7A2	1	1	1	1
MEST	CLTB	1	1	1	1
SLC35F2	AKAP8L	1	1	1	1
SLC35F2	IARS2	1	1	1	1
DNAJA3	WDTC1	1	1	1	1
DNAJA3	PNKP	1	1	1	1
DNAJA3	NFKBIB	1	1	1	1
DNAJA3	PIN1	1	1	1	1
DNAJA3	RPL39L	1	1	1	1
DNAJA3	FOXO3	1	1	1	1
DNAJA3	LIPA	1	1	1	1
PAK4	LRPAP1	1	1	1	1
PACSIN3	COG2	1	1	1	1
GABPB1	CRTAP	1	1	1	1
TMCO1	CISD1	1	1	1	1
PTK2	GMNN	1	1	1	1
MFSD10	GALE	1	1	1	1
ORC1	AARS	1	1	1	1
ORC1	ABCC5	1	1	1	1
ORC1	MAMLD1	1	1	1	1
ORC1	MOK	1	1	1	1
ORC1	ADO	1	1	1	1
ORC1	TRAPPC6A	1	1	1	1
ORC1	PCK2	1	1	1	1
ORC1	PHKB	1	1	1	1
ORC1	ARHGEF2	1	1	1	1
ORC1	EIF4EBP1	1	1	1	1
ORC1	COG7	1	1	1	1
ORC1	RBKS	1	1	1	1
ORC1	SMARCA4	1	1	1	1
ORC1	ADRB2	1	1	1	1
ORC1	PSMG1	1	1	1	1
ORC1	LSR	1	1	1	1
ORC1	NISCH	1	1	1	1
ORC1	TCTN1	1	1	1	1
ORC1	NFKB2	1	1	1	1
ORC1	PWP1	1	1	1	1
ORC1	HSPB1	1	1	1	1
ORC1	ZNF274	1	1	1	1
ORC1	FUT1	1	1	1	1
ORC1	CBR3	1	1	1	1
ORC1	FZD7	1	1	1	1
ORC1	PLA2G15	1	1	1	1
ORC1	RSU1	1	1	1	1
ORC1	ABHD4	1	1	1	1
ORC1	SKIV2L	1	1	1	1
ORC1	ABL1	1	1	1	1
ORC1	PRKCQ	1	1	1	1
ORC1	SH3BP5	1	1	1	1
ORC1	TIMM22	1	1	1	1
ORC1	ITGB5	1	1	1	1
ORC1	ATP2C1	1	1	1	1
ORC1	DNTTIP2	1	1	1	1
ORC1	ELOVL6	1	1	1	1
ORC1	NVL	1	1	1	1
ORC1	SFN	1	1	1	1
ORC1	ZNF131	1	1	1	1
ORC1	CGRRF1	1	1	1	1
ORC1	ASCC3	1	1	1	1
ORC1	PSMB8	1	1	1	1
ORC1	G3BP1	1	1	1	1
ORC1	IDE	1	1	1	1
ORC1	GDPD5	1	1	1	1
ORC1	H2AFV	1	1	1	1
ORC1	RAB4A	1	1	1	1
ORC1	MCM3	1	1	1	1
ORC1	SLC1A4	1	1	1	1
ORC1	SLC27A3	1	1	1	1
ORC1	RNPS1	1	1	1	1
ORC1	ST6GALNAC2	1	1	1	1
ORC1	IGF2R	1	1	1	1
ORC1	RFX5	1	1	1	1
ORC1	TEX10	1	1	1	1
ORC1	IL1B	1	1	1	1
ORC1	RPS5	1	1	1	1
ORC1	AKT1	1	1	1	1
ORC1	NOL3	1	1	1	1
ORC1	PAFAH1B1	1	1	1	1
ORC1	STAT3	1	1	1	1
ORC1	ZNF318	1	1	1	1
ORC1	AURKB	1	1	1	1
ORC1	TMEM50A	1	1	1	1
ORC1	P4HA2	1	1	1	1
ORC1	CDC25A	1	1	1	1
ORC1	SPTLC2	1	1	1	1
ORC1	PSME1	1	1	1	1
ORC1	IER3	1	1	1	1
ORC1	CCNB2	1	1	1	1
ORC1	IQGAP1	1	1	1	1
ORC1	PSMD2	1	1	1	1
ORC1	TGFBR2	1	1	1	1
ORC1	ITGB1BP1	1	1	1	1
ORC1	WDTC1	1	1	1	1
ORC1	PTPRK	1	1	1	1
ORC1	PMM2	1	1	1	1
ORC1	HEBP1	1	1	1	1
ORC1	SOX2	1	1	1	1
ORC1	BCL2	1	1	1	1
ORC1	PRKAG2	1	1	1	1
ORC1	USP1	1	1	1	1
ORC1	TATDN2	1	1	1	1
ORC1	GRN	1	1	1	1
ORC1	ZMYM2	1	1	1	1
ORC1	MYC	1	1	1	1
ORC1	CHMP6	1	1	1	1
ORC1	SPAG4	1	1	1	1
ORC1	FAM69A	1	1	1	1
ORC1	FRS2	1	1	1	1
ORC1	BUB1B	1	1	1	1
ORC1	KEAP1	1	1	1	1
ORC1	CNOT4	1	1	1	1
ORC1	PRKX	1	1	1	1
ORC1	GTF2E2	1	1	1	1
ORC1	SMNDC1	1	1	1	1
ORC1	AURKA	1	1	1	1
ORC1	ITGAE	1	1	1	1
ORC1	CD320	1	1	1	1
ORC1	CDK4	1	1	1	1
ORC1	ARHGEF12	1	1	1	1
ORC1	MMP2	1	1	1	1
ORC1	RPA1	1	1	1	1
ORC1	GADD45B	1	1	1	1
ORC1	BIRC5	1	1	1	1
ORC1	RPA3	1	1	1	1
ORC1	SSBP2	1	1	1	1
ORC1	SENP6	1	1	1	1
ORC1	SCCPDH	1	1	1	1
ORC1	FAIM	1	1	1	1
ORC1	DSG2	1	1	1	1
ORC1	DUSP22	1	1	1	1
ORC1	SLC25A4	1	1	1	1
ORC1	GOLT1B	1	1	1	1
ORC1	SNX11	1	1	1	1
ORC1	STUB1	1	1	1	1
ORC1	NRIP1	1	1	1	1
ORC1	NENF	1	1	1	1
ORC1	FYN	1	1	1	1
ORC1	CHEK1	1	1	1	1
ORC1	GFOD1	1	1	1	1
ORC1	POLR2K	1	1	1	1
ORC1	EBP	1	1	1	1
ORC1	CCNA2	1	1	1	1
ORC1	CTTN	1	1	1	1
ORC1	MBTPS1	1	1	1	1
ORC1	CSNK1A1	1	1	1	1
ORC1	KIAA0100	1	1	1	1
ORC1	MTF2	1	1	1	1
ORC1	DFFB	1	1	1	1
ORC1	HPRT1	1	1	1	1
ORC1	TSEN2	1	1	1	1
ORC1	NOS3	1	1	1	1
ORC1	SQSTM1	1	1	1	1
ORC1	BMP4	1	1	1	1
ORC1	PIK3CA	1	1	1	1
ORC1	FBXL12	1	1	1	1
ORC1	SOCS2	1	1	1	1
ORC1	DNM1	1	1	1	1
ORC1	LPAR2	1	1	1	1
ORC1	CAT	1	1	1	1
ORC1	KDM5B	1	1	1	1
ORC1	PAF1	1	1	1	1
ORC1	CEP57	1	1	1	1
ORC1	TSPAN3	1	1	1	1
ORC1	SLC5A6	1	1	1	1
ORC1	FBXO11	1	1	1	1
ORC1	PGAM1	1	1	1	1
ORC1	HDAC2	1	1	1	1
ORC1	PGM1	1	1	1	1
ORC1	CRYZ	1	1	1	1
ORC1	RBM6	1	1	1	1
ORC1	PUF60	1	1	1	1
ORC1	TOMM70A	1	1	1	1
ORC1	PPIC	1	1	1	1
ORC1	HSD17B11	1	1	1	1
ORC1	GFPT1	1	1	1	1
ORC1	CTSD	1	1	1	1
ORC1	KIAA0753	1	1	1	1
ORC1	COPB2	1	1	1	1
ORC1	DUSP14	1	1	1	1
ORC1	SYK	1	1	1	1
ORC1	NSDHL	1	1	1	1
ORC1	MKNK1	1	1	1	1
ORC1	POP4	1	1	1	1
ORC1	CASP2	1	1	1	1
ORC1	RB1	1	1	1	1
ORC1	NFKBIB	1	1	1	1
ORC1	GRB7	1	1	1	1
ORC1	PIN1	1	1	1	1
ORC1	MBOAT7	1	1	1	1
ORC1	POLB	1	1	1	1
ORC1	VPS72	1	1	1	1
ORC1	CASP10	1	1	1	1
ORC1	MVP	1	1	1	1
ORC1	PRKCD	1	1	1	1
ORC1	TPM1	1	1	1	1
ORC1	STK25	1	1	1	1
ORC1	IL4R	1	1	1	1
ORC1	GRWD1	1	1	1	1
ORC1	MELK	1	1	1	1
ORC1	POLG2	1	1	1	1
ORC1	PSIP1	1	1	1	1
ORC1	MYCBP	1	1	1	1
ORC1	MAN2B1	1	1	1	1
ORC1	TERF2IP	1	1	1	1
ORC1	PRPF4	1	1	1	1
ORC1	KIAA1033	1	1	1	1
ORC1	PLEKHM1	1	1	1	1
ORC1	CDK1	1	1	1	1
ORC1	EAPP	1	1	1	1
ORC1	GNPDA1	1	1	1	1
ORC1	TP53BP1	1	1	1	1
ORC1	PAK4	1	1	1	1
ORC1	PACSIN3	1	1	1	1
ORC1	RPL39L	1	1	1	1
ORC1	CRKL	1	1	1	1
ORC1	LYPLA1	1	1	1	1
ORC1	ICMT	1	1	1	1
ORC1	ACOT9	1	1	1	1
ORC1	DYRK3	1	1	1	1
ORC1	AKAP8	1	1	1	1
ORC1	ITFG1	1	1	1	1
ORC1	UBE2J1	1	1	1	1
ORC1	ARL4C	1	1	1	1
ORC1	CAMSAP2	1	1	1	1
ORC1	VAPB	1	1	1	1
ORC1	ACD	1	1	1	1
ORC1	DCTD	1	1	1	1
ORC1	C5	1	1	1	1
ORC1	NUP133	1	1	1	1
ORC1	STXBP1	1	1	1	1
ORC1	LRRC16A	1	1	1	1
ORC1	GPC1	1	1	1	1
ORC1	ZNF589	1	1	1	1
ORC1	HDAC6	1	1	1	1
ORC1	MACF1	1	1	1	1
ORC1	INPP1	1	1	1	1
ORC1	UBR7	1	1	1	1
ORC1	PIK3R4	1	1	1	1
ORC1	STXBP2	1	1	1	1
ORC1	CCP110	1	1	1	1
ORC1	ECH1	1	1	1	1
ORC1	KLHL21	1	1	1	1
ORC1	ADAT1	1	1	1	1
ORC1	FAM57A	1	1	1	1
ORC1	TBXA2R	1	1	1	1
ORC1	APOE	1	1	1	1
ORC1	CETN3	1	1	1	1
ORC1	SCARB1	1	1	1	1
ORC1	OXCT1	1	1	1	1
ORC1	EGFR	1	1	1	1
ORC1	NRAS	1	1	1	1
ORC1	EGF	1	1	1	1
ORC1	ARHGAP1	1	1	1	1
ORC1	SMARCC1	1	1	1	1
ORC1	CORO1A	1	1	1	1
ORC1	WASF3	1	1	1	1
ORC1	MAST2	1	1	1	1
ORC1	PRCP	1	1	1	1
ORC1	GTPBP8	1	1	1	1
ORC1	WRB	1	1	1	1
ORC1	EGR1	1	1	1	1
ORC1	NUDCD3	1	1	1	1
ORC1	ATP5S	1	1	1	1
ORC1	TBX2	1	1	1	1
ORC1	HTRA1	1	1	1	1
ORC1	CCDC85B	1	1	1	1
ORC1	EXT1	1	1	1	1
ORC1	NUDT9	1	1	1	1
ORC1	MYCBP2	1	1	1	1
ORC1	RNMT	1	1	1	1
ORC1	SLC11A2	1	1	1	1
ORC1	PYCR1	1	1	1	1
ORC1	ATP6V0B	1	1	1	1
ORC1	BZW2	1	1	1	1
ORC1	RRAGA	1	1	1	1
ORC1	SMC3	1	1	1	1
ORC1	DDX10	1	1	1	1
ORC1	SGCB	1	1	1	1
ORC1	LRPAP1	1	1	1	1
ORC1	SLC25A46	1	1	1	1
ORC1	USP7	1	1	1	1
ORC1	ZW10	1	1	1	1
ORC1	RPS6	1	1	1	1
ORC1	CAST	1	1	1	1
ORC1	CD97	1	1	1	1
ORC1	IGF1R	1	1	1	1
ORC1	LIG1	1	1	1	1
ORC1	KIT	1	1	1	1
ORC1	CDC20	1	1	1	1
ORC1	HYOU1	1	1	1	1
ORC1	COG4	1	1	1	1
ORC1	PDIA5	1	1	1	1
ORC1	ARID5B	1	1	1	1
ORC1	BAX	1	1	1	1
ORC1	DNAJB6	1	1	1	1
ORC1	SMC4	1	1	1	1
ORC1	MSRA	1	1	1	1
ORC1	KAT6B	1	1	1	1
ORC1	RUVBL1	1	1	1	1
ORC1	TRIB1	1	1	1	1
ORC1	POLD4	1	1	1	1
ORC1	ACBD3	1	1	1	1
ORC1	CHERP	1	1	1	1
ORC1	TBPL1	1	1	1	1
ORC1	STAMBP	1	1	1	1
ORC1	KTN1	1	1	1	1
ORC1	FHL2	1	1	1	1
ORC1	LAP3	1	1	1	1
ORC1	KIF20A	1	1	1	1
ORC1	LRRC41	1	1	1	1
ORC1	IKBKB	1	1	1	1
ORC1	TP53BP2	1	1	1	1
ORC1	EPHB2	1	1	1	1
ORC1	POLR2I	1	1	1	1
ORC1	CAB39	1	1	1	1
ORC1	EDEM1	1	1	1	1
ORC1	HOXA5	1	1	1	1
ORC1	EZH2	1	1	1	1
ORC1	KDM5A	1	1	1	1
ORC1	SDHB	1	1	1	1
ORC1	FOXJ3	1	1	1	1
ORC1	BID	1	1	1	1
ORC1	ALAS1	1	1	1	1
ORC1	PIP4K2B	1	1	1	1
ORC1	TOP2A	1	1	1	1
ORC1	CALM3	1	1	1	1
ORC1	TXNL4B	1	1	1	1
ORC1	HMGCR	1	1	1	1
ORC1	LGMN	1	1	1	1
ORC1	ATG3	1	1	1	1
ORC1	RAB11FIP2	1	1	1	1
ORC1	CHAC1	1	1	1	1
ORC1	AMDHD2	1	1	1	1
ORC1	PLOD3	1	1	1	1
ORC1	STMN1	1	1	1	1
ORC1	NMT1	1	1	1	1
ORC1	EIF4G1	1	1	1	1
ORC1	SYNGR3	1	1	1	1
ORC1	PARP1	1	1	1	1
ORC1	PPIE	1	1	1	1
ORC1	ARFIP2	1	1	1	1
ORC1	EBNA1BP2	1	1	1	1
ORC1	IKBKE	1	1	1	1
ORC1	KIF14	1	1	1	1
ORC1	MAPKAPK2	1	1	1	1
ORC1	SOX4	1	1	1	1
ORC1	ECD	1	1	1	1
ORC1	NR3C1	1	1	1	1
ORC1	TMEM109	1	1	1	1
ORC1	RELB	1	1	1	1
ORC1	IGHMBP2	1	1	1	1
ORC1	PRUNE	1	1	1	1
ORC1	SORBS3	1	1	1	1
ORC1	B3GNT1	1	1	1	1
ORC1	UBE2A	1	1	1	1
ORC1	PTPN12	1	1	1	1
ORC1	ENOPH1	1	1	1	1
ORC1	PEX11A	1	1	1	1
ORC1	RRP1B	1	1	1	1
ORC1	CFLAR	1	1	1	1
ORC1	ETV1	1	1	1	1
ORC1	GNAS	1	1	1	1
ORC1	BCL7B	1	1	1	1
ORC1	ACAA1	1	1	1	1
ORC1	AXIN1	1	1	1	1
ORC1	RPIA	1	1	1	1
ORC1	EPHA3	1	1	1	1
ORC1	CASP7	1	1	1	1
ORC1	CTNNAL1	1	1	1	1
ORC1	BAMBI	1	1	1	1
ORC1	CSK	1	1	1	1
ORC1	PCBD1	1	1	1	1
ORC1	SPAG7	1	1	1	1
ORC1	CHEK2	1	1	1	1
ORC1	WIPF2	1	1	1	1
ORC1	NR2F6	1	1	1	1
ORC1	SYPL1	1	1	1	1
ORC1	NR1H2	1	1	1	1
ORC1	APPBP2	1	1	1	1
ORC1	XPO7	1	1	1	1
ORC1	NUP85	1	1	1	1
ORC1	MAP4K4	1	1	1	1
ORC1	RGS2	1	1	1	1
ORC1	FKBP4	1	1	1	1
ORC1	VAV3	1	1	1	1
ORC1	MAPKAPK5	1	1	1	1
ORC1	BNIP3	1	1	1	1
ORC1	CREB1	1	1	1	1
ORC1	PRKACA	1	1	1	1
ORC1	KIF2C	1	1	1	1
ORC1	RNF167	1	1	1	1
ORC1	CCNF	1	1	1	1
ORC1	RNH1	1	1	1	1
ORC1	MYO10	1	1	1	1
ORC1	STAT1	1	1	1	1
ORC1	LBR	1	1	1	1
ORC1	DCK	1	1	1	1
ORC1	PSRC1	1	1	1	1
ORC1	BACE2	1	1	1	1
ORC1	EIF5	1	1	1	1
ORC1	GTF2A2	1	1	1	1
ORC1	USP22	1	1	1	1
ORC1	ST7	1	1	1	1
ORC1	COG2	1	1	1	1
ORC1	PCNA	1	1	1	1
ORC1	FASTKD5	1	1	1	1
ORC1	DAXX	1	1	1	1
ORC1	SLC35B1	1	1	1	1
ORC1	PAK1	1	1	1	1
ORC1	SPTAN1	1	1	1	1
ORC1	RPA2	1	1	1	1
ORC1	FDFT1	1	1	1	1
ORC1	IGF2BP2	1	1	1	1
ORC1	PPP2R3C	1	1	1	1
ORC1	MLLT11	1	1	1	1
ORC1	NUP88	1	1	1	1
ORC1	HERPUD1	1	1	1	1
ORC1	SHC1	1	1	1	1
ORC1	GLOD4	1	1	1	1
ORC1	CHIC2	1	1	1	1
ORC1	TXLNA	1	1	1	1
ORC1	PHKG2	1	1	1	1
ORC1	CCNB1	1	1	1	1
ORC1	STAP2	1	1	1	1
ORC1	SHB	1	1	1	1
ORC1	LIPA	1	1	1	1
ORC1	CBLB	1	1	1	1
ORC1	CPSF4	1	1	1	1
ORC1	OXA1L	1	1	1	1
ORC1	CDC25B	1	1	1	1
ORC1	LOXL1	1	1	1	1
ORC1	LGALS8	1	1	1	1
ORC1	RAD9A	1	1	1	1
ORC1	CXCR4	1	1	1	1
ORC1	TRAM2	1	1	1	1
ORC1	ANKRD10	1	1	1	1
ORC1	SYNE2	1	1	1	1
ORC1	SCP2	1	1	1	1
ORC1	CALU	1	1	1	1
ORC1	TOMM34	1	1	1	1
ORC1	BRCA1	1	1	1	1
ORC1	PARP2	1	1	1	1
ORC1	HES1	1	1	1	1
ORC1	FSD1	1	1	1	1
ORC1	GRB10	1	1	1	1
ORC1	ASAH1	1	1	1	1
ORC1	HSPA4	1	1	1	1
ORC1	TM9SF2	1	1	1	1
ORC1	TBP	1	1	1	1
ORC1	ZNF395	1	1	1	1
ORC1	LYRM1	1	1	1	1
ORC1	FEZ2	1	1	1	1
ORC1	EVL	1	1	1	1
ORC1	HK1	1	1	1	1
ORC1	KDM3A	1	1	1	1
ORC1	CANT1	1	1	1	1
ORC1	LSM6	1	1	1	1
ORC1	LYN	1	1	1	1
ORC1	ID2	1	1	1	1
ORC1	AKR7A2	1	1	1	1
ORC1	ALDOC	1	1	1	1
ORC1	OXSR1	1	1	1	1
ORC1	NOTCH1	1	1	1	1
ORC1	CDK6	1	1	1	1
ORC1	JUN	1	1	1	1
ORC1	HMG20B	1	1	1	1
ORC1	PTGS2	1	1	1	1
ORC1	ZNF586	1	1	1	1
ORC1	CD44	1	1	1	1
ORC1	GMNN	1	1	1	1
ORC1	KDELR2	1	1	1	1
ORC1	FKBP14	1	1	1	1
ORC1	RALB	1	1	1	1
ORC1	HIF1A	1	1	1	1
ORC1	MALT1	1	1	1	1
ORC1	SPDEF	1	1	1	1
ORC1	FOXO4	1	1	1	1
ORC1	UBE3C	1	1	1	1
ORC1	PPP2R5A	1	1	1	1
ORC1	GSTZ1	1	1	1	1
ORC1	MAPK1IP1L	1	1	1	1
ORC1	MPZL1	1	1	1	1
ORC1	LAGE3	1	1	1	1
ORC1	CDC42	1	1	1	1
ORC1	NARFL	1	1	1	1
ORC1	PLA2G4A	1	1	1	1
ORC1	NOSIP	1	1	1	1
ORC1	ARID4B	1	1	1	1
ORC1	NUCB2	1	1	1	1
ORC1	ARNT2	1	1	1	1
ORC1	CASP3	1	1	1	1
ORC1	ILK	1	1	1	1
ORC1	PRAF2	1	1	1	1
ORC1	TXNRD1	1	1	1	1
ORC1	CD58	1	1	1	1
ORC1	RPS6KA1	1	1	1	1
ORC1	GNAI1	1	1	1	1
ORC1	CNDP2	1	1	1	1
ORC1	MSH6	1	1	1	1
ORC1	RFC5	1	1	1	1
ORC1	CCDC92	1	1	1	1
ORC1	RRS1	1	1	1	1
ORC1	MTFR1	1	1	1	1
ORC1	SESN1	1	1	1	1
ORC1	TMEM2	1	1	1	1
ORC1	CD40	1	1	1	1
ORC1	CCND3	1	1	1	1
ORC1	ADCK3	1	1	1	1
ORC1	STX4	1	1	1	1
ORC1	BHLHE40	1	1	1	1
ORC1	FGFR2	1	1	1	1
ORC1	DAG1	1	1	1	1
ORC1	EDN1	1	1	1	1
ORC1	IKZF1	1	1	1	1
ORC1	XPNPEP1	1	1	1	1
ORC1	ACLY	1	1	1	1
ORC1	ZMIZ1	1	1	1	1
ORC1	ABCF3	1	1	1	1
ORC1	REEP5	1	1	1	1
ORC1	NCOA3	1	1	1	1
ORC1	PIH1D1	1	1	1	1
FOXO3	TEX10	1	1	1	1
FOXO3	TBPL1	1	1	1	1
FOXO3	FHL2	1	1	1	1
FOXO3	PTPN12	1	1	1	1
INPP1	IFRD2	1	1	1	1
INPP1	ITFG1	1	1	1	1
INPP1	WFS1	1	1	1	1
STXBP2	PCK2	1	1	1	1
KLHL21	TMCO1	1	1	1	1
KLHL21	BAD	1	1	1	1
ADAT1	PPIE	1	1	1	1
FAM57A	NENF	1	1	1	1
OXCT1	EIF4EBP1	1	1	1	1
OXCT1	EGFR	1	1	1	1
SMARCC1	EPN2	1	1	1	1
SMARCC1	GNA15	1	1	1	1
SMARCC1	MAMLD1	1	1	1	1
SMARCC1	DUSP3	1	1	1	1
SMARCC1	MYLK	1	1	1	1
SMARCC1	TCTN1	1	1	1	1
SMARCC1	COPS7A	1	1	1	1
SMARCC1	EPB41L2	1	1	1	1
SMARCC1	ITGB5	1	1	1	1
SMARCC1	DNTTIP2	1	1	1	1
SMARCC1	RAB4A	1	1	1	1
SMARCC1	PRR7	1	1	1	1
SMARCC1	GNB5	1	1	1	1
SMARCC1	IGF2R	1	1	1	1
SMARCC1	PAFAH1B1	1	1	1	1
SMARCC1	ZNF318	1	1	1	1
SMARCC1	P4HA2	1	1	1	1
SMARCC1	SPTLC2	1	1	1	1
SMARCC1	IER3	1	1	1	1
SMARCC1	ITGB1BP1	1	1	1	1
SMARCC1	TIAM1	1	1	1	1
SMARCC1	PNKP	1	1	1	1
SMARCC1	TSC22D3	1	1	1	1
SMARCC1	ETS1	1	1	1	1
SMARCC1	TESK1	1	1	1	1
SMARCC1	DNAJB2	1	1	1	1
SMARCC1	PRKX	1	1	1	1
SMARCC1	TFDP1	1	1	1	1
SMARCC1	NUP62	1	1	1	1
SMARCC1	ETFB	1	1	1	1
SMARCC1	CERK	1	1	1	1
SMARCC1	BIRC5	1	1	1	1
SMARCC1	SSBP2	1	1	1	1
SMARCC1	CDK2	1	1	1	1
SMARCC1	DUSP22	1	1	1	1
SMARCC1	GOLT1B	1	1	1	1
SMARCC1	POLR1C	1	1	1	1
SMARCC1	STUB1	1	1	1	1
SMARCC1	TRIM13	1	1	1	1
SMARCC1	ZNF451	1	1	1	1
SMARCC1	POLR2K	1	1	1	1
SMARCC1	PIK3C2B	1	1	1	1
SMARCC1	MBTPS1	1	1	1	1
SMARCC1	CSNK1A1	1	1	1	1
SMARCC1	PHGDH	1	1	1	1
SMARCC1	PIGB	1	1	1	1
SMARCC1	KIAA0907	1	1	1	1
SMARCC1	DFFB	1	1	1	1
SMARCC1	SACM1L	1	1	1	1
SMARCC1	RRP12	1	1	1	1
SMARCC1	DRAP1	1	1	1	1
SMARCC1	CPNE3	1	1	1	1
SMARCC1	UBQLN2	1	1	1	1
SMARCC1	DNM1	1	1	1	1
SMARCC1	LPAR2	1	1	1	1
SMARCC1	HDAC2	1	1	1	1
SMARCC1	CBR1	1	1	1	1
SMARCC1	ATP6V1D	1	1	1	1
SMARCC1	GFPT1	1	1	1	1
SMARCC1	TRAK2	1	1	1	1
SMARCC1	KIAA0753	1	1	1	1
SMARCC1	YME1L1	1	1	1	1
SMARCC1	DUSP11	1	1	1	1
SMARCC1	TPM1	1	1	1	1
SMARCC1	SLC35F2	1	1	1	1
SMARCC1	DNAJA3	1	1	1	1
SMARCC1	GNAI2	1	1	1	1
SMARCC1	CDK1	1	1	1	1
SMARCC1	EAPP	1	1	1	1
SMARCC1	PPP1R13B	1	1	1	1
SMARCC1	ITFG1	1	1	1	1
SMARCC1	TMCO1	1	1	1	1
SMARCC1	LRRC16A	1	1	1	1
SMARCC1	BDH1	1	1	1	1
SMARCC1	HDAC6	1	1	1	1
SMARCC1	MACF1	1	1	1	1
SMARCC1	CCND1	1	1	1	1
SMARCC1	PIK3R4	1	1	1	1
SMARCC1	KLHL21	1	1	1	1
SMARCC1	P4HTM	1	1	1	1
SMARCC1	FZD1	1	1	1	1
SMARCC1	SCAND1	1	1	1	1
SMARCC1	DHRS7	1	1	1	1
SMARCC1	WRB	1	1	1	1
SMARCC1	EGR1	1	1	1	1
SMARCC1	GAPDH	1	1	1	1
SMARCC1	MYCBP2	1	1	1	1
SMARCC1	BZW2	1	1	1	1
SMARCC1	RRAGA	1	1	1	1
SMARCC1	CDK19	1	1	1	1
SMARCC1	SGCB	1	1	1	1
SMARCC1	SLC25A46	1	1	1	1
SMARCC1	IGF1R	1	1	1	1
SMARCC1	HMGCS1	1	1	1	1
SMARCC1	MAPK13	1	1	1	1
SMARCC1	FAM63A	1	1	1	1
SMARCC1	GLRX	1	1	1	1
SMARCC1	DNAJB6	1	1	1	1
SMARCC1	IKBKAP	1	1	1	1
SMARCC1	PKIG	1	1	1	1
SMARCC1	UBE2C	1	1	1	1
SMARCC1	ACAT2	1	1	1	1
SMARCC1	KDM5A	1	1	1	1
SMARCC1	HSPA1A	1	1	1	1
SMARCC1	RFNG	1	1	1	1
SMARCC1	SATB1	1	1	1	1
SMARCC1	HMGCR	1	1	1	1
SMARCC1	RAB11FIP2	1	1	1	1
SMARCC1	ERBB2	1	1	1	1
SMARCC1	CHAC1	1	1	1	1
SMARCC1	MIF	1	1	1	1
SMARCC1	GNA11	1	1	1	1
SMARCC1	NMT1	1	1	1	1
SMARCC1	SYNGR3	1	1	1	1
SMARCC1	CIRBP	1	1	1	1
SMARCC1	FAS	1	1	1	1
SMARCC1	PHKA1	1	1	1	1
SMARCC1	PLS1	1	1	1	1
SMARCC1	IKBKE	1	1	1	1
SMARCC1	ECD	1	1	1	1
SMARCC1	PSMD10	1	1	1	1
SMARCC1	DERA	1	1	1	1
SMARCC1	B3GNT1	1	1	1	1
SMARCC1	PTPN12	1	1	1	1
SMARCC1	NUSAP1	1	1	1	1
SMARCC1	PDLIM1	1	1	1	1
SMARCC1	ME2	1	1	1	1
SMARCC1	AXIN1	1	1	1	1
SMARCC1	PMAIP1	1	1	1	1
SMARCC1	CHEK2	1	1	1	1
SMARCC1	NUP85	1	1	1	1
SMARCC1	CRK	1	1	1	1
SMARCC1	BNIP3	1	1	1	1
SMARCC1	PRKACA	1	1	1	1
SMARCC1	CIAPIN1	1	1	1	1
SMARCC1	RNH1	1	1	1	1
SMARCC1	RAB21	1	1	1	1
SMARCC1	RRP8	1	1	1	1
SMARCC1	MNAT1	1	1	1	1
SMARCC1	FDFT1	1	1	1	1
SMARCC1	NFKBIA	1	1	1	1
SMARCC1	ANXA7	1	1	1	1
SMARCC1	PSME2	1	1	1	1
SMARCC1	ARPP19	1	1	1	1
SMARCC1	TXLNA	1	1	1	1
SMARCC1	PHKG2	1	1	1	1
SMARCC1	RFC2	1	1	1	1
SMARCC1	LOXL1	1	1	1	1
SMARCC1	TNFRSF21	1	1	1	1
SMARCC1	RAD9A	1	1	1	1
SMARCC1	GPATCH8	1	1	1	1
SMARCC1	KCNK1	1	1	1	1
SMARCC1	SLC35A3	1	1	1	1
SMARCC1	PAX8	1	1	1	1
SMARCC1	PARP2	1	1	1	1
SMARCC1	HSPA4	1	1	1	1
SMARCC1	TM9SF2	1	1	1	1
SMARCC1	TRIB3	1	1	1	1
SMARCC1	KCTD5	1	1	1	1
SMARCC1	HMGA2	1	1	1	1
SMARCC1	TMEM97	1	1	1	1
SMARCC1	LYN	1	1	1	1
SMARCC1	ID2	1	1	1	1
SMARCC1	SUPV3L1	1	1	1	1
SMARCC1	YTHDF1	1	1	1	1
SMARCC1	UBE3C	1	1	1	1
SMARCC1	NARFL	1	1	1	1
SMARCC1	CNDP2	1	1	1	1
SMARCC1	WDR7	1	1	1	1
SMARCC1	TIMM17B	1	1	1	1
SMARCC1	ADCK3	1	1	1	1
SMARCC1	HOXA10	1	1	1	1
SMARCC1	BLCAP	1	1	1	1
ANO10	CCND3	1	1	1	1
RAD51C	EPRS	1	1	1	1
RAD51C	ENOSF1	1	1	1	1
FBXO7	MTFR1	1	1	1	1
EGR1	GABPB1	1	1	1	1
CDCA4	PCM1	1	1	1	1
HEATR1	HDAC2	1	1	1	1
HEATR1	FKBP4	1	1	1	1
PLP2	SCCPDH	1	1	1	1
SLC11A2	PHKB	1	1	1	1
SLC11A2	SMARCA4	1	1	1	1
SLC11A2	HSPB1	1	1	1	1
SLC11A2	ABL1	1	1	1	1
SLC11A2	DNTTIP2	1	1	1	1
SLC11A2	IDE	1	1	1	1
SLC11A2	WDTC1	1	1	1	1
SLC11A2	TATDN2	1	1	1	1
SLC11A2	RAP1GAP	1	1	1	1
SLC11A2	SMNDC1	1	1	1	1
SLC11A2	RPA3	1	1	1	1
SLC11A2	PDHX	1	1	1	1
SLC11A2	FBXL12	1	1	1	1
SLC11A2	KDM5B	1	1	1	1
SLC11A2	MELK	1	1	1	1
SLC11A2	DNAJA3	1	1	1	1
SLC11A2	KIAA1033	1	1	1	1
SLC11A2	YKT6	1	1	1	1
SLC11A2	CLIC4	1	1	1	1
SLC11A2	CCND1	1	1	1	1
SLC11A2	SERPINE1	1	1	1	1
SLC11A2	ERBB3	1	1	1	1
SLC11A2	TSPAN4	1	1	1	1
SLC11A2	USP7	1	1	1	1
SLC11A2	ADH5	1	1	1	1
SLC11A2	ICAM3	1	1	1	1
SLC11A2	NR3C1	1	1	1	1
SLC11A2	RRP1B	1	1	1	1
SLC11A2	CREG1	1	1	1	1
SLC11A2	PMAIP1	1	1	1	1
SLC11A2	NR2F6	1	1	1	1
SLC11A2	NT5DC2	1	1	1	1
SLC11A2	CRK	1	1	1	1
SLC11A2	RPP38	1	1	1	1
SLC11A2	PSRC1	1	1	1	1
SLC11A2	GTF2A2	1	1	1	1
SLC11A2	TBC1D9B	1	1	1	1
SLC11A2	FDFT1	1	1	1	1
SLC11A2	PHKG2	1	1	1	1
SLC11A2	SHB	1	1	1	1
SLC11A2	RAD9A	1	1	1	1
SLC11A2	CXCR4	1	1	1	1
SLC11A2	GPATCH8	1	1	1	1
SLC11A2	APBB2	1	1	1	1
SLC11A2	CANT1	1	1	1	1
SLC11A2	DNAJC15	1	1	1	1
SLC11A2	RHOA	1	1	1	1
SLC11A2	MICALL1	1	1	1	1
SLC11A2	HN1L	1	1	1	1
SLC11A2	ZMIZ1	1	1	1	1
SPEN	CASP3	1	1	1	1
SLC25A46	RRP1B	1	1	1	1
USP7	KIAA0196	1	1	1	1
CAST	TUBB6	1	1	1	1
CAST	GLRX	1	1	1	1
IGF1R	MRPL19	1	1	1	1
IGF1R	RPS6	1	1	1	1
CDC20	FRS2	1	1	1	1
CDC20	CAPN1	1	1	1	1
CDC20	PLOD3	1	1	1	1
ARID5B	GNAI2	1	1	1	1
ARID5B	LYPLA1	1	1	1	1
DNAJB6	SDHB	1	1	1	1
PTPLAD1	PDS5A	1	1	1	1
CHERP	ARFIP2	1	1	1	1
UBE2C	VAPB	1	1	1	1
LAP3	PHKG2	1	1	1	1
RALGDS	EPN2	1	1	1	1
RALGDS	MAMLD1	1	1	1	1
RALGDS	DUSP3	1	1	1	1
RALGDS	ZNF274	1	1	1	1
RALGDS	RSU1	1	1	1	1
RALGDS	EPB41L2	1	1	1	1
RALGDS	MRPS16	1	1	1	1
RALGDS	TIMM22	1	1	1	1
RALGDS	ITGB5	1	1	1	1
RALGDS	INPP4B	1	1	1	1
RALGDS	SQRDL	1	1	1	1
RALGDS	DYNLT3	1	1	1	1
RALGDS	MRPS2	1	1	1	1
RALGDS	TSTA3	1	1	1	1
RALGDS	TIPARP	1	1	1	1
RALGDS	BAG3	1	1	1	1
RALGDS	CDC25A	1	1	1	1
RALGDS	PSME1	1	1	1	1
RALGDS	ITGB1BP1	1	1	1	1
RALGDS	TIAM1	1	1	1	1
RALGDS	PRKAG2	1	1	1	1
RALGDS	TSC22D3	1	1	1	1
RALGDS	GATA2	1	1	1	1
RALGDS	BUB1B	1	1	1	1
RALGDS	PRKX	1	1	1	1
RALGDS	CNPY3	1	1	1	1
RALGDS	NFIL3	1	1	1	1
RALGDS	MAP3K4	1	1	1	1
RALGDS	CERK	1	1	1	1
RALGDS	RPA3	1	1	1	1
RALGDS	SSBP2	1	1	1	1
RALGDS	USP14	1	1	1	1
RALGDS	GOLT1B	1	1	1	1
RALGDS	POLR1C	1	1	1	1
RALGDS	TJP1	1	1	1	1
RALGDS	TRIM13	1	1	1	1
RALGDS	PSMB10	1	1	1	1
RALGDS	CHEK1	1	1	1	1
RALGDS	CSNK1A1	1	1	1	1
RALGDS	KIAA0100	1	1	1	1
RALGDS	KIAA0907	1	1	1	1
RALGDS	HPRT1	1	1	1	1
RALGDS	DRAP1	1	1	1	1
RALGDS	SOCS2	1	1	1	1
RALGDS	PGAM1	1	1	1	1
RALGDS	CBR1	1	1	1	1
RALGDS	CRELD2	1	1	1	1
RALGDS	GFPT1	1	1	1	1
RALGDS	TRAK2	1	1	1	1
RALGDS	RB1	1	1	1	1
RALGDS	CASP10	1	1	1	1
RALGDS	MVP	1	1	1	1
RALGDS	DUSP11	1	1	1	1
RALGDS	GRWD1	1	1	1	1
RALGDS	MELK	1	1	1	1
RALGDS	GNAI2	1	1	1	1
RALGDS	GADD45A	1	1	1	1
RALGDS	PPP1R13B	1	1	1	1
RALGDS	VGLL4	1	1	1	1
RALGDS	PFKL	1	1	1	1
RALGDS	ZNF589	1	1	1	1
RALGDS	FOXO3	1	1	1	1
RALGDS	CCND1	1	1	1	1
RALGDS	CCP110	1	1	1	1
RALGDS	TBXA2R	1	1	1	1
RALGDS	MAP7	1	1	1	1
RALGDS	ARHGAP1	1	1	1	1
RALGDS	ABHD6	1	1	1	1
RALGDS	TSPAN4	1	1	1	1
RALGDS	CDK19	1	1	1	1
RALGDS	FAM63A	1	1	1	1
RALGDS	GLRX	1	1	1	1
RALGDS	SMC4	1	1	1	1
RALGDS	UBE2C	1	1	1	1
RALGDS	STAMBP	1	1	1	1
RALGDS	ACAT2	1	1	1	1
RALGDS	SATB1	1	1	1	1
RALGDS	ADH5	1	1	1	1
RALGDS	NMT1	1	1	1	1
RALGDS	CIRBP	1	1	1	1
RALGDS	PPIE	1	1	1	1
RALGDS	ARFIP2	1	1	1	1
RALGDS	TLE1	1	1	1	1
RALGDS	ICAM3	1	1	1	1
RALGDS	PSMD10	1	1	1	1
RALGDS	DERA	1	1	1	1
RALGDS	PTPN12	1	1	1	1
RALGDS	SLC35A1	1	1	1	1
RALGDS	PDLIM1	1	1	1	1
RALGDS	SMAD3	1	1	1	1
RALGDS	RAB27A	1	1	1	1
RALGDS	PCBD1	1	1	1	1
RALGDS	PMAIP1	1	1	1	1
RALGDS	NR1H2	1	1	1	1
RALGDS	NT5DC2	1	1	1	1
RALGDS	FKBP4	1	1	1	1
RALGDS	MAT2A	1	1	1	1
RALGDS	STAT1	1	1	1	1
RALGDS	RPP38	1	1	1	1
RALGDS	PLK1	1	1	1	1
RALGDS	NIT1	1	1	1	1
RALGDS	EIF5	1	1	1	1
RALGDS	SMARCD2	1	1	1	1
RALGDS	NFKBIA	1	1	1	1
RALGDS	PYGL	1	1	1	1
RALGDS	CHIC2	1	1	1	1
RALGDS	PHKG2	1	1	1	1
RALGDS	STAP2	1	1	1	1
RALGDS	SHB	1	1	1	1
RALGDS	LOXL1	1	1	1	1
RALGDS	TIMM9	1	1	1	1
RALGDS	SYNE2	1	1	1	1
RALGDS	CALU	1	1	1	1
RALGDS	FAM20B	1	1	1	1
RALGDS	FAH	1	1	1	1
RALGDS	SMC1A	1	1	1	1
RALGDS	DNAJB1	1	1	1	1
RALGDS	TRIB3	1	1	1	1
RALGDS	LYN	1	1	1	1
RALGDS	NOTCH1	1	1	1	1
RALGDS	ZDHHC6	1	1	1	1
RALGDS	RHOA	1	1	1	1
RALGDS	CDC42	1	1	1	1
RALGDS	SUZ12	1	1	1	1
RALGDS	BPHL	1	1	1	1
RALGDS	TPD52L2	1	1	1	1
RALGDS	DDX42	1	1	1	1
RALGDS	CASP3	1	1	1	1
RALGDS	HN1L	1	1	1	1
RALGDS	MSH6	1	1	1	1
RALGDS	RFC5	1	1	1	1
RALGDS	CCDC92	1	1	1	1
RALGDS	RRS1	1	1	1	1
RALGDS	TIMM17B	1	1	1	1
RALGDS	CDKN2A	1	1	1	1
RALGDS	EDN1	1	1	1	1
RALGDS	ABCF3	1	1	1	1
RALGDS	PIH1D1	1	1	1	1
RALGDS	BLCAP	1	1	1	1
PAPD7	TMEM5	1	1	1	1
PAPD7	MRPS2	1	1	1	1
PAPD7	TFDP1	1	1	1	1
PAPD7	HSD17B11	1	1	1	1
PAPD7	DUSP14	1	1	1	1
PAPD7	SPEN	1	1	1	1
PAPD7	DERA	1	1	1	1
PAPD7	LBR	1	1	1	1
PAPD7	PHKG2	1	1	1	1
PAPD7	PAX8	1	1	1	1
PAPD7	CANT1	1	1	1	1
SDHB	PRKACA	1	1	1	1
TOP2A	MALT1	1	1	1	1
RAB11FIP2	AMDHD2	1	1	1	1
AMDHD2	AARS	1	1	1	1
AMDHD2	ABCC5	1	1	1	1
AMDHD2	GNA15	1	1	1	1
AMDHD2	MAMLD1	1	1	1	1
AMDHD2	MOK	1	1	1	1
AMDHD2	ADO	1	1	1	1
AMDHD2	TRAPPC6A	1	1	1	1
AMDHD2	PCK2	1	1	1	1
AMDHD2	ARHGEF2	1	1	1	1
AMDHD2	EIF4EBP1	1	1	1	1
AMDHD2	COG7	1	1	1	1
AMDHD2	RBKS	1	1	1	1
AMDHD2	SMARCA4	1	1	1	1
AMDHD2	ADRB2	1	1	1	1
AMDHD2	PSMG1	1	1	1	1
AMDHD2	LSR	1	1	1	1
AMDHD2	NISCH	1	1	1	1
AMDHD2	NCAPD2	1	1	1	1
AMDHD2	TCTN1	1	1	1	1
AMDHD2	NFKB2	1	1	1	1
AMDHD2	PWP1	1	1	1	1
AMDHD2	HSPB1	1	1	1	1
AMDHD2	ZNF274	1	1	1	1
AMDHD2	FUT1	1	1	1	1
AMDHD2	CBR3	1	1	1	1
AMDHD2	FZD7	1	1	1	1
AMDHD2	PLA2G15	1	1	1	1
AMDHD2	RSU1	1	1	1	1
AMDHD2	ABHD4	1	1	1	1
AMDHD2	ABL1	1	1	1	1
AMDHD2	PRKCQ	1	1	1	1
AMDHD2	SH3BP5	1	1	1	1
AMDHD2	TIMM22	1	1	1	1
AMDHD2	ITGB5	1	1	1	1
AMDHD2	ATP2C1	1	1	1	1
AMDHD2	DNTTIP2	1	1	1	1
AMDHD2	ELOVL6	1	1	1	1
AMDHD2	NVL	1	1	1	1
AMDHD2	SFN	1	1	1	1
AMDHD2	ZNF131	1	1	1	1
AMDHD2	ASCC3	1	1	1	1
AMDHD2	PSMB8	1	1	1	1
AMDHD2	G3BP1	1	1	1	1
AMDHD2	IDE	1	1	1	1
AMDHD2	GDPD5	1	1	1	1
AMDHD2	H2AFV	1	1	1	1
AMDHD2	RAB4A	1	1	1	1
AMDHD2	MCM3	1	1	1	1
AMDHD2	SLC1A4	1	1	1	1
AMDHD2	SLC27A3	1	1	1	1
AMDHD2	RNPS1	1	1	1	1
AMDHD2	ST6GALNAC2	1	1	1	1
AMDHD2	IGF2R	1	1	1	1
AMDHD2	RFX5	1	1	1	1
AMDHD2	TEX10	1	1	1	1
AMDHD2	IL1B	1	1	1	1
AMDHD2	RPS5	1	1	1	1
AMDHD2	NOL3	1	1	1	1
AMDHD2	PAFAH1B1	1	1	1	1
AMDHD2	STAT3	1	1	1	1
AMDHD2	ZNF318	1	1	1	1
AMDHD2	AURKB	1	1	1	1
AMDHD2	TMEM50A	1	1	1	1
AMDHD2	P4HA2	1	1	1	1
AMDHD2	CDC25A	1	1	1	1
AMDHD2	SPTLC2	1	1	1	1
AMDHD2	IER3	1	1	1	1
AMDHD2	CCNB2	1	1	1	1
AMDHD2	IQGAP1	1	1	1	1
AMDHD2	TGFBR2	1	1	1	1
AMDHD2	ITGB1BP1	1	1	1	1
AMDHD2	WDTC1	1	1	1	1
AMDHD2	PTPRK	1	1	1	1
AMDHD2	PMM2	1	1	1	1
AMDHD2	HEBP1	1	1	1	1
AMDHD2	SOX2	1	1	1	1
AMDHD2	BCL2	1	1	1	1
AMDHD2	PRKAG2	1	1	1	1
AMDHD2	USP1	1	1	1	1
AMDHD2	GRN	1	1	1	1
AMDHD2	ZMYM2	1	1	1	1
AMDHD2	MYC	1	1	1	1
AMDHD2	CHMP6	1	1	1	1
AMDHD2	SPAG4	1	1	1	1
AMDHD2	FAM69A	1	1	1	1
AMDHD2	FRS2	1	1	1	1
AMDHD2	BUB1B	1	1	1	1
AMDHD2	KEAP1	1	1	1	1
AMDHD2	CNOT4	1	1	1	1
AMDHD2	PRKX	1	1	1	1
AMDHD2	GTF2E2	1	1	1	1
AMDHD2	ABCF1	1	1	1	1
AMDHD2	SMNDC1	1	1	1	1
AMDHD2	AURKA	1	1	1	1
AMDHD2	ITGAE	1	1	1	1
AMDHD2	CD320	1	1	1	1
AMDHD2	CDK4	1	1	1	1
AMDHD2	ARHGEF12	1	1	1	1
AMDHD2	MMP2	1	1	1	1
AMDHD2	SUV39H1	1	1	1	1
AMDHD2	RPA1	1	1	1	1
AMDHD2	GADD45B	1	1	1	1
AMDHD2	BIRC5	1	1	1	1
AMDHD2	RPA3	1	1	1	1
AMDHD2	SSBP2	1	1	1	1
AMDHD2	SENP6	1	1	1	1
AMDHD2	SCCPDH	1	1	1	1
AMDHD2	FAIM	1	1	1	1
AMDHD2	DSG2	1	1	1	1
AMDHD2	DUSP22	1	1	1	1
AMDHD2	SLC25A4	1	1	1	1
AMDHD2	GOLT1B	1	1	1	1
AMDHD2	POLR1C	1	1	1	1
AMDHD2	SNX11	1	1	1	1
AMDHD2	STUB1	1	1	1	1
AMDHD2	NRIP1	1	1	1	1
AMDHD2	NENF	1	1	1	1
AMDHD2	FYN	1	1	1	1
AMDHD2	CHEK1	1	1	1	1
AMDHD2	GFOD1	1	1	1	1
AMDHD2	POLR2K	1	1	1	1
AMDHD2	EBP	1	1	1	1
AMDHD2	CCNA2	1	1	1	1
AMDHD2	CTTN	1	1	1	1
AMDHD2	MBTPS1	1	1	1	1
AMDHD2	CSNK1A1	1	1	1	1
AMDHD2	PXN	1	1	1	1
AMDHD2	KIAA0100	1	1	1	1
AMDHD2	MTF2	1	1	1	1
AMDHD2	DFFB	1	1	1	1
AMDHD2	HPRT1	1	1	1	1
AMDHD2	TSEN2	1	1	1	1
AMDHD2	NOS3	1	1	1	1
AMDHD2	BMP4	1	1	1	1
AMDHD2	PIK3CA	1	1	1	1
AMDHD2	FBXL12	1	1	1	1
AMDHD2	SOCS2	1	1	1	1
AMDHD2	DNM1	1	1	1	1
AMDHD2	LPAR2	1	1	1	1
AMDHD2	CAT	1	1	1	1
AMDHD2	KDM5B	1	1	1	1
AMDHD2	PAF1	1	1	1	1
AMDHD2	CEP57	1	1	1	1
AMDHD2	TSPAN3	1	1	1	1
AMDHD2	SLC5A6	1	1	1	1
AMDHD2	FBXO11	1	1	1	1
AMDHD2	PGAM1	1	1	1	1
AMDHD2	HDAC2	1	1	1	1
AMDHD2	PGM1	1	1	1	1
AMDHD2	CRYZ	1	1	1	1
AMDHD2	RBM6	1	1	1	1
AMDHD2	PUF60	1	1	1	1
AMDHD2	TOMM70A	1	1	1	1
AMDHD2	PPIC	1	1	1	1
AMDHD2	HSD17B11	1	1	1	1
AMDHD2	GFPT1	1	1	1	1
AMDHD2	CTSD	1	1	1	1
AMDHD2	KIAA0753	1	1	1	1
AMDHD2	COPB2	1	1	1	1
AMDHD2	DUSP14	1	1	1	1
AMDHD2	SYK	1	1	1	1
AMDHD2	NSDHL	1	1	1	1
AMDHD2	MKNK1	1	1	1	1
AMDHD2	POP4	1	1	1	1
AMDHD2	CASP2	1	1	1	1
AMDHD2	RB1	1	1	1	1
AMDHD2	NFKBIB	1	1	1	1
AMDHD2	GRB7	1	1	1	1
AMDHD2	MBOAT7	1	1	1	1
AMDHD2	POLB	1	1	1	1
AMDHD2	VPS72	1	1	1	1
AMDHD2	CASP10	1	1	1	1
AMDHD2	MVP	1	1	1	1
AMDHD2	PRKCD	1	1	1	1
AMDHD2	TPM1	1	1	1	1
AMDHD2	STK25	1	1	1	1
AMDHD2	IL4R	1	1	1	1
AMDHD2	GRWD1	1	1	1	1
AMDHD2	MELK	1	1	1	1
AMDHD2	POLG2	1	1	1	1
AMDHD2	MYCBP	1	1	1	1
AMDHD2	MAN2B1	1	1	1	1
AMDHD2	TERF2IP	1	1	1	1
AMDHD2	PRPF4	1	1	1	1
AMDHD2	KIAA1033	1	1	1	1
AMDHD2	PLEKHM1	1	1	1	1
AMDHD2	CDK1	1	1	1	1
AMDHD2	EAPP	1	1	1	1
AMDHD2	GNPDA1	1	1	1	1
AMDHD2	TP53BP1	1	1	1	1
AMDHD2	PAK4	1	1	1	1
AMDHD2	PACSIN3	1	1	1	1
AMDHD2	RPL39L	1	1	1	1
AMDHD2	CRKL	1	1	1	1
AMDHD2	LYPLA1	1	1	1	1
AMDHD2	ICMT	1	1	1	1
AMDHD2	ACOT9	1	1	1	1
AMDHD2	DYRK3	1	1	1	1
AMDHD2	ITFG1	1	1	1	1
AMDHD2	UBE2J1	1	1	1	1
AMDHD2	ARL4C	1	1	1	1
AMDHD2	VAPB	1	1	1	1
AMDHD2	ACD	1	1	1	1
AMDHD2	C5	1	1	1	1
AMDHD2	NUP133	1	1	1	1
AMDHD2	STXBP1	1	1	1	1
AMDHD2	LRRC16A	1	1	1	1
AMDHD2	GPC1	1	1	1	1
AMDHD2	ZNF589	1	1	1	1
AMDHD2	HDAC6	1	1	1	1
AMDHD2	MACF1	1	1	1	1
AMDHD2	INPP1	1	1	1	1
AMDHD2	UBR7	1	1	1	1
AMDHD2	PIK3R4	1	1	1	1
AMDHD2	STXBP2	1	1	1	1
AMDHD2	CCP110	1	1	1	1
AMDHD2	ECH1	1	1	1	1
AMDHD2	KLHL21	1	1	1	1
AMDHD2	ADAT1	1	1	1	1
AMDHD2	FAM57A	1	1	1	1
AMDHD2	TBXA2R	1	1	1	1
AMDHD2	APOE	1	1	1	1
AMDHD2	CETN3	1	1	1	1
AMDHD2	SCARB1	1	1	1	1
AMDHD2	OXCT1	1	1	1	1
AMDHD2	EGFR	1	1	1	1
AMDHD2	NRAS	1	1	1	1
AMDHD2	EGF	1	1	1	1
AMDHD2	MAP7	1	1	1	1
AMDHD2	ARHGAP1	1	1	1	1
AMDHD2	CORO1A	1	1	1	1
AMDHD2	PRCP	1	1	1	1
AMDHD2	GTPBP8	1	1	1	1
AMDHD2	WRB	1	1	1	1
AMDHD2	EGR1	1	1	1	1
AMDHD2	NUDCD3	1	1	1	1
AMDHD2	ATP5S	1	1	1	1
AMDHD2	TBX2	1	1	1	1
AMDHD2	HTRA1	1	1	1	1
AMDHD2	CCDC85B	1	1	1	1
AMDHD2	EXT1	1	1	1	1
AMDHD2	NUDT9	1	1	1	1
AMDHD2	MYCBP2	1	1	1	1
AMDHD2	RNMT	1	1	1	1
AMDHD2	SLC11A2	1	1	1	1
AMDHD2	PYCR1	1	1	1	1
AMDHD2	ATP6V0B	1	1	1	1
AMDHD2	BZW2	1	1	1	1
AMDHD2	RRAGA	1	1	1	1
AMDHD2	SMC3	1	1	1	1
AMDHD2	DDX10	1	1	1	1
AMDHD2	SGCB	1	1	1	1
AMDHD2	LRPAP1	1	1	1	1
AMDHD2	SLC25A46	1	1	1	1
AMDHD2	USP7	1	1	1	1
AMDHD2	ZW10	1	1	1	1
AMDHD2	RPS6	1	1	1	1
AMDHD2	CAST	1	1	1	1
AMDHD2	CD97	1	1	1	1
AMDHD2	IGF1R	1	1	1	1
AMDHD2	LIG1	1	1	1	1
AMDHD2	KIT	1	1	1	1
AMDHD2	CDC20	1	1	1	1
AMDHD2	HYOU1	1	1	1	1
AMDHD2	COG4	1	1	1	1
AMDHD2	PDIA5	1	1	1	1
AMDHD2	ARID5B	1	1	1	1
AMDHD2	BAX	1	1	1	1
AMDHD2	DNAJB6	1	1	1	1
AMDHD2	SMC4	1	1	1	1
AMDHD2	PCM1	1	1	1	1
AMDHD2	DDB2	1	1	1	1
AMDHD2	MSRA	1	1	1	1
AMDHD2	KAT6B	1	1	1	1
AMDHD2	RUVBL1	1	1	1	1
AMDHD2	TRIB1	1	1	1	1
AMDHD2	POLD4	1	1	1	1
AMDHD2	ACBD3	1	1	1	1
AMDHD2	LRP10	1	1	1	1
AMDHD2	CHERP	1	1	1	1
AMDHD2	TBPL1	1	1	1	1
AMDHD2	STAMBP	1	1	1	1
AMDHD2	KTN1	1	1	1	1
AMDHD2	FHL2	1	1	1	1
AMDHD2	LAP3	1	1	1	1
AMDHD2	KIF20A	1	1	1	1
AMDHD2	LRRC41	1	1	1	1
AMDHD2	IKBKB	1	1	1	1
AMDHD2	TP53BP2	1	1	1	1
AMDHD2	EPHB2	1	1	1	1
AMDHD2	POLR2I	1	1	1	1
AMDHD2	CAB39	1	1	1	1
AMDHD2	EDEM1	1	1	1	1
AMDHD2	HOXA5	1	1	1	1
AMDHD2	EZH2	1	1	1	1
AMDHD2	KDM5A	1	1	1	1
AMDHD2	SDHB	1	1	1	1
AMDHD2	FOXJ3	1	1	1	1
AMDHD2	BID	1	1	1	1
AMDHD2	ALAS1	1	1	1	1
AMDHD2	PIP4K2B	1	1	1	1
AMDHD2	TOP2A	1	1	1	1
AMDHD2	CALM3	1	1	1	1
AMDHD2	TXNL4B	1	1	1	1
AMDHD2	HMGCR	1	1	1	1
AMDHD2	LGMN	1	1	1	1
AMDHD2	ATG3	1	1	1	1
AMDHD2	RAB11FIP2	1	1	1	1
AMDHD2	CHAC1	1	1	1	1
AMDHD2	AMDHD2	1	1	1	1
AMDHD2	PLOD3	1	1	1	1
AMDHD2	STMN1	1	1	1	1
AMDHD2	NMT1	1	1	1	1
AMDHD2	EIF4G1	1	1	1	1
AMDHD2	SYNGR3	1	1	1	1
AMDHD2	PARP1	1	1	1	1
AMDHD2	PPIE	1	1	1	1
AMDHD2	ARFIP2	1	1	1	1
AMDHD2	EBNA1BP2	1	1	1	1
AMDHD2	IKBKE	1	1	1	1
AMDHD2	KIF14	1	1	1	1
AMDHD2	MAPKAPK2	1	1	1	1
AMDHD2	SOX4	1	1	1	1
AMDHD2	ECD	1	1	1	1
AMDHD2	NR3C1	1	1	1	1
AMDHD2	TMEM109	1	1	1	1
AMDHD2	RELB	1	1	1	1
AMDHD2	IGHMBP2	1	1	1	1
AMDHD2	PRUNE	1	1	1	1
AMDHD2	DERA	1	1	1	1
AMDHD2	SORBS3	1	1	1	1
AMDHD2	B3GNT1	1	1	1	1
AMDHD2	UBE2A	1	1	1	1
AMDHD2	PTPN12	1	1	1	1
AMDHD2	ENOPH1	1	1	1	1
AMDHD2	PEX11A	1	1	1	1
AMDHD2	RRP1B	1	1	1	1
AMDHD2	CFLAR	1	1	1	1
AMDHD2	ETV1	1	1	1	1
AMDHD2	GNAS	1	1	1	1
AMDHD2	BCL7B	1	1	1	1
AMDHD2	ACAA1	1	1	1	1
AMDHD2	ME2	1	1	1	1
AMDHD2	AXIN1	1	1	1	1
AMDHD2	RPIA	1	1	1	1
AMDHD2	EPHA3	1	1	1	1
AMDHD2	CASP7	1	1	1	1
AMDHD2	CTNNAL1	1	1	1	1
AMDHD2	BAMBI	1	1	1	1
AMDHD2	CSK	1	1	1	1
AMDHD2	PCBD1	1	1	1	1
AMDHD2	SPAG7	1	1	1	1
AMDHD2	CHEK2	1	1	1	1
AMDHD2	WIPF2	1	1	1	1
AMDHD2	NR2F6	1	1	1	1
AMDHD2	SYPL1	1	1	1	1
AMDHD2	NR1H2	1	1	1	1
AMDHD2	APPBP2	1	1	1	1
AMDHD2	XPO7	1	1	1	1
AMDHD2	NUP85	1	1	1	1
AMDHD2	MAP4K4	1	1	1	1
AMDHD2	RGS2	1	1	1	1
AMDHD2	FKBP4	1	1	1	1
AMDHD2	VAV3	1	1	1	1
AMDHD2	MAPKAPK5	1	1	1	1
AMDHD2	BNIP3	1	1	1	1
AMDHD2	CREB1	1	1	1	1
AMDHD2	PRKACA	1	1	1	1
AMDHD2	KIF2C	1	1	1	1
AMDHD2	RNF167	1	1	1	1
AMDHD2	CCNF	1	1	1	1
AMDHD2	RNH1	1	1	1	1
AMDHD2	RAB21	1	1	1	1
AMDHD2	MYO10	1	1	1	1
AMDHD2	STAT1	1	1	1	1
AMDHD2	LBR	1	1	1	1
AMDHD2	DCK	1	1	1	1
AMDHD2	PSRC1	1	1	1	1
AMDHD2	BACE2	1	1	1	1
AMDHD2	EIF5	1	1	1	1
AMDHD2	GTF2A2	1	1	1	1
AMDHD2	USP22	1	1	1	1
AMDHD2	ST7	1	1	1	1
AMDHD2	COG2	1	1	1	1
AMDHD2	PCNA	1	1	1	1
AMDHD2	FASTKD5	1	1	1	1
AMDHD2	DAXX	1	1	1	1
AMDHD2	SLC35B1	1	1	1	1
AMDHD2	PAK1	1	1	1	1
AMDHD2	SPTAN1	1	1	1	1
AMDHD2	RPA2	1	1	1	1
AMDHD2	FDFT1	1	1	1	1
AMDHD2	IGF2BP2	1	1	1	1
AMDHD2	PPP2R3C	1	1	1	1
AMDHD2	MLLT11	1	1	1	1
AMDHD2	NUP88	1	1	1	1
AMDHD2	HERPUD1	1	1	1	1
AMDHD2	SHC1	1	1	1	1
AMDHD2	GLOD4	1	1	1	1
AMDHD2	CHIC2	1	1	1	1
AMDHD2	TXLNA	1	1	1	1
AMDHD2	PHKG2	1	1	1	1
AMDHD2	CCNB1	1	1	1	1
AMDHD2	STAP2	1	1	1	1
AMDHD2	SHB	1	1	1	1
AMDHD2	LIPA	1	1	1	1
AMDHD2	CBLB	1	1	1	1
AMDHD2	CPSF4	1	1	1	1
AMDHD2	OXA1L	1	1	1	1
AMDHD2	CDC25B	1	1	1	1
AMDHD2	LOXL1	1	1	1	1
AMDHD2	TNFRSF21	1	1	1	1
AMDHD2	LGALS8	1	1	1	1
AMDHD2	RAD9A	1	1	1	1
AMDHD2	TRAM2	1	1	1	1
AMDHD2	ANKRD10	1	1	1	1
AMDHD2	SYNE2	1	1	1	1
AMDHD2	SCP2	1	1	1	1
AMDHD2	CALU	1	1	1	1
AMDHD2	NET1	1	1	1	1
AMDHD2	TOMM34	1	1	1	1
AMDHD2	BRCA1	1	1	1	1
AMDHD2	PARP2	1	1	1	1
AMDHD2	HES1	1	1	1	1
AMDHD2	FSD1	1	1	1	1
AMDHD2	SMC1A	1	1	1	1
AMDHD2	GRB10	1	1	1	1
AMDHD2	ASAH1	1	1	1	1
AMDHD2	HSPA4	1	1	1	1
AMDHD2	TM9SF2	1	1	1	1
AMDHD2	TBP	1	1	1	1
AMDHD2	ZNF395	1	1	1	1
AMDHD2	LYRM1	1	1	1	1
AMDHD2	FEZ2	1	1	1	1
AMDHD2	HK1	1	1	1	1
AMDHD2	KDM3A	1	1	1	1
AMDHD2	CANT1	1	1	1	1
AMDHD2	LSM6	1	1	1	1
AMDHD2	LYN	1	1	1	1
AMDHD2	ID2	1	1	1	1
AMDHD2	AKR7A2	1	1	1	1
AMDHD2	ALDOC	1	1	1	1
AMDHD2	OXSR1	1	1	1	1
AMDHD2	NOTCH1	1	1	1	1
AMDHD2	CDK6	1	1	1	1
AMDHD2	JUN	1	1	1	1
AMDHD2	PTGS2	1	1	1	1
AMDHD2	ZNF586	1	1	1	1
AMDHD2	KDELR2	1	1	1	1
AMDHD2	FKBP14	1	1	1	1
AMDHD2	RALB	1	1	1	1
AMDHD2	MALT1	1	1	1	1
AMDHD2	SPDEF	1	1	1	1
AMDHD2	FOXO4	1	1	1	1
AMDHD2	UBE3C	1	1	1	1
AMDHD2	PPP2R5A	1	1	1	1
AMDHD2	GSTZ1	1	1	1	1
AMDHD2	MAPK1IP1L	1	1	1	1
AMDHD2	MPZL1	1	1	1	1
AMDHD2	LAGE3	1	1	1	1
AMDHD2	CDC42	1	1	1	1
AMDHD2	NARFL	1	1	1	1
AMDHD2	PLA2G4A	1	1	1	1
AMDHD2	CLTB	1	1	1	1
AMDHD2	NOSIP	1	1	1	1
AMDHD2	ARID4B	1	1	1	1
AMDHD2	NUCB2	1	1	1	1
AMDHD2	ARNT2	1	1	1	1
AMDHD2	ILK	1	1	1	1
AMDHD2	PRAF2	1	1	1	1
AMDHD2	TXNRD1	1	1	1	1
AMDHD2	CD58	1	1	1	1
AMDHD2	RPS6KA1	1	1	1	1
AMDHD2	GNAI1	1	1	1	1
AMDHD2	CNDP2	1	1	1	1
AMDHD2	MSH6	1	1	1	1
AMDHD2	RFC5	1	1	1	1
AMDHD2	CCDC92	1	1	1	1
AMDHD2	RRS1	1	1	1	1
AMDHD2	MTFR1	1	1	1	1
AMDHD2	SESN1	1	1	1	1
AMDHD2	TMEM2	1	1	1	1
AMDHD2	CD40	1	1	1	1
AMDHD2	CCND3	1	1	1	1
AMDHD2	ADCK3	1	1	1	1
AMDHD2	STX4	1	1	1	1
AMDHD2	BHLHE40	1	1	1	1
AMDHD2	FGFR2	1	1	1	1
AMDHD2	DAG1	1	1	1	1
AMDHD2	EDN1	1	1	1	1
AMDHD2	XPNPEP1	1	1	1	1
AMDHD2	ACLY	1	1	1	1
AMDHD2	ZMIZ1	1	1	1	1
AMDHD2	REEP5	1	1	1	1
AMDHD2	IL13RA1	1	1	1	1
AMDHD2	NCOA3	1	1	1	1
AMDHD2	PIH1D1	1	1	1	1
PLOD3	AARS	1	1	1	1
PLOD3	EPN2	1	1	1	1
PLOD3	MAMLD1	1	1	1	1
PLOD3	S100A4	1	1	1	1
PLOD3	MOK	1	1	1	1
PLOD3	ADO	1	1	1	1
PLOD3	TRAPPC6A	1	1	1	1
PLOD3	PCK2	1	1	1	1
PLOD3	UGDH	1	1	1	1
PLOD3	PHKB	1	1	1	1
PLOD3	ADRB2	1	1	1	1
PLOD3	RAI14	1	1	1	1
PLOD3	LSR	1	1	1	1
PLOD3	NISCH	1	1	1	1
PLOD3	CSNK1E	1	1	1	1
PLOD3	DECR1	1	1	1	1
PLOD3	MYLK	1	1	1	1
PLOD3	NCAPD2	1	1	1	1
PLOD3	PWP1	1	1	1	1
PLOD3	HSPB1	1	1	1	1
PLOD3	ZNF274	1	1	1	1
PLOD3	FUT1	1	1	1	1
PLOD3	FGFR4	1	1	1	1
PLOD3	PLA2G15	1	1	1	1
PLOD3	RSU1	1	1	1	1
PLOD3	ABHD4	1	1	1	1
PLOD3	SKIV2L	1	1	1	1
PLOD3	HMOX1	1	1	1	1
PLOD3	UBE2L6	1	1	1	1
PLOD3	KIAA1279	1	1	1	1
PLOD3	MRPS16	1	1	1	1
PLOD3	PRKCQ	1	1	1	1
PLOD3	SH3BP5	1	1	1	1
PLOD3	DNTTIP2	1	1	1	1
PLOD3	ELOVL6	1	1	1	1
PLOD3	DDR1	1	1	1	1
PLOD3	TFAP2A	1	1	1	1
PLOD3	TRAP1	1	1	1	1
PLOD3	TMEM5	1	1	1	1
PLOD3	INPP4B	1	1	1	1
PLOD3	NVL	1	1	1	1
PLOD3	ZNF131	1	1	1	1
PLOD3	KIF5C	1	1	1	1
PLOD3	DYNLT3	1	1	1	1
PLOD3	ASCC3	1	1	1	1
PLOD3	G3BP1	1	1	1	1
PLOD3	IDE	1	1	1	1
PLOD3	GDPD5	1	1	1	1
PLOD3	H2AFV	1	1	1	1
PLOD3	PDS5A	1	1	1	1
PLOD3	SLC27A3	1	1	1	1
PLOD3	GNB5	1	1	1	1
PLOD3	ST6GALNAC2	1	1	1	1
PLOD3	RFX5	1	1	1	1
PLOD3	TSTA3	1	1	1	1
PLOD3	TEX10	1	1	1	1
PLOD3	FCHO1	1	1	1	1
PLOD3	IL1B	1	1	1	1
PLOD3	RPS5	1	1	1	1
PLOD3	AKT1	1	1	1	1
PLOD3	CASK	1	1	1	1
PLOD3	PAFAH1B1	1	1	1	1
PLOD3	TIPARP	1	1	1	1
PLOD3	ZNF318	1	1	1	1
PLOD3	AURKB	1	1	1	1
PLOD3	TMEM50A	1	1	1	1
PLOD3	CDC25A	1	1	1	1
PLOD3	TXNDC9	1	1	1	1
PLOD3	PSME1	1	1	1	1
PLOD3	CCNB2	1	1	1	1
PLOD3	HADH	1	1	1	1
PLOD3	WDTC1	1	1	1	1
PLOD3	TIAM1	1	1	1	1
PLOD3	PMM2	1	1	1	1
PLOD3	BCL2	1	1	1	1
PLOD3	PNKP	1	1	1	1
PLOD3	MTA1	1	1	1	1
PLOD3	GRN	1	1	1	1
PLOD3	GATA2	1	1	1	1
PLOD3	ETS1	1	1	1	1
PLOD3	DNAJB2	1	1	1	1
PLOD3	PRKX	1	1	1	1
PLOD3	GTF2E2	1	1	1	1
PLOD3	BIRC2	1	1	1	1
PLOD3	CD320	1	1	1	1
PLOD3	NUP62	1	1	1	1
PLOD3	MAP3K4	1	1	1	1
PLOD3	MTHFD2	1	1	1	1
PLOD3	TES	1	1	1	1
PLOD3	MMP2	1	1	1	1
PLOD3	ETFB	1	1	1	1
PLOD3	GAA	1	1	1	1
PLOD3	BECN1	1	1	1	1
PLOD3	SUV39H1	1	1	1	1
PLOD3	CERK	1	1	1	1
PLOD3	DENND2D	1	1	1	1
PLOD3	BIRC5	1	1	1	1
PLOD3	IFRD2	1	1	1	1
PLOD3	SSBP2	1	1	1	1
PLOD3	SENP6	1	1	1	1
PLOD3	USP14	1	1	1	1
PLOD3	SLC25A4	1	1	1	1
PLOD3	HOOK2	1	1	1	1
PLOD3	POLR1C	1	1	1	1
PLOD3	RASA1	1	1	1	1
PLOD3	CYTH1	1	1	1	1
PLOD3	TJP1	1	1	1	1
PLOD3	STUB1	1	1	1	1
PLOD3	NRIP1	1	1	1	1
PLOD3	NENF	1	1	1	1
PLOD3	FYN	1	1	1	1
PLOD3	CHEK1	1	1	1	1
PLOD3	GFOD1	1	1	1	1
PLOD3	POLR2K	1	1	1	1
PLOD3	TARBP1	1	1	1	1
PLOD3	EBP	1	1	1	1
PLOD3	CCNA2	1	1	1	1
PLOD3	MBNL1	1	1	1	1
PLOD3	PIK3C2B	1	1	1	1
PLOD3	CSNK1A1	1	1	1	1
PLOD3	PXN	1	1	1	1
PLOD3	PSMF1	1	1	1	1
PLOD3	PHGDH	1	1	1	1
PLOD3	PIGB	1	1	1	1
PLOD3	KIAA0100	1	1	1	1
PLOD3	HPRT1	1	1	1	1
PLOD3	SACM1L	1	1	1	1
PLOD3	TSEN2	1	1	1	1
PLOD3	BMP4	1	1	1	1
PLOD3	PNP	1	1	1	1
PLOD3	FPGS	1	1	1	1
PLOD3	EPRS	1	1	1	1
PLOD3	RRP12	1	1	1	1
PLOD3	PIK3CA	1	1	1	1
PLOD3	DRAP1	1	1	1	1
PLOD3	CPNE3	1	1	1	1
PLOD3	FBXL12	1	1	1	1
PLOD3	SOCS2	1	1	1	1
PLOD3	UBQLN2	1	1	1	1
PLOD3	DNM1	1	1	1	1
PLOD3	LPAR2	1	1	1	1
PLOD3	KDM5B	1	1	1	1
PLOD3	CEP57	1	1	1	1
PLOD3	TSPAN3	1	1	1	1
PLOD3	MYBL2	1	1	1	1
PLOD3	SLC5A6	1	1	1	1
PLOD3	ENOSF1	1	1	1	1
PLOD3	PGAM1	1	1	1	1
PLOD3	ATP6V1D	1	1	1	1
PLOD3	PGM1	1	1	1	1
PLOD3	DNMT1	1	1	1	1
PLOD3	LAMA3	1	1	1	1
PLOD3	PUF60	1	1	1	1
PLOD3	TRAK2	1	1	1	1
PLOD3	CTSD	1	1	1	1
PLOD3	KIAA0753	1	1	1	1
PLOD3	SLC2A6	1	1	1	1
PLOD3	DUSP14	1	1	1	1
PLOD3	NSDHL	1	1	1	1
PLOD3	MKNK1	1	1	1	1
PLOD3	CASP2	1	1	1	1
PLOD3	PIN1	1	1	1	1
PLOD3	POLB	1	1	1	1
PLOD3	VPS72	1	1	1	1
PLOD3	CASP10	1	1	1	1
PLOD3	PPOX	1	1	1	1
PLOD3	YME1L1	1	1	1	1
PLOD3	PRKCD	1	1	1	1
PLOD3	DUSP11	1	1	1	1
PLOD3	IPO13	1	1	1	1
PLOD3	MEST	1	1	1	1
PLOD3	STK25	1	1	1	1
PLOD3	GRWD1	1	1	1	1
PLOD3	MELK	1	1	1	1
PLOD3	POLG2	1	1	1	1
PLOD3	PSIP1	1	1	1	1
PLOD3	MYCBP	1	1	1	1
PLOD3	MAN2B1	1	1	1	1
PLOD3	TERF2IP	1	1	1	1
PLOD3	KIAA1033	1	1	1	1
PLOD3	PLEKHM1	1	1	1	1
PLOD3	CDK1	1	1	1	1
PLOD3	EAPP	1	1	1	1
PLOD3	GADD45A	1	1	1	1
PLOD3	PAK4	1	1	1	1
PLOD3	LYPLA1	1	1	1	1
PLOD3	ICMT	1	1	1	1
PLOD3	ACOT9	1	1	1	1
PLOD3	SLC37A4	1	1	1	1
PLOD3	PPP1R13B	1	1	1	1
PLOD3	ITFG1	1	1	1	1
PLOD3	JMJD6	1	1	1	1
PLOD3	VGLL4	1	1	1	1
PLOD3	ARL4C	1	1	1	1
PLOD3	CAMSAP2	1	1	1	1
PLOD3	VAPB	1	1	1	1
PLOD3	ACD	1	1	1	1
PLOD3	C5	1	1	1	1
PLOD3	GABPB1	1	1	1	1
PLOD3	SNX7	1	1	1	1
PLOD3	TMCO1	1	1	1	1
PLOD3	PTK2	1	1	1	1
PLOD3	NUP133	1	1	1	1
PLOD3	MFSD10	1	1	1	1
PLOD3	STXBP1	1	1	1	1
PLOD3	YKT6	1	1	1	1
PLOD3	GPC1	1	1	1	1
PLOD3	ORC1	1	1	1	1
PLOD3	ZNF589	1	1	1	1
PLOD3	HDAC6	1	1	1	1
PLOD3	PIK3R4	1	1	1	1
PLOD3	SNCA	1	1	1	1
PLOD3	CCP110	1	1	1	1
PLOD3	ECH1	1	1	1	1
PLOD3	SERPINE1	1	1	1	1
PLOD3	KLHL21	1	1	1	1
PLOD3	P4HTM	1	1	1	1
PLOD3	FAM57A	1	1	1	1
PLOD3	TBXA2R	1	1	1	1
PLOD3	CETN3	1	1	1	1
PLOD3	SCARB1	1	1	1	1
PLOD3	EGFR	1	1	1	1
PLOD3	NRAS	1	1	1	1
PLOD3	SCAND1	1	1	1	1
PLOD3	ARHGAP1	1	1	1	1
PLOD3	KAT6A	1	1	1	1
PLOD3	AKAP8L	1	1	1	1
PLOD3	PLCB3	1	1	1	1
PLOD3	ANO10	1	1	1	1
PLOD3	PRCP	1	1	1	1
PLOD3	HAT1	1	1	1	1
PLOD3	DHRS7	1	1	1	1
PLOD3	ISOC1	1	1	1	1
PLOD3	WRB	1	1	1	1
PLOD3	CDCA4	1	1	1	1
PLOD3	ABHD6	1	1	1	1
PLOD3	CCDC86	1	1	1	1
PLOD3	HEATR1	1	1	1	1
PLOD3	HS2ST1	1	1	1	1
PLOD3	CCDC85B	1	1	1	1
PLOD3	PLP2	1	1	1	1
PLOD3	HERC6	1	1	1	1
PLOD3	MYCBP2	1	1	1	1
PLOD3	PYCR1	1	1	1	1
PLOD3	ATP6V0B	1	1	1	1
PLOD3	BZW2	1	1	1	1
PLOD3	SPEN	1	1	1	1
PLOD3	RRAGA	1	1	1	1
PLOD3	BAD	1	1	1	1
PLOD3	TSPAN4	1	1	1	1
PLOD3	CDK19	1	1	1	1
PLOD3	SLC25A46	1	1	1	1
PLOD3	ZW10	1	1	1	1
PLOD3	RPS6	1	1	1	1
PLOD3	IGF1R	1	1	1	1
PLOD3	PCMT1	1	1	1	1
PLOD3	LIG1	1	1	1	1
PLOD3	HMGCS1	1	1	1	1
PLOD3	KIT	1	1	1	1
PLOD3	CDC20	1	1	1	1
PLOD3	TRIM2	1	1	1	1
PLOD3	MMP1	1	1	1	1
PLOD3	ARID5B	1	1	1	1
PLOD3	DNAJB6	1	1	1	1
PLOD3	SMC4	1	1	1	1
PLOD3	PCM1	1	1	1	1
PLOD3	IKBKAP	1	1	1	1
PLOD3	MCOLN1	1	1	1	1
PLOD3	DDB2	1	1	1	1
PLOD3	KAT6B	1	1	1	1
PLOD3	TRIB1	1	1	1	1
PLOD3	POLD4	1	1	1	1
PLOD3	PKIG	1	1	1	1
PLOD3	LRP10	1	1	1	1
PLOD3	CHERP	1	1	1	1
PLOD3	STAMBP	1	1	1	1
PLOD3	CEBPA	1	1	1	1
PLOD3	FHL2	1	1	1	1
PLOD3	FAT1	1	1	1	1
PLOD3	LAP3	1	1	1	1
PLOD3	KIF20A	1	1	1	1
PLOD3	PECR	1	1	1	1
PLOD3	LRRC41	1	1	1	1
PLOD3	PAPD7	1	1	1	1
PLOD3	IKBKB	1	1	1	1
PLOD3	POLR2I	1	1	1	1
PLOD3	CAB39	1	1	1	1
PLOD3	HOXA5	1	1	1	1
PLOD3	EZH2	1	1	1	1
PLOD3	KDM5A	1	1	1	1
PLOD3	HSPA1A	1	1	1	1
PLOD3	FOXJ3	1	1	1	1
PLOD3	SATB1	1	1	1	1
PLOD3	BID	1	1	1	1
PLOD3	PIP4K2B	1	1	1	1
PLOD3	RAB31	1	1	1	1
PLOD3	ATP1B1	1	1	1	1
PLOD3	RAB11FIP2	1	1	1	1
PLOD3	ERBB2	1	1	1	1
PLOD3	CHAC1	1	1	1	1
PLOD3	PLOD3	1	1	1	1
PLOD3	MIF	1	1	1	1
PLOD3	GNA11	1	1	1	1
PLOD3	SRC	1	1	1	1
PLOD3	STMN1	1	1	1	1
PLOD3	GATA3	1	1	1	1
PLOD3	NMT1	1	1	1	1
PLOD3	SCRN1	1	1	1	1
PLOD3	PPIE	1	1	1	1
PLOD3	SKP1	1	1	1	1
PLOD3	CSRP1	1	1	1	1
PLOD3	PLS1	1	1	1	1
PLOD3	EBNA1BP2	1	1	1	1
PLOD3	THAP11	1	1	1	1
PLOD3	ICAM3	1	1	1	1
PLOD3	SOX4	1	1	1	1
PLOD3	PSMD10	1	1	1	1
PLOD3	RELB	1	1	1	1
PLOD3	IGHMBP2	1	1	1	1
PLOD3	UBE3B	1	1	1	1
PLOD3	PRUNE	1	1	1	1
PLOD3	DERA	1	1	1	1
PLOD3	B3GNT1	1	1	1	1
PLOD3	UBE2A	1	1	1	1
PLOD3	PTPN12	1	1	1	1
PLOD3	NUSAP1	1	1	1	1
PLOD3	PEX11A	1	1	1	1
PLOD3	CFLAR	1	1	1	1
PLOD3	PDLIM1	1	1	1	1
PLOD3	ETV1	1	1	1	1
PLOD3	GNAS	1	1	1	1
PLOD3	ME2	1	1	1	1
PLOD3	AXIN1	1	1	1	1
PLOD3	RPIA	1	1	1	1
PLOD3	UFM1	1	1	1	1
PLOD3	RAB27A	1	1	1	1
PLOD3	CASP7	1	1	1	1
PLOD3	CSK	1	1	1	1
PLOD3	PCBD1	1	1	1	1
PLOD3	TSKU	1	1	1	1
PLOD3	CHEK2	1	1	1	1
PLOD3	NR2F6	1	1	1	1
PLOD3	SYPL1	1	1	1	1
PLOD3	DDIT4	1	1	1	1
PLOD3	CDC45	1	1	1	1
PLOD3	APPBP2	1	1	1	1
PLOD3	NT5DC2	1	1	1	1
PLOD3	MAP4K4	1	1	1	1
PLOD3	RGS2	1	1	1	1
PLOD3	FKBP4	1	1	1	1
PLOD3	MAPKAPK5	1	1	1	1
PLOD3	CREB1	1	1	1	1
PLOD3	PRKACA	1	1	1	1
PLOD3	CCNF	1	1	1	1
PLOD3	CIAPIN1	1	1	1	1
PLOD3	RAB21	1	1	1	1
PLOD3	MYO10	1	1	1	1
PLOD3	MAT2A	1	1	1	1
PLOD3	STAT1	1	1	1	1
PLOD3	RPP38	1	1	1	1
PLOD3	DCK	1	1	1	1
PLOD3	PLK1	1	1	1	1
PLOD3	PSRC1	1	1	1	1
PLOD3	NIT1	1	1	1	1
PLOD3	EIF5	1	1	1	1
PLOD3	PRSS23	1	1	1	1
PLOD3	GTF2A2	1	1	1	1
PLOD3	USP22	1	1	1	1
PLOD3	DAXX	1	1	1	1
PLOD3	SLC35B1	1	1	1	1
PLOD3	RRP8	1	1	1	1
PLOD3	SPTAN1	1	1	1	1
PLOD3	SMARCD2	1	1	1	1
PLOD3	RPA2	1	1	1	1
PLOD3	MNAT1	1	1	1	1
PLOD3	FDFT1	1	1	1	1
PLOD3	LSM5	1	1	1	1
PLOD3	IGF2BP2	1	1	1	1
PLOD3	PPP2R3C	1	1	1	1
PLOD3	NFKBIA	1	1	1	1
PLOD3	NUP88	1	1	1	1
PLOD3	ARPP19	1	1	1	1
PLOD3	FOSL1	1	1	1	1
PLOD3	SHC1	1	1	1	1
PLOD3	CHIC2	1	1	1	1
PLOD3	CXCL2	1	1	1	1
PLOD3	PHKG2	1	1	1	1
PLOD3	SLC25A14	1	1	1	1
PLOD3	SHB	1	1	1	1
PLOD3	ELAC2	1	1	1	1
PLOD3	LIPA	1	1	1	1
PLOD3	CPSF4	1	1	1	1
PLOD3	ATMIN	1	1	1	1
PLOD3	UTP14A	1	1	1	1
PLOD3	CDC25B	1	1	1	1
PLOD3	RALA	1	1	1	1
PLOD3	LGALS8	1	1	1	1
PLOD3	RAD9A	1	1	1	1
PLOD3	CXCR4	1	1	1	1
PLOD3	TRAM2	1	1	1	1
PLOD3	GPATCH8	1	1	1	1
PLOD3	ANKRD10	1	1	1	1
PLOD3	APBB2	1	1	1	1
PLOD3	SCP2	1	1	1	1
PLOD3	CSNK2A2	1	1	1	1
PLOD3	SLC35A3	1	1	1	1
PLOD3	FSD1	1	1	1	1
PLOD3	FAH	1	1	1	1
PLOD3	GRB10	1	1	1	1
PLOD3	ASAH1	1	1	1	1
PLOD3	HSPA4	1	1	1	1
PLOD3	TM9SF2	1	1	1	1
PLOD3	TBP	1	1	1	1
PLOD3	ZNF395	1	1	1	1
PLOD3	LYRM1	1	1	1	1
PLOD3	TRIB3	1	1	1	1
PLOD3	FEZ2	1	1	1	1
PLOD3	KCTD5	1	1	1	1
PLOD3	HK1	1	1	1	1
PLOD3	INSIG1	1	1	1	1
PLOD3	HMGA2	1	1	1	1
PLOD3	TMEM97	1	1	1	1
PLOD3	LSM6	1	1	1	1
PLOD3	LYN	1	1	1	1
PLOD3	TNIP1	1	1	1	1
PLOD3	NUP93	1	1	1	1
PLOD3	CDK6	1	1	1	1
PLOD3	PTGS2	1	1	1	1
PLOD3	PIK3C3	1	1	1	1
PLOD3	DPH2	1	1	1	1
PLOD3	FKBP14	1	1	1	1
PLOD3	RALB	1	1	1	1
PLOD3	BNIP3L	1	1	1	1
PLOD3	MALT1	1	1	1	1
PLOD3	FOXO4	1	1	1	1
PLOD3	RHOA	1	1	1	1
PLOD3	UBE3C	1	1	1	1
PLOD3	LAGE3	1	1	1	1
PLOD3	CDC42	1	1	1	1
PLOD3	WFS1	1	1	1	1
PLOD3	PLA2G4A	1	1	1	1
PLOD3	SUZ12	1	1	1	1
PLOD3	CLTB	1	1	1	1
PLOD3	ARID4B	1	1	1	1
PLOD3	TPD52L2	1	1	1	1
PLOD3	DDX42	1	1	1	1
PLOD3	CTNND1	1	1	1	1
PLOD3	ARNT2	1	1	1	1
PLOD3	CD58	1	1	1	1
PLOD3	RPS6KA1	1	1	1	1
PLOD3	GNAI1	1	1	1	1
PLOD3	ST3GAL5	1	1	1	1
PLOD3	TIMELESS	1	1	1	1
PLOD3	RFC5	1	1	1	1
PLOD3	WDR7	1	1	1	1
PLOD3	SESN1	1	1	1	1
PLOD3	TIMM17B	1	1	1	1
PLOD3	TP53	1	1	1	1
PLOD3	CCND3	1	1	1	1
PLOD3	BLMH	1	1	1	1
PLOD3	ADCK3	1	1	1	1
PLOD3	FGFR2	1	1	1	1
PLOD3	EDN1	1	1	1	1
PLOD3	IKZF1	1	1	1	1
PLOD3	CISD1	1	1	1	1
PLOD3	ABCF3	1	1	1	1
PLOD3	REEP5	1	1	1	1
PLOD3	IL13RA1	1	1	1	1
PLOD3	NCOA3	1	1	1	1
PLOD3	PIH1D1	1	1	1	1
PLOD3	BLCAP	1	1	1	1
NMT1	GAPDH	1	1	1	1
EIF4G1	PTPN1	1	1	1	1
EIF4G1	CDC45	1	1	1	1
SCRN1	HN1L	1	1	1	1
PSMD10	PSME2	1	1	1	1
IGHMBP2	DFFB	1	1	1	1
UBE3B	HADH	1	1	1	1
ATF1	PGRMC1	1	1	1	1
ME2	INPP4B	1	1	1	1
ME2	PAPD7	1	1	1	1
ME2	RAE1	1	1	1	1
MAP2K5	TRAP1	1	1	1	1
MAP2K5	NUDT9	1	1	1	1
MAP2K5	SCYL3	1	1	1	1
MAP2K5	RNH1	1	1	1	1
CTNNAL1	AMDHD2	1	1	1	1
CTNNAL1	MIF	1	1	1	1
CTNNAL1	CSRP1	1	1	1	1
PAN2	PAFAH1B3	1	1	1	1
PAN2	FBXO21	1	1	1	1
CSK	TIMP2	1	1	1	1
CSK	ARHGEF2	1	1	1	1
CSK	MEF2C	1	1	1	1
CSK	DECR1	1	1	1	1
CSK	ABL1	1	1	1	1
CSK	ITGB5	1	1	1	1
CSK	MAPKAPK3	1	1	1	1
CSK	PRR7	1	1	1	1
CSK	TATDN2	1	1	1	1
CSK	BUB1B	1	1	1	1
CSK	GADD45B	1	1	1	1
CSK	FAIM	1	1	1	1
CSK	STUB1	1	1	1	1
CSK	DFFB	1	1	1	1
CSK	RB1	1	1	1	1
CSK	TPM1	1	1	1	1
CSK	PTK2	1	1	1	1
CSK	NUP133	1	1	1	1
CSK	ORC1	1	1	1	1
CSK	ZNF589	1	1	1	1
CSK	SCARB1	1	1	1	1
CSK	EGF	1	1	1	1
CSK	ANO10	1	1	1	1
CSK	NUDCD3	1	1	1	1
CSK	TBX2	1	1	1	1
CSK	GAPDH	1	1	1	1
CSK	RNMT	1	1	1	1
CSK	LRPAP1	1	1	1	1
CSK	KIT	1	1	1	1
CSK	BAX	1	1	1	1
CSK	TOP2A	1	1	1	1
CSK	THAP11	1	1	1	1
CSK	SOX4	1	1	1	1
CSK	CREB1	1	1	1	1
CSK	KIF2C	1	1	1	1
CSK	TCTA	1	1	1	1
CSK	PSRC1	1	1	1	1
CSK	STAP2	1	1	1	1
CSK	CDC25B	1	1	1	1
CSK	SCP2	1	1	1	1
CSK	PARP2	1	1	1	1
CSK	CASC3	1	1	1	1
CSK	AKR7A2	1	1	1	1
CSK	ZNF586	1	1	1	1
CSK	CD44	1	1	1	1
CSK	HIF1A	1	1	1	1
CSK	MALT1	1	1	1	1
CSK	MPZL1	1	1	1	1
CSK	ILK	1	1	1	1
CSK	HN1L	1	1	1	1
CSK	STX4	1	1	1	1
CSK	BHLHE40	1	1	1	1
TSKU	ADAM10	1	1	1	1
TSKU	CLPX	1	1	1	1
WIPF2	TOP2A	1	1	1	1
VPS28	ALAS1	1	1	1	1
SCYL3	WDTC1	1	1	1	1
SCYL3	PNKP	1	1	1	1
SCYL3	MYC	1	1	1	1
SCYL3	KEAP1	1	1	1	1
SCYL3	NFKBIB	1	1	1	1
SCYL3	PIN1	1	1	1	1
SCYL3	RPL39L	1	1	1	1
SCYL3	FOXO3	1	1	1	1
SCYL3	CCND1	1	1	1	1
SCYL3	APOE	1	1	1	1
SCYL3	FBXO7	1	1	1	1
SCYL3	DNAJB6	1	1	1	1
SCYL3	FAT1	1	1	1	1
SCYL3	CSRP1	1	1	1	1
SCYL3	NT5DC2	1	1	1	1
SCYL3	RPP38	1	1	1	1
SCYL3	RPA2	1	1	1	1
SCYL3	FDFT1	1	1	1	1
SCYL3	LIPA	1	1	1	1
SCYL3	RRS1	1	1	1	1
SCYL3	PIH1D1	1	1	1	1
KIF2C	TIMM17B	1	1	1	1
TCTA	POLR2K	1	1	1	1
STAT1	COASY	1	1	1	1
LBR	LYPLA1	1	1	1	1
EIF5	DRAP1	1	1	1	1
EIF5	MAP4K4	1	1	1	1
GTF2A2	EIF4EBP1	1	1	1	1
GTF2A2	RAI14	1	1	1	1
GTF2A2	PWP1	1	1	1	1
GTF2A2	ZNF274	1	1	1	1
GTF2A2	UBE2L6	1	1	1	1
GTF2A2	TFAP2A	1	1	1	1
GTF2A2	CASK	1	1	1	1
GTF2A2	ETFB	1	1	1	1
GTF2A2	GOLT1B	1	1	1	1
GTF2A2	PIK3C2B	1	1	1	1
GTF2A2	PIK3CA	1	1	1	1
GTF2A2	CRELD2	1	1	1	1
GTF2A2	RBM6	1	1	1	1
GTF2A2	TRAK2	1	1	1	1
GTF2A2	DUSP14	1	1	1	1
GTF2A2	IPO13	1	1	1	1
GTF2A2	CEBPD	1	1	1	1
GTF2A2	SLC35F2	1	1	1	1
GTF2A2	PACSIN3	1	1	1	1
GTF2A2	LYPLA1	1	1	1	1
GTF2A2	TBXA2R	1	1	1	1
GTF2A2	EGFR	1	1	1	1
GTF2A2	KAT6A	1	1	1	1
GTF2A2	SMARCC1	1	1	1	1
GTF2A2	PRCP	1	1	1	1
GTF2A2	HERC6	1	1	1	1
GTF2A2	BAD	1	1	1	1
GTF2A2	SMC4	1	1	1	1
GTF2A2	PTPLAD1	1	1	1	1
GTF2A2	FHL2	1	1	1	1
GTF2A2	FOXJ3	1	1	1	1
GTF2A2	PIP4K2B	1	1	1	1
GTF2A2	CHAC1	1	1	1	1
GTF2A2	PHKA1	1	1	1	1
GTF2A2	IKBKE	1	1	1	1
GTF2A2	PSMD10	1	1	1	1
GTF2A2	ME2	1	1	1	1
GTF2A2	BNIP3	1	1	1	1
GTF2A2	MYO10	1	1	1	1
GTF2A2	MAT2A	1	1	1	1
GTF2A2	BACE2	1	1	1	1
GTF2A2	RPA2	1	1	1	1
GTF2A2	SHC1	1	1	1	1
GTF2A2	ANKRD10	1	1	1	1
GTF2A2	ASAH1	1	1	1	1
GTF2A2	RPN1	1	1	1	1
GTF2A2	HK1	1	1	1	1
GTF2A2	TMEM2	1	1	1	1
GTF2A2	REEP5	1	1	1	1
PSME2	PSMG1	1	1	1	1
TXLNA	HTATSF1	1	1	1	1
OXA1L	CPNE3	1	1	1	1
ATMIN	DUSP14	1	1	1	1
RFC2	BIRC2	1	1	1	1
RFC2	HPRT1	1	1	1	1
RFC2	MYCBP2	1	1	1	1
RFC2	RPS6	1	1	1	1
RFC2	MAPKAPK5	1	1	1	1
SIRT3	PMM2	1	1	1	1
TRAM2	PCK2	1	1	1	1
TRAM2	PHKB	1	1	1	1
TRAM2	MEF2C	1	1	1	1
TRAM2	ATP2C1	1	1	1	1
TRAM2	ZNF131	1	1	1	1
TRAM2	MCM3	1	1	1	1
TRAM2	P4HA2	1	1	1	1
TRAM2	USP1	1	1	1	1
TRAM2	GRN	1	1	1	1
TRAM2	ZMYM2	1	1	1	1
TRAM2	FRS2	1	1	1	1
TRAM2	GTF2E2	1	1	1	1
TRAM2	AGL	1	1	1	1
TRAM2	GADD45B	1	1	1	1
TRAM2	IFRD2	1	1	1	1
TRAM2	BTK	1	1	1	1
TRAM2	FYN	1	1	1	1
TRAM2	KDM5B	1	1	1	1
TRAM2	GFPT1	1	1	1	1
TRAM2	POLB	1	1	1	1
TRAM2	IPO13	1	1	1	1
TRAM2	PLEKHM1	1	1	1	1
TRAM2	ACOT9	1	1	1	1
TRAM2	SLC37A4	1	1	1	1
TRAM2	VGLL4	1	1	1	1
TRAM2	PTK2	1	1	1	1
TRAM2	LRRC16A	1	1	1	1
TRAM2	ORC1	1	1	1	1
TRAM2	STXBP2	1	1	1	1
TRAM2	ECH1	1	1	1	1
TRAM2	P4HTM	1	1	1	1
TRAM2	WRB	1	1	1	1
TRAM2	GAPDH	1	1	1	1
TRAM2	RNMT	1	1	1	1
TRAM2	KIT	1	1	1	1
TRAM2	TRIM2	1	1	1	1
TRAM2	BAX	1	1	1	1
TRAM2	MSRA	1	1	1	1
TRAM2	PKIG	1	1	1	1
TRAM2	KTN1	1	1	1	1
TRAM2	FAT1	1	1	1	1
TRAM2	RALGDS	1	1	1	1
TRAM2	DNM1L	1	1	1	1
TRAM2	SDHB	1	1	1	1
TRAM2	RAB31	1	1	1	1
TRAM2	STMN1	1	1	1	1
TRAM2	NR3C1	1	1	1	1
TRAM2	RELB	1	1	1	1
TRAM2	SORBS3	1	1	1	1
TRAM2	CFLAR	1	1	1	1
TRAM2	PDLIM1	1	1	1	1
TRAM2	RAB27A	1	1	1	1
TRAM2	CDC45	1	1	1	1
TRAM2	FKBP4	1	1	1	1
TRAM2	CREB1	1	1	1	1
TRAM2	PAK1	1	1	1	1
TRAM2	SHC1	1	1	1	1
TRAM2	CPSF4	1	1	1	1
TRAM2	ATMIN	1	1	1	1
TRAM2	CDC25B	1	1	1	1
TRAM2	KCNK1	1	1	1	1
TRAM2	VAT1	1	1	1	1
TRAM2	LSM6	1	1	1	1
TRAM2	AKR7A2	1	1	1	1
TRAM2	FKBP14	1	1	1	1
TRAM2	HIF1A	1	1	1	1
TRAM2	UBE3C	1	1	1	1
TRAM2	NARFL	1	1	1	1
TRAM2	FBXO21	1	1	1	1
TRAM2	C2CD2	1	1	1	1
TRAM2	COASY	1	1	1	1
TRAM2	CDKN2A	1	1	1	1
TRAM2	BLCAP	1	1	1	1
SYNE2	COG4	1	1	1	1
TOMM34	SLC25A4	1	1	1	1
TBP	AARS	1	1	1	1
TBP	STK25	1	1	1	1
INSIG1	MAMLD1	1	1	1	1
INSIG1	IL1B	1	1	1	1
INSIG1	PNKP	1	1	1	1
INSIG1	ITGAE	1	1	1	1
INSIG1	NUP62	1	1	1	1
INSIG1	MAP3K4	1	1	1	1
INSIG1	MMP2	1	1	1	1
INSIG1	ETFB	1	1	1	1
INSIG1	DENND2D	1	1	1	1
INSIG1	CDK2	1	1	1	1
INSIG1	POLR1C	1	1	1	1
INSIG1	CCNA2	1	1	1	1
INSIG1	MYBL2	1	1	1	1
INSIG1	GFPT1	1	1	1	1
INSIG1	DUSP14	1	1	1	1
INSIG1	DUSP11	1	1	1	1
INSIG1	GRWD1	1	1	1	1
INSIG1	DYRK3	1	1	1	1
INSIG1	TUBB6	1	1	1	1
INSIG1	ARL4C	1	1	1	1
INSIG1	HOMER2	1	1	1	1
INSIG1	ATP5S	1	1	1	1
INSIG1	CDK19	1	1	1	1
INSIG1	ARID5B	1	1	1	1
INSIG1	STAMBP	1	1	1	1
INSIG1	CIRBP	1	1	1	1
INSIG1	CREG1	1	1	1	1
INSIG1	PCBD1	1	1	1	1
INSIG1	VAV3	1	1	1	1
INSIG1	CIAPIN1	1	1	1	1
INSIG1	SNX13	1	1	1	1
INSIG1	NFKBIA	1	1	1	1
INSIG1	PYGL	1	1	1	1
INSIG1	SHC1	1	1	1	1
INSIG1	LOXL1	1	1	1	1
INSIG1	ZNF395	1	1	1	1
INSIG1	LYRM1	1	1	1	1
INSIG1	TRIB3	1	1	1	1
INSIG1	TMEM97	1	1	1	1
INSIG1	JUN	1	1	1	1
INSIG1	LAGE3	1	1	1	1
INSIG1	IKZF1	1	1	1	1
INSIG1	CISD1	1	1	1	1
TNIP1	CCDC85B	1	1	1	1
RALB	B3GNT1	1	1	1	1
YTHDF1	STAMBP	1	1	1	1
SPDEF	SPAG7	1	1	1	1
