NENF	ADRB2	1	1	1	1
NENF	WASF3	1	1	1	1
NENF	FAT1	1	1	1	1
NENF	NFKB2	1	1	1	1
NENF	PAK1	1	1	1	1
NENF	PAX8	1	1	1	1
NENF	STK25	1	1	1	1
NENF	FAS	1	1	1	1
NENF	CASP7	1	1	1	1
NENF	PRKAG2	1	1	1	1
NENF	TCEAL4	1	1	1	1
NENF	SMARCD2	1	1	1	1
NENF	PHGDH	1	1	1	1
NENF	TEX10	1	1	1	1
NENF	EPRS	1	1	1	1
ACLY	PRUNE	1	1	1	1
WIPF2	TOP2A	1	1	1	1
UBE3C	MTA1	1	1	1	1
SHB	TXNRD1	1	1	1	1
SLC5A6	IGF2R	1	1	1	1
SLC5A6	TIMP2	1	1	1	1
SLC5A6	METRN	1	1	1	1
SCP2	HK1	1	1	1	1
SCP2	CASP7	1	1	1	1
CCNE2	DCTD	1	1	1	1
CRYZ	MRPS16	1	1	1	1
CRYZ	PEX11A	1	1	1	1
CRYZ	PSIP1	1	1	1	1
CRYZ	STX4	1	1	1	1
CRYZ	PRUNE	1	1	1	1
CRYZ	SMARCD2	1	1	1	1
CRYZ	TES	1	1	1	1
SLC1A4	ICAM3	1	1	1	1
SLC1A4	MPZL1	1	1	1	1
ATF1	FAM69A	1	1	1	1
ATF1	ACAT2	1	1	1	1
ATF1	LSM5	1	1	1	1
ATF1	ATMIN	1	1	1	1
ATF1	RHOA	1	1	1	1
ATF1	FOS	1	1	1	1
ATF1	SPEN	1	1	1	1
DNAJA3	NENF	1	1	1	1
DNAJA3	FBXO11	1	1	1	1
DNAJA3	CD44	1	1	1	1
DNAJA3	NUP62	1	1	1	1
DNAJA3	SLC35A1	1	1	1	1
DNAJA3	VAV3	1	1	1	1
DNAJA3	SLC1A4	1	1	1	1
DNAJA3	HOOK2	1	1	1	1
DNAJA3	CASP2	1	1	1	1
DNAJA3	PECR	1	1	1	1
DNAJA3	PLSCR1	1	1	1	1
DNAJA3	USP14	1	1	1	1
DNAJA3	CERK	1	1	1	1
DNAJA3	BDH1	1	1	1	1
DNAJA3	CCNB2	1	1	1	1
DNAJA3	STX1A	1	1	1	1
DNAJA3	LRRC16A	1	1	1	1
DNAJA3	CPNE3	1	1	1	1
DNAJA3	GFPT1	1	1	1	1
DNAJA3	SLC25A14	1	1	1	1
DNAJA3	PIK3C2B	1	1	1	1
DNAJA3	LYN	1	1	1	1
DNAJA3	DAXX	1	1	1	1
DNAJA3	ICAM1	1	1	1	1
DNAJA3	UBQLN2	1	1	1	1
DNAJA3	PPP2R3C	1	1	1	1
DNAJA3	ZNF274	1	1	1	1
DNAJA3	TMED10	1	1	1	1
DNAJA3	ARNT2	1	1	1	1
DNAJA3	ATMIN	1	1	1	1
DNAJA3	CD320	1	1	1	1
DNAJA3	OXCT1	1	1	1	1
DNAJA3	PEX11A	1	1	1	1
DNAJA3	OXSR1	1	1	1	1
DNAJA3	PSIP1	1	1	1	1
DNAJA3	RRP12	1	1	1	1
DNAJA3	TBP	1	1	1	1
DNAJA3	XPO7	1	1	1	1
DNAJA3	FPGS	1	1	1	1
DNAJA3	FAM20B	1	1	1	1
DNAJA3	RPN1	1	1	1	1
DNAJA3	SQSTM1	1	1	1	1
DNAJA3	SCARB1	1	1	1	1
DNAJA3	POLB	1	1	1	1
DNAJA3	MEF2C	1	1	1	1
DNAJA3	GDPD5	1	1	1	1
DNAJA3	GFOD1	1	1	1	1
DNAJA3	CHEK1	1	1	1	1
DNAJA3	TUBB6	1	1	1	1
DNAJA3	DNM1	1	1	1	1
DNAJA3	DHRS7	1	1	1	1
DNAJA3	PRKCD	1	1	1	1
DNAJA3	CLIC4	1	1	1	1
DNAJA3	TM9SF2	1	1	1	1
DNAJA3	EIF5	1	1	1	1
DNAJA3	RAP1GAP	1	1	1	1
DNAJA3	SCYL3	1	1	1	1
DNAJA3	TBX2	1	1	1	1
DNAJA3	PARP1	1	1	1	1
DNAJA3	NUP93	1	1	1	1
DNAJA3	GADD45A	1	1	1	1
DNAJA3	GATA2	1	1	1	1
DNAJA3	FAH	1	1	1	1
DNAJA3	RB1	1	1	1	1
DNAJA3	PRKX	1	1	1	1
DNAJA3	BAMBI	1	1	1	1
DNAJA3	PPARD	1	1	1	1
DNAJA3	POLR2I	1	1	1	1
DNAJA3	PAFAH1B1	1	1	1	1
DNAJA3	ATP5S	1	1	1	1
ETV1	ORC1	1	1	1	1
ETV1	PIP4K2B	1	1	1	1
ETV1	COPB2	1	1	1	1
ETV1	PHGDH	1	1	1	1
FUT1	CPNE3	1	1	1	1
TSEN2	EBNA1BP2	1	1	1	1
TSEN2	CALM3	1	1	1	1
TSEN2	PGM1	1	1	1	1
ADAT1	ADCK3	1	1	1	1
ADAT1	INPP4B	1	1	1	1
ADAT1	PPIE	1	1	1	1
ADAT1	MKNK1	1	1	1	1
PIN1	IFRD2	1	1	1	1
PIN1	ARID4B	1	1	1	1
PIN1	CALM3	1	1	1	1
PIN1	IKBKAP	1	1	1	1
PIN1	RAB31	1	1	1	1
WFS1	SHB	1	1	1	1
USP22	TPD52L2	1	1	1	1
USP22	MYL9	1	1	1	1
USP22	TSKU	1	1	1	1
HOOK2	IKBKB	1	1	1	1
HOOK2	BAX	1	1	1	1
HOOK2	ALDOC	1	1	1	1
LRP10	GFOD1	1	1	1	1
PSME2	CD320	1	1	1	1
PSME2	PSMG1	1	1	1	1
PSME2	ALDOC	1	1	1	1
TRIM13	SLC25A14	1	1	1	1
PACSIN3	NIT1	1	1	1	1
PACSIN3	CLTB	1	1	1	1
PACSIN3	RNMT	1	1	1	1
PACSIN3	DDIT4	1	1	1	1
RAD51C	CXCR4	1	1	1	1
RAD51C	SOX2	1	1	1	1
RAD51C	BAX	1	1	1	1
RAD51C	TBX2	1	1	1	1
RAD51C	SIRT3	1	1	1	1
RAD51C	POLE2	1	1	1	1
RAD51C	EPRS	1	1	1	1
ABCF1	ADRB2	1	1	1	1
ABCF1	TRAPPC3	1	1	1	1
APPBP2	TCEAL4	1	1	1	1
APPBP2	EML3	1	1	1	1
APPBP2	COASY	1	1	1	1
FAM69A	CALM3	1	1	1	1
CTNNAL1	MIF	1	1	1	1
CTNNAL1	AMDHD2	1	1	1	1
CTNNAL1	DHRS7	1	1	1	1
CTNNAL1	CSRP1	1	1	1	1
TCTN1	RPA1	1	1	1	1
TCTN1	HOXA5	1	1	1	1
TCTN1	ERO1L	1	1	1	1
TCTN1	STMN1	1	1	1	1
TCTN1	MLLT11	1	1	1	1
ATP2C1	NUP62	1	1	1	1
ATP2C1	SLC35A1	1	1	1	1
ATP2C1	REEP5	1	1	1	1
ATP2C1	MBNL2	1	1	1	1
ATP2C1	SRC	1	1	1	1
MAMLD1	IDE	1	1	1	1
UFM1	AURKB	1	1	1	1
NUP88	TPD52L2	1	1	1	1
NUP88	SDHB	1	1	1	1
NUP88	TP53BP2	1	1	1	1
TCEA2	MTHFD2	1	1	1	1
TCEA2	NUP88	1	1	1	1
TCEA2	ACAT2	1	1	1	1
TCEA2	ABCC5	1	1	1	1
TCEA2	CASC3	1	1	1	1
TCEA2	PPIE	1	1	1	1
TCEA2	FAM57A	1	1	1	1
TCEA2	FAM63A	1	1	1	1
TCEA2	USP7	1	1	1	1
TCEA2	SPEN	1	1	1	1
PLSCR1	TPM1	1	1	1	1
PLSCR1	ZFP36	1	1	1	1
PLSCR1	HIF1A	1	1	1	1
PLSCR1	DUSP6	1	1	1	1
PLSCR1	CBR1	1	1	1	1
PLSCR1	NET1	1	1	1	1
SERPINE1	PDHX	1	1	1	1
SERPINE1	STMN1	1	1	1	1
SERPINE1	TRAPPC3	1	1	1	1
PAK4	LRPAP1	1	1	1	1
PAK4	CANT1	1	1	1	1
PAK4	COASY	1	1	1	1
SESN1	ILK	1	1	1	1
MYL9	UBE2A	1	1	1	1
USP14	TM9SF3	1	1	1	1
USP14	MVP	1	1	1	1
DDR1	CLTB	1	1	1	1
CXCL2	ATF6	1	1	1	1
CXCL2	NUP88	1	1	1	1
CXCL2	UBR7	1	1	1	1
CXCL2	STX4	1	1	1	1
CXCL2	IER3	1	1	1	1
CXCL2	WDR7	1	1	1	1
CXCL2	PGRMC1	1	1	1	1
CXCL2	ATP6V1D	1	1	1	1
CXCL2	THAP11	1	1	1	1
INPP1	PFKL	1	1	1	1
ZNF586	MCM3	1	1	1	1
ZNF586	PPP2R3C	1	1	1	1
ZNF586	STAT1	1	1	1	1
ZNF586	EBP	1	1	1	1
ZNF586	SORBS3	1	1	1	1
TSPAN3	PACSIN3	1	1	1	1
TSPAN3	ASAH1	1	1	1	1
PSMB8	DUSP14	1	1	1	1
TRAPPC6A	POLR1C	1	1	1	1
TRAPPC6A	IGF2BP2	1	1	1	1
TRAPPC6A	MYC	1	1	1	1
TRAPPC6A	ATP6V0B	1	1	1	1
TRAPPC6A	SMARCC1	1	1	1	1
CERK	CSK	1	1	1	1
UTP14A	NR3C1	1	1	1	1
UTP14A	NUDCD3	1	1	1	1
UTP14A	CTSD	1	1	1	1
PAN2	PAFAH1B3	1	1	1	1
PAN2	PIK3C3	1	1	1	1
PAN2	SYNE2	1	1	1	1
BDH1	FAT1	1	1	1	1
BDH1	NOL3	1	1	1	1
BDH1	PGM1	1	1	1	1
LYPLA1	SYNE2	1	1	1	1
LYPLA1	AMDHD2	1	1	1	1
MBNL2	FAT1	1	1	1	1
MBNL2	IFRD2	1	1	1	1
MBNL2	FSD1	1	1	1	1
MBNL2	RRS1	1	1	1	1
MBNL2	MPZL1	1	1	1	1
ANXA7	ERBB2	1	1	1	1
RBM15B	MYCBP	1	1	1	1
RBM15B	BNIP3	1	1	1	1
RBM15B	CEP57	1	1	1	1
NNT	PHKG2	1	1	1	1
CDK2	DCUN1D4	1	1	1	1
CDK2	ADH5	1	1	1	1
CDK2	WDR7	1	1	1	1
RAB27A	NOL3	1	1	1	1
RAB11FIP2	DYNLT3	1	1	1	1
RAB11FIP2	ZNF131	1	1	1	1
RAB11FIP2	NIT1	1	1	1	1
RAB11FIP2	WASF3	1	1	1	1
RAB11FIP2	TSEN2	1	1	1	1
RAB11FIP2	TIMM17B	1	1	1	1
RAB11FIP2	ELAC2	1	1	1	1
RAB11FIP2	DUSP22	1	1	1	1
RAB11FIP2	DLD	1	1	1	1
RAB11FIP2	AMDHD2	1	1	1	1
RAB11FIP2	RTN2	1	1	1	1
RAB11FIP2	MAP3K4	1	1	1	1
RAB11FIP2	EDEM1	1	1	1	1
RAB11FIP2	ACOT9	1	1	1	1
RAB11FIP2	EPHA3	1	1	1	1
PSMF1	PYGL	1	1	1	1
PTPLAD1	ANO10	1	1	1	1
TBXA2R	NET1	1	1	1	1
PMAIP1	UBE2A	1	1	1	1
ABCC5	ORC1	1	1	1	1
EVL	HTATSF1	1	1	1	1
RAE1	PIK3C2B	1	1	1	1
STUB1	ABCF1	1	1	1	1
RPS6	PIK3C3	1	1	1	1
RPS6	MAT2A	1	1	1	1
RPS6	FPGS	1	1	1	1
RPS6	TXNRD1	1	1	1	1
RPS6	ERBB2	1	1	1	1
RPS6	SIRT3	1	1	1	1
RPS6	FASTKD5	1	1	1	1
RPS6	PCM1	1	1	1	1
EZH2	PEX11A	1	1	1	1
CREG1	PLA2G15	1	1	1	1
CLTC	PHKB	1	1	1	1
MIF	EDN1	1	1	1	1
TMCO1	CCNH	1	1	1	1
TMCO1	DDX10	1	1	1	1
TMCO1	CISD1	1	1	1	1
TMCO1	UTP14A	1	1	1	1
TMCO1	RBM15B	1	1	1	1
CDCA4	SMC3	1	1	1	1
CDCA4	PCM1	1	1	1	1
CHERP	ARFIP2	1	1	1	1
CHERP	EGR1	1	1	1	1
CLTB	CXCR4	1	1	1	1
BNIP3L	SPTAN1	1	1	1	1
MYCBP	NUDCD3	1	1	1	1
CPNE3	DYNLT3	1	1	1	1
CPNE3	NIT1	1	1	1	1
CPNE3	CTNNAL1	1	1	1	1
CPNE3	ARHGEF12	1	1	1	1
CPNE3	CENPE	1	1	1	1
CPNE3	CDKN1A	1	1	1	1
CPNE3	TRAM2	1	1	1	1
ALAS1	DENND2D	1	1	1	1
ALAS1	DUSP14	1	1	1	1
ALAS1	CTSD	1	1	1	1
GABPB1	ATP6V0B	1	1	1	1
MRPS2	ENOPH1	1	1	1	1
MRPS2	CDK6	1	1	1	1
MRPS2	ATP6V1D	1	1	1	1
DCUN1D4	LSM6	1	1	1	1
DCUN1D4	PMAIP1	1	1	1	1
DCUN1D4	HK1	1	1	1	1
TBC1D9B	SLC11A2	1	1	1	1
POP4	DNM1	1	1	1	1
POP4	PDS5A	1	1	1	1
POP4	CDK6	1	1	1	1
SENP6	SCP2	1	1	1	1
HOXA5	TPD52L2	1	1	1	1
HOXA5	PRKACA	1	1	1	1
DNAJB6	ADAT1	1	1	1	1
DNAJB6	CXCR4	1	1	1	1
DNAJB6	RPS6	1	1	1	1
DNAJB6	SLC35B1	1	1	1	1
DNAJB6	MYBL2	1	1	1	1
DNAJB6	NSDHL	1	1	1	1
DNAJB6	CCDC86	1	1	1	1
DNAJB6	SDHB	1	1	1	1
DNAJB6	SQSTM1	1	1	1	1
DNAJB6	PGAM1	1	1	1	1
DNAJB6	RAP1GAP	1	1	1	1
DNAJB6	C2CD2	1	1	1	1
RNMT	NENF	1	1	1	1
MAP2K5	PAN2	1	1	1	1
MAP2K5	RNH1	1	1	1	1
PPP2R5A	NFKB2	1	1	1	1
CRK	MYLK	1	1	1	1
CRK	SACM1L	1	1	1	1
CRK	BLCAP	1	1	1	1
PRSS23	ZNF451	1	1	1	1
PRSS23	DAXX	1	1	1	1
PRSS23	TERF2IP	1	1	1	1
TOMM70A	CTNND1	1	1	1	1
TOMM70A	SPAG7	1	1	1	1
TOMM70A	ICMT	1	1	1	1
TOMM70A	VPS28	1	1	1	1
NFKBIB	TWF2	1	1	1	1
NFKBIB	TSKU	1	1	1	1
TIMM17B	MICALL1	1	1	1	1
TIMM17B	INPP1	1	1	1	1
TIMM17B	SPRED2	1	1	1	1
FAS	DUSP14	1	1	1	1
MSH6	RASA1	1	1	1	1
DFFB	MYBL2	1	1	1	1
DFFB	C5	1	1	1	1
DFFB	ST7	1	1	1	1
DDIT4	MAN2B1	1	1	1	1
DDIT4	SMC4	1	1	1	1
BMP4	SHB	1	1	1	1
BMP4	RPS6KA1	1	1	1	1
BMP4	TCEAL4	1	1	1	1
BMP4	FAM20B	1	1	1	1
BMP4	CYTH1	1	1	1	1
BMP4	PTPN1	1	1	1	1
BMP4	FZD7	1	1	1	1
PSMD2	CAPN1	1	1	1	1
PSMD2	PCK2	1	1	1	1
PSMD2	P4HA2	1	1	1	1
MVP	ATP2C1	1	1	1	1
MYC	CASK	1	1	1	1
TGFBR2	ETFB	1	1	1	1
ATG3	NUP88	1	1	1	1
ATG3	MMP2	1	1	1	1
ATG3	PARP1	1	1	1	1
SMAD3	CCDC86	1	1	1	1
SMAD3	MBNL1	1	1	1	1
CASP10	SACM1L	1	1	1	1
IFRD2	SCP2	1	1	1	1
IFRD2	RAD51C	1	1	1	1
IFRD2	RNMT	1	1	1	1
IFRD2	PIGB	1	1	1	1
IFRD2	G3BP1	1	1	1	1
IFRD2	TERF2IP	1	1	1	1
IFRD2	ZW10	1	1	1	1
IFRD2	PCBD1	1	1	1	1
NIPSNAP1	LRP10	1	1	1	1
NIPSNAP1	OXA1L	1	1	1	1
ARHGEF12	PSMD2	1	1	1	1
PNP	CRYZ	1	1	1	1
PNP	DDX42	1	1	1	1
PNP	FKBP14	1	1	1	1
PNP	ECH1	1	1	1	1
CYB561	UTP14A	1	1	1	1
CYB561	PSMF1	1	1	1	1
CYB561	TPM1	1	1	1	1
CYB561	BIRC2	1	1	1	1
CYB561	FAS	1	1	1	1
CYB561	PCCB	1	1	1	1
CYB561	CHEK2	1	1	1	1
CYB561	XPO7	1	1	1	1
CYB561	HIF1A	1	1	1	1
CYB561	FOS	1	1	1	1
CYB561	SLC2A6	1	1	1	1
CYB561	SOX2	1	1	1	1
CYB561	CIAPIN1	1	1	1	1
CYB561	CCND3	1	1	1	1
CYB561	DDX42	1	1	1	1
CYB561	SPTLC2	1	1	1	1
CYB561	CHN1	1	1	1	1
CYB561	CDK4	1	1	1	1
CYB561	CAMSAP2	1	1	1	1
CBLB	PNP	1	1	1	1
PIK3C2B	ASCC3	1	1	1	1
MTA1	FAM57A	1	1	1	1
MTA1	MOK	1	1	1	1
ICAM3	POLB	1	1	1	1
ICAM3	PAF1	1	1	1	1
IDE	SYNGR3	1	1	1	1
IDE	TBC1D9B	1	1	1	1
IDE	HSPA1A	1	1	1	1
IDE	NUDT9	1	1	1	1
NSDHL	DUSP14	1	1	1	1
FBXL12	ELOVL6	1	1	1	1
FBXL12	MELK	1	1	1	1
FBXL12	PSIP1	1	1	1	1
TIPARP	HMOX1	1	1	1	1
TIPARP	WIPF2	1	1	1	1
TIPARP	CASP2	1	1	1	1
TIPARP	ATP2C1	1	1	1	1
TIPARP	DSG2	1	1	1	1
TIPARP	DDX10	1	1	1	1
TIPARP	PAK4	1	1	1	1
TIPARP	PSMB8	1	1	1	1
TIPARP	LYPLA1	1	1	1	1
TIPARP	PYGL	1	1	1	1
TIPARP	OXA1L	1	1	1	1
TIPARP	CHEK2	1	1	1	1
TIPARP	COG4	1	1	1	1
TIPARP	RTN2	1	1	1	1
TIPARP	ZNF589	1	1	1	1
TIPARP	TRAP1	1	1	1	1
TIPARP	EDEM1	1	1	1	1
TIPARP	APBB2	1	1	1	1
TIPARP	TBX2	1	1	1	1
TIPARP	TSC22D3	1	1	1	1
TIPARP	ADI1	1	1	1	1
TIPARP	DERA	1	1	1	1
TIPARP	PSMD10	1	1	1	1
TIPARP	ABHD6	1	1	1	1
TIPARP	CDK6	1	1	1	1
DAXX	BIRC5	1	1	1	1
DAXX	CLPX	1	1	1	1
DAXX	RNF167	1	1	1	1
ICAM1	ANXA7	1	1	1	1
ICAM1	MAP2K5	1	1	1	1
ICAM1	CHEK2	1	1	1	1
ICAM1	HIF1A	1	1	1	1
ICAM1	TES	1	1	1	1
PCCB	FBXO11	1	1	1	1
MELK	DDX10	1	1	1	1
MELK	MBNL1	1	1	1	1
ECD	DNM1	1	1	1	1
ECD	RUVBL1	1	1	1	1
ECD	ACOT9	1	1	1	1
CDC20	PACSIN3	1	1	1	1
CDC20	CAPN1	1	1	1	1
CDC20	ATG3	1	1	1	1
CDC20	BLCAP	1	1	1	1
CDC20	TRAPPC3	1	1	1	1
CDC20	PLOD3	1	1	1	1
CDC20	ALDOC	1	1	1	1
CDC20	RPS5	1	1	1	1
SCRN1	LSM6	1	1	1	1
RALA	ADH5	1	1	1	1
RALA	SKP1	1	1	1	1
RALA	HSPA4	1	1	1	1
POLG2	CALU	1	1	1	1
TWF2	ATP1B1	1	1	1	1
TWF2	HTATSF1	1	1	1	1
MRPS16	STAT3	1	1	1	1
MRPS16	SLC2A6	1	1	1	1
MRPS16	PCMT1	1	1	1	1
MRPS16	TBX2	1	1	1	1
MRPS16	MPZL1	1	1	1	1
MRPS16	HTRA1	1	1	1	1
MRPS16	TRAM2	1	1	1	1
G3BP1	FYN	1	1	1	1
G3BP1	ST6GALNAC2	1	1	1	1
G3BP1	ILK	1	1	1	1
G3BP1	ELAVL1	1	1	1	1
G3BP1	ERBB2	1	1	1	1
G3BP1	PARP1	1	1	1	1
UBQLN2	TP53BP1	1	1	1	1
UBQLN2	SCAND1	1	1	1	1
SLC25A46	RRP1B	1	1	1	1
MBTPS1	TOMM34	1	1	1	1
HK1	ZNF131	1	1	1	1
HK1	BDH1	1	1	1	1
HK1	POLG2	1	1	1	1
HK1	TIMM22	1	1	1	1
HK1	NCOA3	1	1	1	1
HK1	DNM1	1	1	1	1
HK1	NFKBIA	1	1	1	1
AGL	TMEM109	1	1	1	1
AGL	SPAG7	1	1	1	1
POLR2K	WIPF2	1	1	1	1
POLR2K	CASP2	1	1	1	1
POLR2K	ARHGEF2	1	1	1	1
POLR2K	IER3	1	1	1	1
POLR2K	ILK	1	1	1	1
POLR2K	TRIM2	1	1	1	1
POLR2K	P4HA2	1	1	1	1
PPP2R3C	EGF	1	1	1	1
ORC1	EIF4EBP1	1	1	1	1
ORC1	DYNLT3	1	1	1	1
ORC1	HMOX1	1	1	1	1
ORC1	TIMELESS	1	1	1	1
ORC1	ZNF131	1	1	1	1
ORC1	NIT1	1	1	1	1
ORC1	MICALL1	1	1	1	1
ORC1	EPN2	1	1	1	1
ORC1	DMTF1	1	1	1	1
ORC1	BZW2	1	1	1	1
ORC1	SCP2	1	1	1	1
ORC1	MLEC	1	1	1	1
ORC1	NOSIP	1	1	1	1
ORC1	NUCB2	1	1	1	1
ORC1	TMEM109	1	1	1	1
ORC1	RPL39L	1	1	1	1
ORC1	TPD52L2	1	1	1	1
ORC1	VAV3	1	1	1	1
ORC1	CDKN2A	1	1	1	1
ORC1	FEZ2	1	1	1	1
ORC1	ATF6	1	1	1	1
ORC1	DNAJA3	1	1	1	1
ORC1	IKBKB	1	1	1	1
ORC1	WASF3	1	1	1	1
ORC1	ETV1	1	1	1	1
ORC1	NRAS	1	1	1	1
ORC1	DNM1L	1	1	1	1
ORC1	TNFRSF21	1	1	1	1
ORC1	PIN1	1	1	1	1
ORC1	WFS1	1	1	1	1
ORC1	AURKA	1	1	1	1
ORC1	CD97	1	1	1	1
ORC1	SLC25A4	1	1	1	1
ORC1	ABCF1	1	1	1	1
ORC1	TCTN1	1	1	1	1
ORC1	MAMLD1	1	1	1	1
ORC1	UFM1	1	1	1	1
ORC1	PECR	1	1	1	1
ORC1	PRCP	1	1	1	1
ORC1	PPIC	1	1	1	1
ORC1	SESN1	1	1	1	1
ORC1	POLR1C	1	1	1	1
ORC1	BAG3	1	1	1	1
ORC1	NRIP1	1	1	1	1
ORC1	DDR1	1	1	1	1
ORC1	INPP1	1	1	1	1
ORC1	MYLK	1	1	1	1
ORC1	CERK	1	1	1	1
ORC1	SYNGR3	1	1	1	1
ORC1	PAN2	1	1	1	1
ORC1	MAP4K4	1	1	1	1
ORC1	RBM15B	1	1	1	1
ORC1	PAPD7	1	1	1	1
ORC1	RAB27A	1	1	1	1
ORC1	ARFIP2	1	1	1	1
ORC1	ABCC5	1	1	1	1
ORC1	LRRC41	1	1	1	1
ORC1	ZNF451	1	1	1	1
ORC1	STUB1	1	1	1	1
ORC1	CDCA4	1	1	1	1
ORC1	CLTB	1	1	1	1
ORC1	PDLIM1	1	1	1	1
ORC1	HMGCR	1	1	1	1
ORC1	BNIP3L	1	1	1	1
ORC1	MYCBP	1	1	1	1
ORC1	SLC35B1	1	1	1	1
ORC1	DNAJB6	1	1	1	1
ORC1	MAP2K5	1	1	1	1
ORC1	ADO	1	1	1	1
ORC1	PPP2R5A	1	1	1	1
ORC1	CRK	1	1	1	1
ORC1	PRSS23	1	1	1	1
ORC1	PYGL	1	1	1	1
ORC1	SMC3	1	1	1	1
ORC1	CASK	1	1	1	1
ORC1	PPP1R13B	1	1	1	1
ORC1	TFDP1	1	1	1	1
ORC1	NIPSNAP1	1	1	1	1
ORC1	CBLB	1	1	1	1
ORC1	GAA	1	1	1	1
ORC1	ICAM3	1	1	1	1
ORC1	ASAH1	1	1	1	1
ORC1	FBXL12	1	1	1	1
ORC1	LYN	1	1	1	1
ORC1	TIPARP	1	1	1	1
ORC1	TMEM97	1	1	1	1
ORC1	PIGB	1	1	1	1
ORC1	CDC20	1	1	1	1
ORC1	SNX11	1	1	1	1
ORC1	RALA	1	1	1	1
ORC1	TWF2	1	1	1	1
ORC1	MRPS16	1	1	1	1
ORC1	G3BP1	1	1	1	1
ORC1	ETS1	1	1	1	1
ORC1	MBTPS1	1	1	1	1
ORC1	CNDP2	1	1	1	1
ORC1	AGL	1	1	1	1
ORC1	PPP2R3C	1	1	1	1
ORC1	ORC1	1	1	1	1
ORC1	ADH5	1	1	1	1
ORC1	ZNF274	1	1	1	1
ORC1	TMED10	1	1	1	1
ORC1	FDFT1	1	1	1	1
ORC1	SLC37A4	1	1	1	1
ORC1	ARNT2	1	1	1	1
ORC1	CDK1	1	1	1	1
ORC1	BLCAP	1	1	1	1
ORC1	IL13RA1	1	1	1	1
ORC1	OXSR1	1	1	1	1
ORC1	CD58	1	1	1	1
ORC1	SATB1	1	1	1	1
ORC1	TATDN2	1	1	1	1
ORC1	TRAK2	1	1	1	1
ORC1	MAT2A	1	1	1	1
ORC1	TERF2IP	1	1	1	1
ORC1	FSD1	1	1	1	1
ORC1	RAB21	1	1	1	1
ORC1	CASP3	1	1	1	1
ORC1	PSMG1	1	1	1	1
ORC1	FIS1	1	1	1	1
ORC1	CCDC86	1	1	1	1
ORC1	EGR1	1	1	1	1
ORC1	BCL2	1	1	1	1
ORC1	TSTA3	1	1	1	1
ORC1	PTPRK	1	1	1	1
ORC1	XPO7	1	1	1	1
ORC1	FPGS	1	1	1	1
ORC1	CALU	1	1	1	1
ORC1	WRB	1	1	1	1
ORC1	CALM3	1	1	1	1
ORC1	ETFB	1	1	1	1
ORC1	AMDHD2	1	1	1	1
ORC1	NUSAP1	1	1	1	1
ORC1	RFC5	1	1	1	1
ORC1	ARHGEF2	1	1	1	1
ORC1	RHOA	1	1	1	1
ORC1	RPP38	1	1	1	1
ORC1	EBP	1	1	1	1
ORC1	TIMM22	1	1	1	1
ORC1	ATP6V0B	1	1	1	1
ORC1	SFN	1	1	1	1
ORC1	RALGDS	1	1	1	1
ORC1	CEP57	1	1	1	1
ORC1	ME2	1	1	1	1
ORC1	DUSP3	1	1	1	1
ORC1	CANT1	1	1	1	1
ORC1	IER3	1	1	1	1
ORC1	MTF2	1	1	1	1
ORC1	RTN2	1	1	1	1
ORC1	STAMBP	1	1	1	1
ORC1	SYPL1	1	1	1	1
ORC1	MAP3K4	1	1	1	1
ORC1	HN1L	1	1	1	1
ORC1	PTGS2	1	1	1	1
ORC1	HMGA2	1	1	1	1
ORC1	TP53	1	1	1	1
ORC1	ABL1	1	1	1	1
ORC1	BTK	1	1	1	1
ORC1	NARFL	1	1	1	1
ORC1	BUB1B	1	1	1	1
ORC1	PRUNE	1	1	1	1
ORC1	CCNA1	1	1	1	1
ORC1	SOX2	1	1	1	1
ORC1	BAX	1	1	1	1
ORC1	PRR15L	1	1	1	1
ORC1	RALB	1	1	1	1
ORC1	WDR7	1	1	1	1
ORC1	DUSP14	1	1	1	1
ORC1	PCMT1	1	1	1	1
ORC1	EIF4G1	1	1	1	1
ORC1	PCBD1	1	1	1	1
ORC1	MKNK1	1	1	1	1
ORC1	HSD17B11	1	1	1	1
ORC1	SLC35F2	1	1	1	1
ORC1	TCFL5	1	1	1	1
ORC1	METRN	1	1	1	1
ORC1	ACBD3	1	1	1	1
ORC1	SQRDL	1	1	1	1
ORC1	NPC1	1	1	1	1
ORC1	GFOD1	1	1	1	1
ORC1	RFC2	1	1	1	1
ORC1	BCL7B	1	1	1	1
ORC1	SMARCC1	1	1	1	1
ORC1	PPARG	1	1	1	1
ORC1	DNTTIP2	1	1	1	1
ORC1	RASA1	1	1	1	1
ORC1	DHDDS	1	1	1	1
ORC1	HSPA4	1	1	1	1
ORC1	MAPK13	1	1	1	1
ORC1	DNM1	1	1	1	1
ORC1	PMM2	1	1	1	1
ORC1	BACE2	1	1	1	1
ORC1	PROS1	1	1	1	1
ORC1	PGRMC1	1	1	1	1
ORC1	IKZF1	1	1	1	1
ORC1	ARPP19	1	1	1	1
ORC1	IGHMBP2	1	1	1	1
ORC1	PSMB10	1	1	1	1
ORC1	SMARCD2	1	1	1	1
ORC1	TM9SF2	1	1	1	1
ORC1	FBXO7	1	1	1	1
ORC1	RPS5	1	1	1	1
ORC1	MYCBP2	1	1	1	1
ORC1	CDC45	1	1	1	1
ORC1	RUVBL1	1	1	1	1
ORC1	RAP1GAP	1	1	1	1
ORC1	TSC22D3	1	1	1	1
ORC1	ERBB2	1	1	1	1
ORC1	SPDEF	1	1	1	1
ORC1	STAP2	1	1	1	1
ORC1	HSPB1	1	1	1	1
ORC1	FZD7	1	1	1	1
ORC1	TOR1A	1	1	1	1
ORC1	BLMH	1	1	1	1
ORC1	GADD45A	1	1	1	1
ORC1	PSMD10	1	1	1	1
ORC1	PDS5A	1	1	1	1
ORC1	SPTLC2	1	1	1	1
ORC1	MALT1	1	1	1	1
ORC1	DNAJB2	1	1	1	1
ORC1	ECH1	1	1	1	1
ORC1	ERBB3	1	1	1	1
ORC1	RRS1	1	1	1	1
ORC1	DCTD	1	1	1	1
ORC1	TFAP2A	1	1	1	1
ORC1	PLCB3	1	1	1	1
ORC1	ABHD6	1	1	1	1
ORC1	CDK4	1	1	1	1
ORC1	HOXA10	1	1	1	1
ORC1	TP53BP2	1	1	1	1
ORC1	RB1	1	1	1	1
ORC1	RFX5	1	1	1	1
ORC1	PRKX	1	1	1	1
ORC1	BAMBI	1	1	1	1
ORC1	CENPE	1	1	1	1
ORC1	ZNF318	1	1	1	1
ORC1	PPARD	1	1	1	1
ORC1	PRPF4	1	1	1	1
ORC1	MTFR1	1	1	1	1
ORC1	CDKN1A	1	1	1	1
ORC1	RELB	1	1	1	1
ORC1	TRAM2	1	1	1	1
ORC1	POLR2I	1	1	1	1
ORC1	XPNPEP1	1	1	1	1
ORC1	PAFAH1B1	1	1	1	1
ORC1	EPHB2	1	1	1	1
ORC1	CSRP1	1	1	1	1
IGF1R	TIMELESS	1	1	1	1
IGF1R	FAM69A	1	1	1	1
IGF1R	RPS6	1	1	1	1
IGF1R	SNX11	1	1	1	1
IGF1R	TSKU	1	1	1	1
IGF1R	CRTAP	1	1	1	1
IGF1R	TRIM2	1	1	1	1
IGF1R	TBX2	1	1	1	1
IGF1R	MPZL1	1	1	1	1
ADH5	SPTLC2	1	1	1	1
DLD	PTPN12	1	1	1	1
DLD	NISCH	1	1	1	1
DLD	MYC	1	1	1	1
DLD	DUSP14	1	1	1	1
OXA1L	CNOT4	1	1	1	1
ZNF274	OXSR1	1	1	1	1
TMED10	DYNLT3	1	1	1	1
TMED10	CDK7	1	1	1	1
TMED10	SPTLC2	1	1	1	1
STMN1	FAM57A	1	1	1	1
HMGCS1	MAPK1IP1L	1	1	1	1
HMGCS1	PDLIM1	1	1	1	1
HMGCS1	BIRC2	1	1	1	1
HMGCS1	ENOSF1	1	1	1	1
HMGCS1	SLC2A6	1	1	1	1
FDFT1	PMAIP1	1	1	1	1
ATMIN	UBE2C	1	1	1	1
ATMIN	DUSP14	1	1	1	1
ATMIN	GATA2	1	1	1	1
IKBKE	STUB1	1	1	1	1
ACAA1	NUP133	1	1	1	1
ACAA1	SLC25A46	1	1	1	1
ACAA1	TMED10	1	1	1	1
ACAA1	MYCBP2	1	1	1	1
OXCT1	EIF4EBP1	1	1	1	1
OXCT1	SCP2	1	1	1	1
OXCT1	PSMD2	1	1	1	1
OXCT1	CDK1	1	1	1	1
OXCT1	DYRK3	1	1	1	1
OXCT1	RAD9A	1	1	1	1
DYRK3	FOXO4	1	1	1	1
DYRK3	ABL1	1	1	1	1
DYRK3	DCK	1	1	1	1
STAT1	PFKL	1	1	1	1
STAT1	OXCT1	1	1	1	1
STAT1	COASY	1	1	1	1
PUF60	LRP10	1	1	1	1
PUF60	CTSD	1	1	1	1
C5	CHEK2	1	1	1	1
PIK3C3	CLSTN1	1	1	1	1
PIK3C3	CASP10	1	1	1	1
PIK3C3	POLG2	1	1	1	1
PIK3C3	PUF60	1	1	1	1
PIK3C3	ELAVL1	1	1	1	1
TRAPPC3	NENF	1	1	1	1
TRAPPC3	MYO10	1	1	1	1
TRAPPC3	DFFB	1	1	1	1
TRAPPC3	ARNT2	1	1	1	1
TRAPPC3	SKP1	1	1	1	1
TRAPPC3	CFLAR	1	1	1	1
BAD	TP53	1	1	1	1
MEST	DYNLT3	1	1	1	1
MEST	NUP88	1	1	1	1
MEST	POP4	1	1	1	1
MEST	POLD4	1	1	1	1
MEST	IGFBP3	1	1	1	1
MEST	PPP2R3C	1	1	1	1
MEST	ATMIN	1	1	1	1
MEST	BLCAP	1	1	1	1
MEST	DAG1	1	1	1	1
MEST	PRUNE	1	1	1	1
MEST	LSR	1	1	1	1
MEST	MYCBP2	1	1	1	1
MEST	TBX2	1	1	1	1
MEST	PLEKHM1	1	1	1	1
CD58	DMTF1	1	1	1	1
CD58	ARHGAP1	1	1	1	1
CD58	PRR7	1	1	1	1
CD58	CPNE3	1	1	1	1
CD58	PTPN6	1	1	1	1
CD58	TRAK2	1	1	1	1
CD58	EIF4G1	1	1	1	1
CD58	FAH	1	1	1	1
CD58	ZNF318	1	1	1	1
SATB1	FHL2	1	1	1	1
SATB1	BACE2	1	1	1	1
SATB1	COG7	1	1	1	1
SYNE2	COG4	1	1	1	1
STAT3	CSNK1E	1	1	1	1
STAT3	ARHGEF2	1	1	1	1
STAT3	TSC22D3	1	1	1	1
STAT3	FOXO3	1	1	1	1
BIRC5	BZW2	1	1	1	1
BIRC5	MKNK1	1	1	1	1
FHL2	SLC1A4	1	1	1	1
FHL2	BECN1	1	1	1	1
FHL2	SLC25A4	1	1	1	1
FHL2	YTHDF1	1	1	1	1
FHL2	IER3	1	1	1	1
SGCB	PPIE	1	1	1	1
TRAK2	NUP88	1	1	1	1
TRAK2	NFE2L2	1	1	1	1
TRAK2	TERF2IP	1	1	1	1
TRAK2	DNM1	1	1	1	1
TRAK2	S100A4	1	1	1	1
TRAK2	DCTD	1	1	1	1
MAT2A	SLC1A4	1	1	1	1
MAT2A	TCTN1	1	1	1	1
MAT2A	DNAJB6	1	1	1	1
MAT2A	RFC5	1	1	1	1
MAT2A	CIRBP	1	1	1	1
MAT2A	UBE2J1	1	1	1	1
MAT2A	MKNK1	1	1	1	1
MAT2A	NPC1	1	1	1	1
MAT2A	ARID5B	1	1	1	1
MAT2A	CCP110	1	1	1	1
MAT2A	BAMBI	1	1	1	1
NMT1	NCAPD2	1	1	1	1
TERF2IP	CHIC2	1	1	1	1
PRKACA	SOCS2	1	1	1	1
FSD1	CLTB	1	1	1	1
FSD1	OXA1L	1	1	1	1
FSD1	SMARCC1	1	1	1	1
SUZ12	DECR1	1	1	1	1
SUZ12	BHLHE40	1	1	1	1
CHEK2	CREB1	1	1	1	1
SHC1	UBE2C	1	1	1	1
ARID4B	SPR	1	1	1	1
ARID4B	ZNF451	1	1	1	1
ARID4B	CALM3	1	1	1	1
RRP12	ERO1L	1	1	1	1
PLP2	DMTF1	1	1	1	1
PLP2	ACAT2	1	1	1	1
PLP2	SCCPDH	1	1	1	1
PLP2	CALU	1	1	1	1
PLP2	CANT1	1	1	1	1
TIMM9	PHKB	1	1	1	1
ENOSF1	MICALL1	1	1	1	1
ENOSF1	MAPK9	1	1	1	1
ENOSF1	PRSS23	1	1	1	1
ENOSF1	TXLNA	1	1	1	1
ENOSF1	EPB41L2	1	1	1	1
ENOSF1	MAPK13	1	1	1	1
ENOSF1	ACD	1	1	1	1
ENOSF1	TES	1	1	1	1
MNAT1	SCARB1	1	1	1	1
MNAT1	TMEM2	1	1	1	1
EGR1	GABPB1	1	1	1	1
PSME1	PLOD3	1	1	1	1
PSME1	PXN	1	1	1	1
TBP	NOSIP	1	1	1	1
TBP	BAG3	1	1	1	1
TBP	NUSAP1	1	1	1	1
TBP	RSU1	1	1	1	1
TOP2A	TXNL4B	1	1	1	1
TOP2A	BUB1B	1	1	1	1
TSTA3	CASP10	1	1	1	1
TSTA3	TLR4	1	1	1	1
TSTA3	CDKN1A	1	1	1	1
TSTA3	SNCA	1	1	1	1
XPO7	RAD51C	1	1	1	1
XPO7	SERPINE1	1	1	1	1
XPO7	SSBP2	1	1	1	1
PRKCQ	PLA2G4A	1	1	1	1
PRKCQ	ILK	1	1	1	1
FPGS	LRPAP1	1	1	1	1
FPGS	LRRC16A	1	1	1	1
FPGS	TIMP2	1	1	1	1
FPGS	SOCS2	1	1	1	1
FPGS	PGRMC1	1	1	1	1
USP6NL	APP	1	1	1	1
USP6NL	ERBB3	1	1	1	1
SPTAN1	NISCH	1	1	1	1
SPTAN1	TIMM17B	1	1	1	1
SPTAN1	MEF2C	1	1	1	1
SPTAN1	PDS5A	1	1	1	1
C2CD2L	GFOD1	1	1	1	1
ZFP36	AARS	1	1	1	1
ZFP36	DYNLT3	1	1	1	1
ZFP36	NOSIP	1	1	1	1
ZFP36	EGF	1	1	1	1
ZFP36	TSEN2	1	1	1	1
ZFP36	RNPS1	1	1	1	1
ZFP36	TNIP1	1	1	1	1
ZFP36	SERPINE1	1	1	1	1
ZFP36	UTP14A	1	1	1	1
ZFP36	UBE2L6	1	1	1	1
ZFP36	TOPBP1	1	1	1	1
ZFP36	MIF	1	1	1	1
ZFP36	CHERP	1	1	1	1
ZFP36	CPNE3	1	1	1	1
ZFP36	POLD4	1	1	1	1
ZFP36	PSRC1	1	1	1	1
ZFP36	TGFBR2	1	1	1	1
ZFP36	SNX13	1	1	1	1
ZFP36	SRC	1	1	1	1
ZFP36	MBTPS1	1	1	1	1
ZFP36	CNDP2	1	1	1	1
ZFP36	ORC1	1	1	1	1
ZFP36	BLCAP	1	1	1	1
ZFP36	OXCT1	1	1	1	1
ZFP36	CNOT4	1	1	1	1
ZFP36	MEST	1	1	1	1
ZFP36	SGCB	1	1	1	1
ZFP36	CETN3	1	1	1	1
ZFP36	FIS1	1	1	1	1
ZFP36	PPIE	1	1	1	1
ZFP36	RPS6KA1	1	1	1	1
ZFP36	PIH1D1	1	1	1	1
ZFP36	XPO7	1	1	1	1
ZFP36	PRKCQ	1	1	1	1
ZFP36	RBM6	1	1	1	1
ZFP36	MRPL19	1	1	1	1
ZFP36	FAIM	1	1	1	1
ZFP36	TESK1	1	1	1	1
ZFP36	APP	1	1	1	1
ZFP36	USP1	1	1	1	1
ZFP36	IER3	1	1	1	1
ZFP36	BTK	1	1	1	1
ZFP36	NARFL	1	1	1	1
ZFP36	BAX	1	1	1	1
ZFP36	ZMYM2	1	1	1	1
ZFP36	PRR15L	1	1	1	1
ZFP36	PCBD1	1	1	1	1
ZFP36	SPAG4	1	1	1	1
ZFP36	PIP4K2B	1	1	1	1
ZFP36	CCND1	1	1	1	1
ZFP36	BLVRA	1	1	1	1
ZFP36	ARID5B	1	1	1	1
ZFP36	CCND3	1	1	1	1
ZFP36	BACE2	1	1	1	1
ZFP36	IKZF1	1	1	1	1
ZFP36	TBPL1	1	1	1	1
ZFP36	UBE3B	1	1	1	1
ZFP36	COG2	1	1	1	1
ZFP36	RUVBL1	1	1	1	1
ZFP36	ECH1	1	1	1	1
ZFP36	ERBB3	1	1	1	1
ZFP36	RNF167	1	1	1	1
ZFP36	PAF1	1	1	1	1
ZFP36	RFX5	1	1	1	1
ZFP36	CCNF	1	1	1	1
ZFP36	C2CD2	1	1	1	1
ZFP36	NOS3	1	1	1	1
ZFP36	THAP11	1	1	1	1
ZFP36	ATP11B	1	1	1	1
WRB	PPIC	1	1	1	1
ST3GAL5	BACE2	1	1	1	1
NT5DC2	C5	1	1	1	1
TXLNA	PSME2	1	1	1	1
TXLNA	USP14	1	1	1	1
TXLNA	ZNF274	1	1	1	1
TXLNA	RAB21	1	1	1	1
TXLNA	CRTAP	1	1	1	1
TXLNA	TOMM34	1	1	1	1
TXLNA	IGHMBP2	1	1	1	1
TXLNA	MACF1	1	1	1	1
TXLNA	TEX10	1	1	1	1
TXLNA	HTATSF1	1	1	1	1
SDHB	FAT1	1	1	1	1
SDHB	MAMLD1	1	1	1	1
SDHB	CLSTN1	1	1	1	1
SDHB	RBM15B	1	1	1	1
SDHB	C5	1	1	1	1
SDHB	PRKACA	1	1	1	1
SDHB	DAG1	1	1	1	1
SDHB	ARL4C	1	1	1	1
SDHB	FCHO1	1	1	1	1
SDHB	RRAGA	1	1	1	1
DAG1	MAMLD1	1	1	1	1
CHAC1	DYNLT3	1	1	1	1
ETFB	DECR1	1	1	1	1
ETFB	C5	1	1	1	1
FAM57A	NENF	1	1	1	1
HIF1A	DPH2	1	1	1	1
HIF1A	ERBB3	1	1	1	1
HIF1A	CEBPA	1	1	1	1
AMDHD2	EIF4EBP1	1	1	1	1
AMDHD2	DYNLT3	1	1	1	1
AMDHD2	HMOX1	1	1	1	1
AMDHD2	TIMELESS	1	1	1	1
AMDHD2	ZNF131	1	1	1	1
AMDHD2	NIT1	1	1	1	1
AMDHD2	EPN2	1	1	1	1
AMDHD2	SHB	1	1	1	1
AMDHD2	BZW2	1	1	1	1
AMDHD2	SCP2	1	1	1	1
AMDHD2	MLEC	1	1	1	1
AMDHD2	NOSIP	1	1	1	1
AMDHD2	NUCB2	1	1	1	1
AMDHD2	DDB2	1	1	1	1
AMDHD2	TMEM109	1	1	1	1
AMDHD2	RPL39L	1	1	1	1
AMDHD2	TPD52L2	1	1	1	1
AMDHD2	VAV3	1	1	1	1
AMDHD2	CDKN2A	1	1	1	1
AMDHD2	FEZ2	1	1	1	1
AMDHD2	ATF6	1	1	1	1
AMDHD2	YKT6	1	1	1	1
AMDHD2	IKBKB	1	1	1	1
AMDHD2	ETV1	1	1	1	1
AMDHD2	NRAS	1	1	1	1
AMDHD2	DNM1L	1	1	1	1
AMDHD2	TNFRSF21	1	1	1	1
AMDHD2	PIN1	1	1	1	1
AMDHD2	WFS1	1	1	1	1
AMDHD2	AURKA	1	1	1	1
AMDHD2	CD97	1	1	1	1
AMDHD2	TRIB3	1	1	1	1
AMDHD2	SLC25A4	1	1	1	1
AMDHD2	TCTN1	1	1	1	1
AMDHD2	UFM1	1	1	1	1
AMDHD2	PECR	1	1	1	1
AMDHD2	SERPINE1	1	1	1	1
AMDHD2	PRCP	1	1	1	1
AMDHD2	PPIC	1	1	1	1
AMDHD2	SESN1	1	1	1	1
AMDHD2	POLR1C	1	1	1	1
AMDHD2	BAG3	1	1	1	1
AMDHD2	NRIP1	1	1	1	1
AMDHD2	DDR1	1	1	1	1
AMDHD2	CXCL2	1	1	1	1
AMDHD2	MYLK	1	1	1	1
AMDHD2	CERK	1	1	1	1
AMDHD2	SYNGR3	1	1	1	1
AMDHD2	PAN2	1	1	1	1
AMDHD2	MAP4K4	1	1	1	1
AMDHD2	RBM15B	1	1	1	1
AMDHD2	PAPD7	1	1	1	1
AMDHD2	RAB27A	1	1	1	1
AMDHD2	ARFIP2	1	1	1	1
AMDHD2	ABCC5	1	1	1	1
AMDHD2	LRRC41	1	1	1	1
AMDHD2	ZNF451	1	1	1	1
AMDHD2	STUB1	1	1	1	1
AMDHD2	CDCA4	1	1	1	1
AMDHD2	CLTB	1	1	1	1
AMDHD2	PDLIM1	1	1	1	1
AMDHD2	HMGCR	1	1	1	1
AMDHD2	HYOU1	1	1	1	1
AMDHD2	BNIP3L	1	1	1	1
AMDHD2	MYCBP	1	1	1	1
AMDHD2	SLC35B1	1	1	1	1
AMDHD2	DNAJB6	1	1	1	1
AMDHD2	MAP2K5	1	1	1	1
AMDHD2	ADO	1	1	1	1
AMDHD2	PPP2R5A	1	1	1	1
AMDHD2	PYGL	1	1	1	1
AMDHD2	CASK	1	1	1	1
AMDHD2	PPP1R13B	1	1	1	1
AMDHD2	VAT1	1	1	1	1
AMDHD2	TFDP1	1	1	1	1
AMDHD2	CBLB	1	1	1	1
AMDHD2	ICAM3	1	1	1	1
AMDHD2	ASAH1	1	1	1	1
AMDHD2	FBXL12	1	1	1	1
AMDHD2	TIPARP	1	1	1	1
AMDHD2	DAXX	1	1	1	1
AMDHD2	TMEM97	1	1	1	1
AMDHD2	PIGB	1	1	1	1
AMDHD2	CDC20	1	1	1	1
AMDHD2	SNX11	1	1	1	1
AMDHD2	RALA	1	1	1	1
AMDHD2	TWF2	1	1	1	1
AMDHD2	MRPS16	1	1	1	1
AMDHD2	G3BP1	1	1	1	1
AMDHD2	ETS1	1	1	1	1
AMDHD2	MBTPS1	1	1	1	1
AMDHD2	CNDP2	1	1	1	1
AMDHD2	AGL	1	1	1	1
AMDHD2	PPP2R3C	1	1	1	1
AMDHD2	ORC1	1	1	1	1
AMDHD2	ADH5	1	1	1	1
AMDHD2	ZNF274	1	1	1	1
AMDHD2	TMED10	1	1	1	1
AMDHD2	FDFT1	1	1	1	1
AMDHD2	SLC37A4	1	1	1	1
AMDHD2	ARNT2	1	1	1	1
AMDHD2	CD320	1	1	1	1
AMDHD2	CDK1	1	1	1	1
AMDHD2	BLCAP	1	1	1	1
AMDHD2	CNOT4	1	1	1	1
AMDHD2	IL13RA1	1	1	1	1
AMDHD2	OXSR1	1	1	1	1
AMDHD2	CD58	1	1	1	1
AMDHD2	SATB1	1	1	1	1
AMDHD2	ATP1B1	1	1	1	1
AMDHD2	TRAK2	1	1	1	1
AMDHD2	TERF2IP	1	1	1	1
AMDHD2	FSD1	1	1	1	1
AMDHD2	PSMG1	1	1	1	1
AMDHD2	FIS1	1	1	1	1
AMDHD2	CCDC86	1	1	1	1
AMDHD2	EGR1	1	1	1	1
AMDHD2	BCL2	1	1	1	1
AMDHD2	PTPRK	1	1	1	1
AMDHD2	XPO7	1	1	1	1
AMDHD2	FPGS	1	1	1	1
AMDHD2	CALU	1	1	1	1
AMDHD2	WRB	1	1	1	1
AMDHD2	DAG1	1	1	1	1
AMDHD2	CALM3	1	1	1	1
AMDHD2	ETFB	1	1	1	1
AMDHD2	AMDHD2	1	1	1	1
AMDHD2	NUSAP1	1	1	1	1
AMDHD2	RFC5	1	1	1	1
AMDHD2	ARHGEF2	1	1	1	1
AMDHD2	RHOA	1	1	1	1
AMDHD2	RPP38	1	1	1	1
AMDHD2	ZNF395	1	1	1	1
AMDHD2	CPSF4	1	1	1	1
AMDHD2	EBP	1	1	1	1
AMDHD2	TIMM22	1	1	1	1
AMDHD2	ANKRD10	1	1	1	1
AMDHD2	ATP6V0B	1	1	1	1
AMDHD2	SFN	1	1	1	1
AMDHD2	RALGDS	1	1	1	1
AMDHD2	CEP57	1	1	1	1
AMDHD2	ME2	1	1	1	1
AMDHD2	DUSP3	1	1	1	1
AMDHD2	IER3	1	1	1	1
AMDHD2	MTF2	1	1	1	1
AMDHD2	RTN2	1	1	1	1
AMDHD2	STAMBP	1	1	1	1
AMDHD2	SYPL1	1	1	1	1
AMDHD2	MAP3K4	1	1	1	1
AMDHD2	HN1L	1	1	1	1
AMDHD2	PTGS2	1	1	1	1
AMDHD2	HMGA2	1	1	1	1
AMDHD2	TP53	1	1	1	1
AMDHD2	BTK	1	1	1	1
AMDHD2	NARFL	1	1	1	1
AMDHD2	BUB1B	1	1	1	1
AMDHD2	PRUNE	1	1	1	1
AMDHD2	CCNA1	1	1	1	1
AMDHD2	SOX2	1	1	1	1
AMDHD2	BAX	1	1	1	1
AMDHD2	PRR15L	1	1	1	1
AMDHD2	RALB	1	1	1	1
AMDHD2	WDR7	1	1	1	1
AMDHD2	DUSP14	1	1	1	1
AMDHD2	PCMT1	1	1	1	1
AMDHD2	EIF4G1	1	1	1	1
AMDHD2	PCBD1	1	1	1	1
AMDHD2	MKNK1	1	1	1	1
AMDHD2	HSD17B11	1	1	1	1
AMDHD2	TRAP1	1	1	1	1
AMDHD2	SPAG4	1	1	1	1
AMDHD2	TCFL5	1	1	1	1
AMDHD2	METRN	1	1	1	1
AMDHD2	YME1L1	1	1	1	1
AMDHD2	ACBD3	1	1	1	1
AMDHD2	SQRDL	1	1	1	1
AMDHD2	NPC1	1	1	1	1
AMDHD2	GFOD1	1	1	1	1
AMDHD2	BCL7B	1	1	1	1
AMDHD2	SMARCC1	1	1	1	1
AMDHD2	PPARG	1	1	1	1
AMDHD2	DNTTIP2	1	1	1	1
AMDHD2	RASA1	1	1	1	1
AMDHD2	DHDDS	1	1	1	1
AMDHD2	HSPA4	1	1	1	1
AMDHD2	MAPK13	1	1	1	1
AMDHD2	DNM1	1	1	1	1
AMDHD2	PMM2	1	1	1	1
AMDHD2	BACE2	1	1	1	1
AMDHD2	PROS1	1	1	1	1
AMDHD2	PGRMC1	1	1	1	1
AMDHD2	IKZF1	1	1	1	1
AMDHD2	ARPP19	1	1	1	1
AMDHD2	IGHMBP2	1	1	1	1
AMDHD2	CLIC4	1	1	1	1
AMDHD2	PSMB10	1	1	1	1
AMDHD2	SMARCD2	1	1	1	1
AMDHD2	TM9SF2	1	1	1	1
AMDHD2	RPS5	1	1	1	1
AMDHD2	MYCBP2	1	1	1	1
AMDHD2	CDC45	1	1	1	1
AMDHD2	RUVBL1	1	1	1	1
AMDHD2	RAP1GAP	1	1	1	1
AMDHD2	TSC22D3	1	1	1	1
AMDHD2	SPDEF	1	1	1	1
AMDHD2	STAP2	1	1	1	1
AMDHD2	HSPB1	1	1	1	1
AMDHD2	FZD7	1	1	1	1
AMDHD2	TOR1A	1	1	1	1
AMDHD2	BLMH	1	1	1	1
AMDHD2	GADD45A	1	1	1	1
AMDHD2	SPTLC2	1	1	1	1
AMDHD2	MALT1	1	1	1	1
AMDHD2	DNAJB2	1	1	1	1
AMDHD2	ECH1	1	1	1	1
AMDHD2	RRS1	1	1	1	1
AMDHD2	TFAP2A	1	1	1	1
AMDHD2	FASTKD5	1	1	1	1
AMDHD2	PLCB3	1	1	1	1
AMDHD2	ABHD6	1	1	1	1
AMDHD2	HOXA10	1	1	1	1
AMDHD2	TP53BP2	1	1	1	1
AMDHD2	RB1	1	1	1	1
AMDHD2	RFX5	1	1	1	1
AMDHD2	PRKX	1	1	1	1
AMDHD2	BAMBI	1	1	1	1
AMDHD2	CENPE	1	1	1	1
AMDHD2	ZNF318	1	1	1	1
AMDHD2	PPARD	1	1	1	1
AMDHD2	TMEM50A	1	1	1	1
AMDHD2	PRPF4	1	1	1	1
AMDHD2	MTFR1	1	1	1	1
AMDHD2	CDKN1A	1	1	1	1
AMDHD2	RELB	1	1	1	1
AMDHD2	TRAM2	1	1	1	1
AMDHD2	POLR2I	1	1	1	1
AMDHD2	XPNPEP1	1	1	1	1
AMDHD2	PAFAH1B1	1	1	1	1
AMDHD2	EPHB2	1	1	1	1
AMDHD2	CSRP1	1	1	1	1
NUSAP1	RAB27A	1	1	1	1
NUSAP1	SENP6	1	1	1	1
NUSAP1	ARID4B	1	1	1	1
NUSAP1	MLLT11	1	1	1	1
NUSAP1	MAPKAPK5	1	1	1	1
HS2ST1	DNM1L	1	1	1	1
HS2ST1	RFC2	1	1	1	1
HS2ST1	PGRMC1	1	1	1	1
HS2ST1	PRKX	1	1	1	1
TXNL4B	CGRRF1	1	1	1	1
RBM6	RRP1B	1	1	1	1
RBM6	IL4R	1	1	1	1
RBM6	TSEN2	1	1	1	1
RBM6	DDX42	1	1	1	1
RBM6	BHLHE40	1	1	1	1
RBM6	CAT	1	1	1	1
RBM6	BRCA1	1	1	1	1
RAD9A	TNFRSF21	1	1	1	1
RAD9A	SIRT3	1	1	1	1
RAD9A	TFAP2A	1	1	1	1
RAD9A	FOXJ3	1	1	1	1
YTHDF1	DNAJB6	1	1	1	1
YTHDF1	PDHX	1	1	1	1
YTHDF1	STAMBP	1	1	1	1
CPSF4	ATP6V0B	1	1	1	1
COG4	RNF167	1	1	1	1
DUSP11	MCM3	1	1	1	1
DUSP11	TIMM17B	1	1	1	1
DUSP11	GADD45B	1	1	1	1
DUSP11	DNMT3A	1	1	1	1
DUSP11	POLR2I	1	1	1	1
IKBKAP	NISCH	1	1	1	1
RRP8	SYNE2	1	1	1	1
UBE2C	TM9SF3	1	1	1	1
UBE2C	EPB41L2	1	1	1	1
UBE2C	VAPB	1	1	1	1
UBE2C	CDK6	1	1	1	1
SLC2A6	MAPK1IP1L	1	1	1	1
SLC2A6	TPM1	1	1	1	1
SLC2A6	POP4	1	1	1	1
SLC2A6	RPN1	1	1	1	1
SLC2A6	SFN	1	1	1	1
SLC2A6	SPAG4	1	1	1	1
SLC2A6	FZD7	1	1	1	1
SLC2A6	MALT1	1	1	1	1
MRPL19	EML3	1	1	1	1
MRPL19	CDK4	1	1	1	1
FAIM	CD320	1	1	1	1
FAIM	MAPKAPK2	1	1	1	1
FAIM	CLIC4	1	1	1	1
CCDC92	MAMLD1	1	1	1	1
CCDC92	REEP5	1	1	1	1
CCDC92	MYC	1	1	1	1
CCDC92	STX4	1	1	1	1
CCDC92	MAPK13	1	1	1	1
CCDC92	ZNF318	1	1	1	1
TESK1	CDKN2A	1	1	1	1
TESK1	BPHL	1	1	1	1
TESK1	HS2ST1	1	1	1	1
TESK1	FAM20B	1	1	1	1
TESK1	DNAJB2	1	1	1	1
EBP	PLA2G4A	1	1	1	1
ATP6V0B	FASTKD5	1	1	1	1
APP	ADCK3	1	1	1	1
APP	SLC5A6	1	1	1	1
APP	BZW2	1	1	1	1
APP	SLC35A1	1	1	1	1
APP	MTHFD2	1	1	1	1
APP	VAV3	1	1	1	1
APP	TNFRSF21	1	1	1	1
APP	CASP2	1	1	1	1
APP	PAFAH1B3	1	1	1	1
APP	DDX10	1	1	1	1
APP	PPIC	1	1	1	1
APP	CXCL2	1	1	1	1
APP	ZNF586	1	1	1	1
APP	CORO1A	1	1	1	1
APP	STX1A	1	1	1	1
APP	CPNE3	1	1	1	1
APP	GABPB1	1	1	1	1
APP	STK25	1	1	1	1
APP	CASP10	1	1	1	1
APP	ELAC2	1	1	1	1
APP	RFNG	1	1	1	1
APP	PPP2R3C	1	1	1	1
APP	CREB1	1	1	1	1
APP	EBNA1BP2	1	1	1	1
APP	PUF60	1	1	1	1
APP	BAD	1	1	1	1
APP	CETN3	1	1	1	1
APP	TRAK2	1	1	1	1
APP	YTHDF1	1	1	1	1
APP	DUSP11	1	1	1	1
APP	CEP57	1	1	1	1
APP	SLC27A3	1	1	1	1
APP	RASA1	1	1	1	1
APP	HSPA4	1	1	1	1
APP	TUBB6	1	1	1	1
APP	RNH1	1	1	1	1
APP	SMARCD2	1	1	1	1
APP	MYCBP2	1	1	1	1
APP	SCYL3	1	1	1	1
APP	VPS28	1	1	1	1
APP	ECH1	1	1	1	1
APP	RRS1	1	1	1	1
APP	STXBP2	1	1	1	1
APP	FOSL1	1	1	1	1
APP	CAT	1	1	1	1
APP	FAH	1	1	1	1
APP	RFX5	1	1	1	1
APP	PRKX	1	1	1	1
APP	ALDOA	1	1	1	1
APP	XPNPEP1	1	1	1	1
ST7	SCP2	1	1	1	1
ST7	TNFRSF21	1	1	1	1
ST7	SYNGR3	1	1	1	1
ST7	CSK	1	1	1	1
ST7	ARHGAP1	1	1	1	1
ST7	TMCO1	1	1	1	1
ST7	PKIG	1	1	1	1
ST7	PCCB	1	1	1	1
ST7	FPGS	1	1	1	1
ST7	ST3GAL5	1	1	1	1
ST7	RAD9A	1	1	1	1
ST7	PCK2	1	1	1	1
ST7	DNAJB2	1	1	1	1
ST7	ZNF318	1	1	1	1
SFN	AARS	1	1	1	1
SFN	NFKBIE	1	1	1	1
SFN	STXBP1	1	1	1	1
SFN	UBE3C	1	1	1	1
SFN	SLC5A6	1	1	1	1
SFN	CD44	1	1	1	1
SFN	DMTF1	1	1	1	1
SFN	BZW2	1	1	1	1
SFN	SCP2	1	1	1	1
SFN	PTPN12	1	1	1	1
SFN	GAPDH	1	1	1	1
SFN	SLC35A1	1	1	1	1
SFN	SLC1A4	1	1	1	1
SFN	TNFRSF21	1	1	1	1
SFN	AKAP8	1	1	1	1
SFN	CASP2	1	1	1	1
SFN	RAD51C	1	1	1	1
SFN	PAFAH1B3	1	1	1	1
SFN	DDX10	1	1	1	1
SFN	PPIC	1	1	1	1
SFN	SESN1	1	1	1	1
SFN	CXCL2	1	1	1	1
SFN	ZNF586	1	1	1	1
SFN	TSPAN3	1	1	1	1
SFN	PSMB8	1	1	1	1
SFN	SPR	1	1	1	1
SFN	CERK	1	1	1	1
SFN	BDH1	1	1	1	1
SFN	LYPLA1	1	1	1	1
SFN	PSMF1	1	1	1	1
SFN	LSM5	1	1	1	1
SFN	STX1A	1	1	1	1
SFN	ARHGAP1	1	1	1	1
SFN	PRR7	1	1	1	1
SFN	CPNE3	1	1	1	1
SFN	GFPT1	1	1	1	1
SFN	GABPB1	1	1	1	1
SFN	SLC25A14	1	1	1	1
SFN	POP4	1	1	1	1
SFN	MAP2K5	1	1	1	1
SFN	POLD4	1	1	1	1
SFN	AKR7A2	1	1	1	1
SFN	CYB561	1	1	1	1
SFN	PTPN6	1	1	1	1
SFN	LYN	1	1	1	1
SFN	ICAM1	1	1	1	1
SFN	POLG2	1	1	1	1
SFN	EXT1	1	1	1	1
SFN	PPP2R3C	1	1	1	1
SFN	NFE2L2	1	1	1	1
SFN	DECR1	1	1	1	1
SFN	CREB1	1	1	1	1
SFN	ATMIN	1	1	1	1
SFN	CD320	1	1	1	1
SFN	DYRK3	1	1	1	1
SFN	CETN3	1	1	1	1
SFN	TRAK2	1	1	1	1
SFN	MAT2A	1	1	1	1
SFN	TERF2IP	1	1	1	1
SFN	PSME1	1	1	1	1
SFN	FPGS	1	1	1	1
SFN	C2CD2L	1	1	1	1
SFN	ST3GAL5	1	1	1	1
SFN	ARHGEF2	1	1	1	1
SFN	BID	1	1	1	1
SFN	PIK3R3	1	1	1	1
SFN	COG4	1	1	1	1
SFN	APP	1	1	1	1
SFN	ST6GALNAC2	1	1	1	1
SFN	MAP3K4	1	1	1	1
SFN	PTGS2	1	1	1	1
SFN	TXNRD1	1	1	1	1
SFN	CFLAR	1	1	1	1
SFN	MEF2C	1	1	1	1
SFN	GDPD5	1	1	1	1
SFN	PCMT1	1	1	1	1
SFN	VGLL4	1	1	1	1
SFN	PIP4K2B	1	1	1	1
SFN	CHIC2	1	1	1	1
SFN	YME1L1	1	1	1	1
SFN	GFOD1	1	1	1	1
SFN	ANO10	1	1	1	1
SFN	SMARCC1	1	1	1	1
SFN	ELAVL1	1	1	1	1
SFN	RASA1	1	1	1	1
SFN	HSPA4	1	1	1	1
SFN	TUBB6	1	1	1	1
SFN	DNM1	1	1	1	1
SFN	CRKL	1	1	1	1
SFN	SMNDC1	1	1	1	1
SFN	SUPV3L1	1	1	1	1
SFN	PGAM1	1	1	1	1
SFN	ALDOC	1	1	1	1
SFN	SMARCD2	1	1	1	1
SFN	AURKB	1	1	1	1
SFN	TSPAN4	1	1	1	1
SFN	CTSD	1	1	1	1
SFN	EIF5	1	1	1	1
SFN	RAP1GAP	1	1	1	1
SFN	SCYL3	1	1	1	1
SFN	TBX2	1	1	1	1
SFN	MAPKAPK3	1	1	1	1
SFN	ACD	1	1	1	1
SFN	DDX42	1	1	1	1
SFN	SIRT3	1	1	1	1
SFN	DNAJB2	1	1	1	1
SFN	ECH1	1	1	1	1
SFN	GATA2	1	1	1	1
SFN	RRS1	1	1	1	1
SFN	STXBP2	1	1	1	1
SFN	RNF167	1	1	1	1
SFN	FOSL1	1	1	1	1
SFN	CAT	1	1	1	1
SFN	FAH	1	1	1	1
SFN	PRKX	1	1	1	1
SFN	ZNF318	1	1	1	1
SFN	CEBPA	1	1	1	1
SFN	MTFR1	1	1	1	1
SFN	DHX29	1	1	1	1
SFN	POLR2I	1	1	1	1
RALGDS	CDCA4	1	1	1	1
RALGDS	RBM6	1	1	1	1
RALGDS	RB1	1	1	1	1
RALGDS	CDKN1A	1	1	1	1
USP1	ECD	1	1	1	1
UBE2J1	TPD52L2	1	1	1	1
FKBP4	CTNNAL1	1	1	1	1
FKBP4	EGR1	1	1	1	1
ME2	CDK19	1	1	1	1
ME2	PAPD7	1	1	1	1
ME2	CDK2	1	1	1	1
ME2	RAE1	1	1	1	1
ME2	MRPS2	1	1	1	1
CCNB1	CHERP	1	1	1	1
CCNB1	PYGL	1	1	1	1
CCNB1	PKIG	1	1	1	1
CCNB1	RAB21	1	1	1	1
CCNB1	CYTH1	1	1	1	1
CCNB1	APBB2	1	1	1	1
CCNB1	HOXA10	1	1	1	1
CCNB1	XPNPEP1	1	1	1	1
DUSP3	BLCAP	1	1	1	1
TSPAN6	SNX11	1	1	1	1
MTF2	GFPT1	1	1	1	1
MTF2	RPS6KA1	1	1	1	1
P4HTM	NOSIP	1	1	1	1
P4HTM	STXBP2	1	1	1	1
VPS72	DCK	1	1	1	1
VPS72	RELB	1	1	1	1
TOMM34	SLC25A4	1	1	1	1
TOMM34	PDHX	1	1	1	1
TOMM34	IL1B	1	1	1	1
TOMM34	SMARCC1	1	1	1	1
STAMBP	ABCC5	1	1	1	1
SYPL1	MRPS16	1	1	1	1
SYPL1	SYNE2	1	1	1	1
SQSTM1	EPN2	1	1	1	1
HN1L	ETV1	1	1	1	1
HN1L	MAMLD1	1	1	1	1
HN1L	ALDOC	1	1	1	1
RPIA	CTNND1	1	1	1	1
RPIA	ABCF1	1	1	1	1
RPIA	ZMIZ1	1	1	1	1
RPIA	ADAM10	1	1	1	1
RPIA	TBC1D9B	1	1	1	1
RPIA	FBXL12	1	1	1	1
RPIA	RALA	1	1	1	1
RPIA	IKBKE	1	1	1	1
RPIA	CETN3	1	1	1	1
RPIA	FAM57A	1	1	1	1
RPIA	SYPL1	1	1	1	1
RPIA	ZNF589	1	1	1	1
RPIA	XPNPEP1	1	1	1	1
RPIA	NET1	1	1	1	1
CYTH1	FGFR2	1	1	1	1
CYTH1	PGAM1	1	1	1	1
CYTH1	PSMD10	1	1	1	1
TP53	DMTF1	1	1	1	1
TP53	RPL39L	1	1	1	1
TP53	CCNB2	1	1	1	1
TP53	CASP10	1	1	1	1
TP53	PKIG	1	1	1	1
TP53	CSNK1E	1	1	1	1
TP53	CYB561	1	1	1	1
TP53	POLR2K	1	1	1	1
TP53	HMGCS1	1	1	1	1
TP53	ARNT2	1	1	1	1
TP53	CD320	1	1	1	1
TP53	OXCT1	1	1	1	1
TP53	RRP12	1	1	1	1
TP53	PSME1	1	1	1	1
TP53	ZNF589	1	1	1	1
TP53	CCND1	1	1	1	1
TP53	GFOD1	1	1	1	1
TP53	TUBB6	1	1	1	1
TP53	CLIC4	1	1	1	1
TP53	SCYL3	1	1	1	1
TP53	RFX5	1	1	1	1
TP53	PPARD	1	1	1	1
SCARB1	PDHX	1	1	1	1
CFLAR	MTA1	1	1	1	1
CFLAR	RRS1	1	1	1	1
POLB	ZMIZ1	1	1	1	1
POLB	ZDHHC6	1	1	1	1
POLB	POLE2	1	1	1	1
POLB	ATP11B	1	1	1	1
BTK	AARS	1	1	1	1
NARFL	ATF1	1	1	1	1
NARFL	ZNF318	1	1	1	1
PLOD3	STK10	1	1	1	1
PLOD3	EIF4EBP1	1	1	1	1
PLOD3	AARS	1	1	1	1
PLOD3	CTNND1	1	1	1	1
PLOD3	LRPAP1	1	1	1	1
PLOD3	NIT1	1	1	1	1
PLOD3	PTPRF	1	1	1	1
PLOD3	TJP1	1	1	1	1
PLOD3	UBE3C	1	1	1	1
PLOD3	MCM3	1	1	1	1
PLOD3	SLC5A6	1	1	1	1
PLOD3	MLEC	1	1	1	1
PLOD3	TRIB1	1	1	1	1
PLOD3	CRYZ	1	1	1	1
PLOD3	MAPK1IP1L	1	1	1	1
PLOD3	NUP62	1	1	1	1
PLOD3	DDB2	1	1	1	1
PLOD3	GAPDH	1	1	1	1
PLOD3	LYRM1	1	1	1	1
PLOD3	SLC35A1	1	1	1	1
PLOD3	MTHFD2	1	1	1	1
PLOD3	SLC1A4	1	1	1	1
PLOD3	FEZ2	1	1	1	1
PLOD3	ATF6	1	1	1	1
PLOD3	DNM1L	1	1	1	1
PLOD3	TSEN2	1	1	1	1
PLOD3	EDN1	1	1	1	1
PLOD3	AURKA	1	1	1	1
PLOD3	HMG20B	1	1	1	1
PLOD3	TRIB3	1	1	1	1
PLOD3	CASP2	1	1	1	1
PLOD3	PACSIN3	1	1	1	1
PLOD3	SLC11A2	1	1	1	1
PLOD3	DDX10	1	1	1	1
PLOD3	PECR	1	1	1	1
PLOD3	PLSCR1	1	1	1	1
PLOD3	PWP1	1	1	1	1
PLOD3	SESN1	1	1	1	1
PLOD3	IGF2BP2	1	1	1	1
PLOD3	CLSTN1	1	1	1	1
PLOD3	CAST	1	1	1	1
PLOD3	USP14	1	1	1	1
PLOD3	CXCL2	1	1	1	1
PLOD3	TSPAN3	1	1	1	1
PLOD3	SPR	1	1	1	1
PLOD3	ACAT2	1	1	1	1
PLOD3	CERK	1	1	1	1
PLOD3	CXCR4	1	1	1	1
PLOD3	PAN2	1	1	1	1
PLOD3	BDH1	1	1	1	1
PLOD3	SPAG7	1	1	1	1
PLOD3	CSK	1	1	1	1
PLOD3	ABCC5	1	1	1	1
PLOD3	LRRC41	1	1	1	1
PLOD3	RPS6	1	1	1	1
PLOD3	LSM5	1	1	1	1
PLOD3	STX1A	1	1	1	1
PLOD3	ARHGAP1	1	1	1	1
PLOD3	CDCA4	1	1	1	1
PLOD3	BNIP3L	1	1	1	1
PLOD3	CPNE3	1	1	1	1
PLOD3	CD40	1	1	1	1
PLOD3	GABPB1	1	1	1	1
PLOD3	POP4	1	1	1	1
PLOD3	RNMT	1	1	1	1
PLOD3	MAP2K5	1	1	1	1
PLOD3	ADO	1	1	1	1
PLOD3	STK25	1	1	1	1
PLOD3	CNPY3	1	1	1	1
PLOD3	MSH6	1	1	1	1
PLOD3	SOX4	1	1	1	1
PLOD3	NUP133	1	1	1	1
PLOD3	PPP1R13B	1	1	1	1
PLOD3	HIST2H2BE	1	1	1	1
PLOD3	CDC25B	1	1	1	1
PLOD3	CHMP6	1	1	1	1
PLOD3	VAT1	1	1	1	1
PLOD3	CSNK1E	1	1	1	1
PLOD3	IFRD2	1	1	1	1
PLOD3	DUSP22	1	1	1	1
PLOD3	PNP	1	1	1	1
PLOD3	PTPN6	1	1	1	1
PLOD3	SRC	1	1	1	1
PLOD3	ICAM3	1	1	1	1
PLOD3	MELK	1	1	1	1
PLOD3	TMEM97	1	1	1	1
PLOD3	PIGB	1	1	1	1
PLOD3	GADD45B	1	1	1	1
PLOD3	PDHX	1	1	1	1
PLOD3	EGFR	1	1	1	1
PLOD3	CCNA2	1	1	1	1
PLOD3	ETS1	1	1	1	1
PLOD3	AGL	1	1	1	1
PLOD3	PPP2R3C	1	1	1	1
PLOD3	SCCPDH	1	1	1	1
PLOD3	ADH5	1	1	1	1
PLOD3	NFE2L2	1	1	1	1
PLOD3	DECR1	1	1	1	1
PLOD3	STMN1	1	1	1	1
PLOD3	FDFT1	1	1	1	1
PLOD3	CDK1	1	1	1	1
PLOD3	BLCAP	1	1	1	1
PLOD3	PEX11A	1	1	1	1
PLOD3	DYRK3	1	1	1	1
PLOD3	DNAJC15	1	1	1	1
PLOD3	OXSR1	1	1	1	1
PLOD3	ABHD4	1	1	1	1
PLOD3	MFSD10	1	1	1	1
PLOD3	NMT1	1	1	1	1
PLOD3	TERF2IP	1	1	1	1
PLOD3	FOXO4	1	1	1	1
PLOD3	PRKACA	1	1	1	1
PLOD3	SUZ12	1	1	1	1
PLOD3	BPHL	1	1	1	1
PLOD3	SHC1	1	1	1	1
PLOD3	ARID4B	1	1	1	1
PLOD3	ENOSF1	1	1	1	1
PLOD3	EGR1	1	1	1	1
PLOD3	BCL2	1	1	1	1
PLOD3	TSKU	1	1	1	1
PLOD3	RPS6KA1	1	1	1	1
PLOD3	AKT1	1	1	1	1
PLOD3	PIH1D1	1	1	1	1
PLOD3	TOP2A	1	1	1	1
PLOD3	PRKAG2	1	1	1	1
PLOD3	TCEAL4	1	1	1	1
PLOD3	ZW10	1	1	1	1
PLOD3	IL1B	1	1	1	1
PLOD3	XPO7	1	1	1	1
PLOD3	PRKCQ	1	1	1	1
PLOD3	CRTAP	1	1	1	1
PLOD3	CALU	1	1	1	1
PLOD3	DPH2	1	1	1	1
PLOD3	DAG1	1	1	1	1
PLOD3	TXNL4B	1	1	1	1
PLOD3	RFC5	1	1	1	1
PLOD3	FAM20B	1	1	1	1
PLOD3	CIRBP	1	1	1	1
PLOD3	YTHDF1	1	1	1	1
PLOD3	CPSF4	1	1	1	1
PLOD3	COG4	1	1	1	1
PLOD3	IKBKAP	1	1	1	1
PLOD3	TIMP2	1	1	1	1
PLOD3	TLR4	1	1	1	1
PLOD3	NCAPD2	1	1	1	1
PLOD3	SLC2A6	1	1	1	1
PLOD3	MRPL19	1	1	1	1
PLOD3	ANKRD10	1	1	1	1
PLOD3	APP	1	1	1	1
PLOD3	USP1	1	1	1	1
PLOD3	UBE2J1	1	1	1	1
PLOD3	MOK	1	1	1	1
PLOD3	CANT1	1	1	1	1
PLOD3	TSPAN6	1	1	1	1
PLOD3	MTF2	1	1	1	1
PLOD3	SYPL1	1	1	1	1
PLOD3	DUSP6	1	1	1	1
PLOD3	PLA2G15	1	1	1	1
PLOD3	TXNRD1	1	1	1	1
PLOD3	HMGA2	1	1	1	1
PLOD3	TP53	1	1	1	1
PLOD3	CFLAR	1	1	1	1
PLOD3	CCNA1	1	1	1	1
PLOD3	SOX2	1	1	1	1
PLOD3	DFFA	1	1	1	1
PLOD3	ICMT	1	1	1	1
PLOD3	TCTA	1	1	1	1
PLOD3	CIAPIN1	1	1	1	1
PLOD3	PIK3R4	1	1	1	1
PLOD3	VGLL4	1	1	1	1
PLOD3	TRAP1	1	1	1	1
PLOD3	RBKS	1	1	1	1
PLOD3	ACBD3	1	1	1	1
PLOD3	SQRDL	1	1	1	1
PLOD3	CHEK1	1	1	1	1
PLOD3	COPB2	1	1	1	1
PLOD3	SMARCC1	1	1	1	1
PLOD3	ELAVL1	1	1	1	1
PLOD3	PPARG	1	1	1	1
PLOD3	RSU1	1	1	1	1
PLOD3	RASA1	1	1	1	1
PLOD3	HSPA4	1	1	1	1
PLOD3	TUBB6	1	1	1	1
PLOD3	CCND3	1	1	1	1
PLOD3	DNM1	1	1	1	1
PLOD3	ZDHHC6	1	1	1	1
PLOD3	PMM2	1	1	1	1
PLOD3	PROS1	1	1	1	1
PLOD3	DCK	1	1	1	1
PLOD3	SOCS2	1	1	1	1
PLOD3	EDEM1	1	1	1	1
PLOD3	SCAND1	1	1	1	1
PLOD3	SUPV3L1	1	1	1	1
PLOD3	APBB2	1	1	1	1
PLOD3	RAB4A	1	1	1	1
PLOD3	TBPL1	1	1	1	1
PLOD3	PRKCD	1	1	1	1
PLOD3	CLIC4	1	1	1	1
PLOD3	TM9SF2	1	1	1	1
PLOD3	COG2	1	1	1	1
PLOD3	TMEM2	1	1	1	1
PLOD3	AKAP8L	1	1	1	1
PLOD3	RAP1GAP	1	1	1	1
PLOD3	ERBB2	1	1	1	1
PLOD3	MAPKAPK3	1	1	1	1
PLOD3	CDC25A	1	1	1	1
PLOD3	SORBS3	1	1	1	1
PLOD3	ACD	1	1	1	1
PLOD3	TES	1	1	1	1
PLOD3	FZD7	1	1	1	1
PLOD3	SPEN	1	1	1	1
PLOD3	DDX42	1	1	1	1
PLOD3	GADD45A	1	1	1	1
PLOD3	PDS5A	1	1	1	1
PLOD3	RRAGA	1	1	1	1
PLOD3	PLK1	1	1	1	1
PLOD3	MALT1	1	1	1	1
PLOD3	VAPB	1	1	1	1
PLOD3	CHN1	1	1	1	1
PLOD3	POLE2	1	1	1	1
PLOD3	STXBP2	1	1	1	1
PLOD3	EAPP	1	1	1	1
PLOD3	RNF167	1	1	1	1
PLOD3	ABHD6	1	1	1	1
PLOD3	SYK	1	1	1	1
PLOD3	PHKG2	1	1	1	1
PLOD3	RB1	1	1	1	1
PLOD3	PAF1	1	1	1	1
PLOD3	C2CD2	1	1	1	1
PLOD3	FOXJ3	1	1	1	1
PLOD3	EPRS	1	1	1	1
PLOD3	PRKX	1	1	1	1
PLOD3	SPP1	1	1	1	1
PLOD3	ZNF318	1	1	1	1
PLOD3	SMC1A	1	1	1	1
PLOD3	TMEM50A	1	1	1	1
PLOD3	CDKN1A	1	1	1	1
PLOD3	DHX29	1	1	1	1
PLOD3	POLR2I	1	1	1	1
PLOD3	SNCA	1	1	1	1
PLOD3	PAFAH1B1	1	1	1	1
PLOD3	FGFR4	1	1	1	1
PLOD3	CSRP1	1	1	1	1
PRUNE	IL4R	1	1	1	1
PRUNE	LYPLA1	1	1	1	1
PRUNE	TRAK2	1	1	1	1
PRUNE	TBP	1	1	1	1
SOX2	G3BP1	1	1	1	1
SOX2	CEP57	1	1	1	1
DFFA	CDC25B	1	1	1	1
DFFA	PPIE	1	1	1	1
RALB	B3GNT1	1	1	1	1
ZNF589	HMG20B	1	1	1	1
ZNF589	DPH2	1	1	1	1
ZNF589	TP53	1	1	1	1
ZNF589	PROS1	1	1	1	1
ZNF589	BRCA1	1	1	1	1
WDR7	BNIP3	1	1	1	1
WDR7	PMM2	1	1	1	1
TCTA	POLR2K	1	1	1	1
TCTA	ACAA1	1	1	1	1
TCTA	RASA1	1	1	1	1
EIF4G1	CLSTN1	1	1	1	1
EIF4G1	CCNB1	1	1	1	1
EIF4G1	PTPN1	1	1	1	1
EIF4G1	PLEKHM1	1	1	1	1
EIF4G1	C2CD2	1	1	1	1
PIK3R4	BLVRA	1	1	1	1
MKNK1	ELOVL6	1	1	1	1
MKNK1	NUP88	1	1	1	1
MKNK1	CTSD	1	1	1	1
VGLL4	MLEC	1	1	1	1
VGLL4	FYN	1	1	1	1
VGLL4	INPP1	1	1	1	1
VGLL4	PIK3C2B	1	1	1	1
VGLL4	SMC1A	1	1	1	1
HSD17B11	CCNB2	1	1	1	1
HSD17B11	SUPV3L1	1	1	1	1
TRAP1	GATA3	1	1	1	1
TRAP1	NR3C1	1	1	1	1
TRAP1	CHEK1	1	1	1	1
TRAP1	MCOLN1	1	1	1	1
SPAG4	MIF	1	1	1	1
CHIC2	RAE1	1	1	1	1
CHIC2	MBOAT7	1	1	1	1
CHIC2	STXBP2	1	1	1	1
SLC35F2	INPP4B	1	1	1	1
SLC35F2	LRP10	1	1	1	1
SLC35F2	APPBP2	1	1	1	1
SLC35F2	SPAG7	1	1	1	1
SLC35F2	ALAS1	1	1	1	1
SLC35F2	RRP12	1	1	1	1
SLC35F2	CEP57	1	1	1	1
SLC35F2	RAI14	1	1	1	1
SLC35F2	TARBP1	1	1	1	1
SLC35F2	USP7	1	1	1	1
SLC35F2	DNMT1	1	1	1	1
SLC35F2	ATP6V1D	1	1	1	1
TCFL5	RAB11FIP2	1	1	1	1
TCFL5	PMAIP1	1	1	1	1
TCFL5	ICAM1	1	1	1	1
TCFL5	RRP8	1	1	1	1
TCFL5	CCND1	1	1	1	1
TCFL5	ELAVL1	1	1	1	1
TCFL5	P4HA2	1	1	1	1
TCFL5	PAFAH1B1	1	1	1	1
APOE	RBM15B	1	1	1	1
APOE	HK1	1	1	1	1
CCND1	MYO10	1	1	1	1
CCND1	TP53	1	1	1	1
METRN	PSIP1	1	1	1	1
YME1L1	MBNL2	1	1	1	1
YME1L1	PMAIP1	1	1	1	1
YME1L1	TMCO1	1	1	1	1
YME1L1	B3GNT1	1	1	1	1
YME1L1	SMC4	1	1	1	1
EPB41L2	SIRT3	1	1	1	1
EPB41L2	CBR1	1	1	1	1
BLVRA	ACLY	1	1	1	1
BLVRA	PLA2G4A	1	1	1	1
BLVRA	TM9SF3	1	1	1	1
BLVRA	CLTB	1	1	1	1
BLVRA	MYC	1	1	1	1
CSNK1A1	PMAIP1	1	1	1	1
CSNK1A1	CCNB2	1	1	1	1
CSNK1A1	PKIG	1	1	1	1
CSNK1A1	ARNT2	1	1	1	1
CSNK1A1	OXCT1	1	1	1	1
CSNK1A1	CNOT4	1	1	1	1
CSNK1A1	RRP12	1	1	1	1
CSNK1A1	FAIM	1	1	1	1
CSNK1A1	PCK2	1	1	1	1
CHEK1	WFS1	1	1	1	1
CHEK1	SLC37A4	1	1	1	1
CHEK1	TSPAN6	1	1	1	1
CHEK1	HSPA4	1	1	1	1
CHEK1	ACOT9	1	1	1	1
COPB2	PRAF2	1	1	1	1
COPB2	PIP4K2B	1	1	1	1
RFC2	NOL3	1	1	1	1
RFC2	TM9SF2	1	1	1	1
ANO10	NFKB2	1	1	1	1
ANO10	GAA	1	1	1	1
ANO10	CCND3	1	1	1	1
ANO10	SMARCD2	1	1	1	1
SMARCC1	GATA3	1	1	1	1
SMARCC1	SLC5A6	1	1	1	1
SMARCC1	MAPK1IP1L	1	1	1	1
SMARCC1	TM9SF3	1	1	1	1
SMARCC1	PLSCR1	1	1	1	1
SMARCC1	WDTC1	1	1	1	1
SMARCC1	ZNF586	1	1	1	1
SMARCC1	ARFIP2	1	1	1	1
SMARCC1	RPS6	1	1	1	1
SMARCC1	SACM1L	1	1	1	1
SMARCC1	SMC3	1	1	1	1
SMARCC1	CBLB	1	1	1	1
SMARCC1	ICAM3	1	1	1	1
SMARCC1	DNMT3A	1	1	1	1
SMARCC1	FDFT1	1	1	1	1
SMARCC1	BLCAP	1	1	1	1
SMARCC1	STAT1	1	1	1	1
SMARCC1	SMARCA4	1	1	1	1
SMARCC1	PRKACA	1	1	1	1
SMARCC1	PSME1	1	1	1	1
SMARCC1	PRKAG2	1	1	1	1
SMARCC1	COG4	1	1	1	1
SMARCC1	MOK	1	1	1	1
SMARCC1	POLB	1	1	1	1
SMARCC1	DFFA	1	1	1	1
SMARCC1	LSR	1	1	1	1
SMARCC1	CCND1	1	1	1	1
SMARCC1	YME1L1	1	1	1	1
SMARCC1	CSNK1A1	1	1	1	1
SMARCC1	DNM1	1	1	1	1
SMARCC1	EIF5	1	1	1	1
SMARCC1	SYK	1	1	1	1
SMARCC1	RB1	1	1	1	1
SMARCC1	MTFR1	1	1	1	1
RASA1	MYCBP	1	1	1	1
RASA1	PIK3C2B	1	1	1	1
NCOA3	CYTH1	1	1	1	1
ARID5B	EIF4EBP1	1	1	1	1
ARID5B	SERPINE1	1	1	1	1
ARID5B	TRAPPC6A	1	1	1	1
ARID5B	RPP38	1	1	1	1
ARID5B	APP	1	1	1	1
MAPK13	PDIA5	1	1	1	1
MAPK13	PMAIP1	1	1	1	1
DCK	AARS	1	1	1	1
DCK	SESN1	1	1	1	1
DCK	LRRC16A	1	1	1	1
DCK	ATMIN	1	1	1	1
DCK	IKBKE	1	1	1	1
EDEM1	CDK2	1	1	1	1
EDEM1	OXCT1	1	1	1	1
EDEM1	SMARCA4	1	1	1	1
EDEM1	FAM20B	1	1	1	1
EDEM1	ANO10	1	1	1	1
SCAND1	MAPK1IP1L	1	1	1	1
IKZF1	CISD1	1	1	1	1
IKZF1	APP	1	1	1	1
APBB2	WRB	1	1	1	1
IGHMBP2	CCNA2	1	1	1	1
IGHMBP2	PIP4K2B	1	1	1	1
RAB4A	SLC5A6	1	1	1	1
RAB4A	EGF	1	1	1	1
RAB4A	AKAP8	1	1	1	1
RAB4A	TSPAN3	1	1	1	1
RAB4A	POLR2K	1	1	1	1
RAB4A	STX4	1	1	1	1
RAB4A	CCNB1	1	1	1	1
RAB4A	TOMM34	1	1	1	1
RAB4A	PGM1	1	1	1	1
RAB4A	BLMH	1	1	1	1
TBPL1	ST3GAL5	1	1	1	1
CDC42	SQSTM1	1	1	1	1
DRAP1	TOMM70A	1	1	1	1
DRAP1	DFFB	1	1	1	1
DRAP1	PRKACA	1	1	1	1
UBE3B	RAB21	1	1	1	1
UBE3B	PAFAH1B1	1	1	1	1
CCP110	ATP5S	1	1	1	1
CLIC4	PLA2G4A	1	1	1	1
CLIC4	SNX13	1	1	1	1
CLIC4	DNMT3A	1	1	1	1
CLIC4	CRELD2	1	1	1	1
CLIC4	SMARCD2	1	1	1	1
CLIC4	C2CD2	1	1	1	1
MAP7	PDLIM1	1	1	1	1
FBXO7	CXCL2	1	1	1	1
FBXO7	NUP133	1	1	1	1
FBXO7	MYC	1	1	1	1
FBXO7	ARPP19	1	1	1	1
CAB39	ST3GAL5	1	1	1	1
CTSD	CDK7	1	1	1	1
CTSD	DDR1	1	1	1	1
CTSD	IGFBP3	1	1	1	1
CTSD	CTSD	1	1	1	1
CTSD	MPZL1	1	1	1	1
EIF5	TXNDC9	1	1	1	1
EIF5	G3BP1	1	1	1	1
EIF5	DRAP1	1	1	1	1
TMEM2	POLE2	1	1	1	1
TMEM2	ATP5S	1	1	1	1
AKAP8L	SOX2	1	1	1	1
USP7	PAK1	1	1	1	1
USP7	PFKL	1	1	1	1
USP7	BIRC2	1	1	1	1
USP7	BMP4	1	1	1	1
USP7	IL1B	1	1	1	1
USP7	FAIM	1	1	1	1
USP7	ICMT	1	1	1	1
USP7	RAI14	1	1	1	1
USP7	MSRA	1	1	1	1
SCYL3	NENF	1	1	1	1
SCYL3	WIPF2	1	1	1	1
SCYL3	FBXO11	1	1	1	1
SCYL3	SLC5A6	1	1	1	1
SCYL3	CD44	1	1	1	1
SCYL3	NUP62	1	1	1	1
SCYL3	SLC35A1	1	1	1	1
SCYL3	GALE	1	1	1	1
SCYL3	VAV3	1	1	1	1
SCYL3	PTK2B	1	1	1	1
SCYL3	ELOVL6	1	1	1	1
SCYL3	HOOK2	1	1	1	1
SCYL3	SLC11A2	1	1	1	1
SCYL3	RAD51C	1	1	1	1
SCYL3	TCTN1	1	1	1	1
SCYL3	DDX10	1	1	1	1
SCYL3	PECR	1	1	1	1
SCYL3	PLSCR1	1	1	1	1
SCYL3	USP14	1	1	1	1
SCYL3	CERK	1	1	1	1
SCYL3	SYNGR3	1	1	1	1
SCYL3	REEP5	1	1	1	1
SCYL3	CORO1A	1	1	1	1
SCYL3	PMAIP1	1	1	1	1
SCYL3	CCNB2	1	1	1	1
SCYL3	ARHGAP1	1	1	1	1
SCYL3	LRRC16A	1	1	1	1
SCYL3	TMCO1	1	1	1	1
SCYL3	GFPT1	1	1	1	1
SCYL3	SLC25A14	1	1	1	1
SCYL3	PSMD2	1	1	1	1
SCYL3	PSRC1	1	1	1	1
SCYL3	SMAD3	1	1	1	1
SCYL3	PIK3C2B	1	1	1	1
SCYL3	LYN	1	1	1	1
SCYL3	TIPARP	1	1	1	1
SCYL3	ICAM1	1	1	1	1
SCYL3	TMEM97	1	1	1	1
SCYL3	POLG2	1	1	1	1
SCYL3	UBQLN2	1	1	1	1
SCYL3	PPP2R3C	1	1	1	1
SCYL3	ZNF274	1	1	1	1
SCYL3	TMED10	1	1	1	1
SCYL3	ARNT2	1	1	1	1
SCYL3	OXCT1	1	1	1	1
SCYL3	PEX11A	1	1	1	1
SCYL3	OXSR1	1	1	1	1
SCYL3	CLPX	1	1	1	1
SCYL3	FHL2	1	1	1	1
SCYL3	PPOX	1	1	1	1
SCYL3	PSIP1	1	1	1	1
SCYL3	RRP12	1	1	1	1
SCYL3	PSME1	1	1	1	1
SCYL3	TBP	1	1	1	1
SCYL3	XPO7	1	1	1	1
SCYL3	FPGS	1	1	1	1
SCYL3	CHAC1	1	1	1	1
SCYL3	CALM3	1	1	1	1
SCYL3	FAM20B	1	1	1	1
SCYL3	ARHGEF2	1	1	1	1
SCYL3	FAM63A	1	1	1	1
SCYL3	SNX7	1	1	1	1
SCYL3	RPN1	1	1	1	1
SCYL3	SSBP2	1	1	1	1
SCYL3	ST7	1	1	1	1
SCYL3	B3GNT1	1	1	1	1
SCYL3	SQSTM1	1	1	1	1
SCYL3	PLA2G15	1	1	1	1
SCYL3	SCARB1	1	1	1	1
SCYL3	PIK3CA	1	1	1	1
SCYL3	ZMYM2	1	1	1	1
SCYL3	ZNF589	1	1	1	1
SCYL3	GDPD5	1	1	1	1
SCYL3	EIF4G1	1	1	1	1
SCYL3	GFOD1	1	1	1	1
SCYL3	CHEK1	1	1	1	1
SCYL3	RFC2	1	1	1	1
SCYL3	PTPN1	1	1	1	1
SCYL3	TUBB6	1	1	1	1
SCYL3	PSMB10	1	1	1	1
SCYL3	SMARCD2	1	1	1	1
SCYL3	TM9SF2	1	1	1	1
SCYL3	EIF5	1	1	1	1
SCYL3	RAP1GAP	1	1	1	1
SCYL3	TBX2	1	1	1	1
SCYL3	CBR3	1	1	1	1
SCYL3	PARP1	1	1	1	1
SCYL3	NUP93	1	1	1	1
SCYL3	MBNL1	1	1	1	1
SCYL3	VPS28	1	1	1	1
SCYL3	GADD45A	1	1	1	1
SCYL3	PSMD10	1	1	1	1
SCYL3	PDS5A	1	1	1	1
SCYL3	PHKB	1	1	1	1
SCYL3	GATA2	1	1	1	1
SCYL3	RRS1	1	1	1	1
SCYL3	POLE2	1	1	1	1
SCYL3	FASTKD5	1	1	1	1
SCYL3	FOXO3	1	1	1	1
SCYL3	CDK4	1	1	1	1
SCYL3	FAH	1	1	1	1
SCYL3	RB1	1	1	1	1
SCYL3	MPZL1	1	1	1	1
SCYL3	PRKX	1	1	1	1
SCYL3	BAMBI	1	1	1	1
SCYL3	PPARD	1	1	1	1
SCYL3	PRPF4	1	1	1	1
SCYL3	POLR2I	1	1	1	1
SCYL3	NET1	1	1	1	1
SCYL3	PAFAH1B1	1	1	1	1
AXIN1	CRK	1	1	1	1
TBX2	PTPRF	1	1	1	1
TBX2	NCAPD2	1	1	1	1
TBX2	NARFL	1	1	1	1
HPRT1	TMEM109	1	1	1	1
HPRT1	COPS7A	1	1	1	1
HPRT1	CFLAR	1	1	1	1
HPRT1	TUBB6	1	1	1	1
SPRED2	SESN1	1	1	1	1
PHGDH	PNP	1	1	1	1
TSC22D3	CDK2	1	1	1	1
SPDEF	MAPK1IP1L	1	1	1	1
SPDEF	SPAG7	1	1	1	1
SPDEF	EGR1	1	1	1	1
SPDEF	CIRBP	1	1	1	1
SPDEF	SPRED2	1	1	1	1
SORBS3	IFRD2	1	1	1	1
SORBS3	TXLNA	1	1	1	1
STAP2	DYNLT3	1	1	1	1
STAP2	BIRC5	1	1	1	1
STAP2	STX4	1	1	1	1
STAP2	MTF2	1	1	1	1
STAP2	HSD17B11	1	1	1	1
STAP2	ZNF318	1	1	1	1
ACD	MAPK9	1	1	1	1
ACD	PAK1	1	1	1	1
ACD	MMP2	1	1	1	1
ACD	PSMG1	1	1	1	1
ACD	PLOD3	1	1	1	1
ACD	RNH1	1	1	1	1
ACD	PLEKHM1	1	1	1	1
TES	SKIV2L	1	1	1	1
PARP1	NUP62	1	1	1	1
COG7	MEST	1	1	1	1
VPS28	ABCF1	1	1	1	1
VPS28	TCTN1	1	1	1	1
VPS28	ASAH1	1	1	1	1
VPS28	UBE3B	1	1	1	1
VPS28	BLMH	1	1	1	1
VPS28	COG7	1	1	1	1
GADD45A	MAPK1IP1L	1	1	1	1
PSMD10	PSME2	1	1	1	1
PSMD10	TBC1D9B	1	1	1	1
PSMD10	MSH6	1	1	1	1
PSMD10	RAB4A	1	1	1	1
PSMD10	TSPAN4	1	1	1	1
PSMD10	PDS5A	1	1	1	1
PSMD10	CCNF	1	1	1	1
PDS5A	NIPSNAP1	1	1	1	1
PDS5A	POLB	1	1	1	1
SIRT3	DSG2	1	1	1	1
SIRT3	NT5DC2	1	1	1	1
SIRT3	RBM6	1	1	1	1
SIRT3	EPB41L2	1	1	1	1
SIRT3	P4HA2	1	1	1	1
SIRT3	HTRA1	1	1	1	1
SPTLC2	CALU	1	1	1	1
SPTLC2	TIMM22	1	1	1	1
SPTLC2	ZMYM2	1	1	1	1
SPTLC2	FZD1	1	1	1	1
DNAJB2	NUP85	1	1	1	1
DNAJB2	TCFL5	1	1	1	1
ECH1	BZW2	1	1	1	1
ECH1	SLC1A4	1	1	1	1
ECH1	DNAJB6	1	1	1	1
ECH1	CDC20	1	1	1	1
ECH1	ST6GALNAC2	1	1	1	1
ECH1	DUSP14	1	1	1	1
ECH1	TUBB6	1	1	1	1
ECH1	MAPK13	1	1	1	1
ECH1	NOTCH1	1	1	1	1
DCTD	TXNRD1	1	1	1	1
STXBP2	SLC35B1	1	1	1	1
STXBP2	IDE	1	1	1	1
STXBP2	RBM6	1	1	1	1
STXBP2	TIMP2	1	1	1	1
STXBP2	GFOD1	1	1	1	1
STXBP2	DHRS7	1	1	1	1
STXBP2	NFIL3	1	1	1	1
EAPP	ERO1L	1	1	1	1
EAPP	ATP6V1D	1	1	1	1
FOSL1	TATDN2	1	1	1	1
PLCB3	MTF2	1	1	1	1
FOXO3	NOSIP	1	1	1	1
FOXO3	ABCF1	1	1	1	1
FOXO3	CLSTN1	1	1	1	1
FOXO3	UBQLN2	1	1	1	1
FOXO3	TLE1	1	1	1	1
FOXO3	APP	1	1	1	1
FOXO3	PXN	1	1	1	1
FOXO3	ALDOC	1	1	1	1
FOXO3	TBPL1	1	1	1	1
FOXO3	CDC42	1	1	1	1
FOXO3	CHN1	1	1	1	1
BRCA1	ICAM3	1	1	1	1
PHKG2	DSG2	1	1	1	1
PHKG2	TSKU	1	1	1	1
PHKG2	METRN	1	1	1	1
PHKG2	NUDT9	1	1	1	1
TP53BP2	BLCAP	1	1	1	1
TP53BP2	FIS1	1	1	1	1
TP53BP2	GDPD5	1	1	1	1
TP53BP2	AURKB	1	1	1	1
CCNF	CTNND1	1	1	1	1
CCNF	MAN2B1	1	1	1	1
CCNF	CXCR4	1	1	1	1
CCNF	ABCC5	1	1	1	1
CCNF	GFPT1	1	1	1	1
CCNF	FOXO4	1	1	1	1
CCNF	VGLL4	1	1	1	1
CCNF	PLK1	1	1	1	1
SKIV2L	TM9SF3	1	1	1	1
MPZL1	CGRRF1	1	1	1	1
MPZL1	YTHDF1	1	1	1	1
FOXJ3	LRRC41	1	1	1	1
FOXJ3	MMP2	1	1	1	1
FOXJ3	PPP1R13B	1	1	1	1
FOXJ3	ICAM1	1	1	1	1
FOXJ3	EXT1	1	1	1	1
FOXJ3	EIF5	1	1	1	1
FOXJ3	CAT	1	1	1	1
EPRS	FIS1	1	1	1	1
CENPE	PACSIN3	1	1	1	1
NOS3	SCP2	1	1	1	1
NOS3	PTPN12	1	1	1	1
NOS3	DDB2	1	1	1	1
NOS3	VAV3	1	1	1	1
NOS3	NRAS	1	1	1	1
NOS3	CXCR4	1	1	1	1
NOS3	LYPLA1	1	1	1	1
NOS3	ABCC5	1	1	1	1
NOS3	EVL	1	1	1	1
NOS3	STUB1	1	1	1	1
NOS3	EZH2	1	1	1	1
NOS3	SENP6	1	1	1	1
NOS3	MSH6	1	1	1	1
NOS3	DDIT4	1	1	1	1
NOS3	RALA	1	1	1	1
NOS3	SGCB	1	1	1	1
NOS3	TXNL4B	1	1	1	1
NOS3	MAPKAPK2	1	1	1	1
NOS3	PCK2	1	1	1	1
NOS3	SPAG4	1	1	1	1
NOS3	CHEK1	1	1	1	1
NOS3	CCND3	1	1	1	1
NOS3	NOLC1	1	1	1	1
NOS3	PLS1	1	1	1	1
NOS3	PGM1	1	1	1	1
NOS3	AURKB	1	1	1	1
NOS3	USP7	1	1	1	1
NOS3	GATA2	1	1	1	1
NOS3	CAT	1	1	1	1
NOS3	CDK4	1	1	1	1
NOS3	MTFR1	1	1	1	1
CAMSAP2	PRSS23	1	1	1	1
CAMSAP2	TRIM2	1	1	1	1
DNMT1	TSPAN4	1	1	1	1
TMEM50A	FKBP14	1	1	1	1
CEBPA	CTNND1	1	1	1	1
CEBPA	CLSTN1	1	1	1	1
CEBPA	AKR7A2	1	1	1	1
CEBPA	SCCPDH	1	1	1	1
CEBPA	CD58	1	1	1	1
CEBPA	SHC1	1	1	1	1
CEBPA	ZMYM2	1	1	1	1
CEBPA	RALB	1	1	1	1
CEBPA	EIF4G1	1	1	1	1
CEBPA	DHRS7	1	1	1	1
ALDOA	PWP1	1	1	1	1
ALDOA	DNTTIP2	1	1	1	1
TRAM2	PEX11A	1	1	1	1
SNCA	PGRMC1	1	1	1	1
