GRWD1	PSRC1	1	1	1	1
KDM5B	GPC1	1	1	1	1
KDM5B	ISOC1	1	1	1	1
KDM5B	GRN	1	1	1	1
KDM5B	SNX13	1	1	1	1
KDM5B	ACLY	1	1	1	1
KDM5B	NIT1	1	1	1	1
KDM5B	NPC1	1	1	1	1
KDM5B	PIGB	1	1	1	1
KDM5B	CREG1	1	1	1	1
KDM5B	CTTN	1	1	1	1
KDM5B	ZDHHC6	1	1	1	1
KDM5B	LIG1	1	1	1	1
KDM5B	PGRMC1	1	1	1	1
SOCS2	SRC	1	1	1	1
SOCS2	BID	1	1	1	1
GLRX	DUSP22	1	1	1	1
ORC1	TPM1	1	1	1	1
ORC1	CLSTN1	1	1	1	1
ORC1	ATP1B1	1	1	1	1
ORC1	ATG3	1	1	1	1
ORC1	SUPV3L1	1	1	1	1
ORC1	IGHMBP2	1	1	1	1
ORC1	KAT6A	1	1	1	1
ORC1	KIF5C	1	1	1	1
ORC1	SLC25A13	1	1	1	1
ORC1	REEP5	1	1	1	1
ORC1	TES	1	1	1	1
ORC1	GSTZ1	1	1	1	1
ORC1	ARFIP2	1	1	1	1
ORC1	RAB21	1	1	1	1
ORC1	MAT2A	1	1	1	1
ORC1	PFKL	1	1	1	1
ORC1	BZW2	1	1	1	1
ORC1	ZNF274	1	1	1	1
ORC1	SCP2	1	1	1	1
ORC1	ZNF131	1	1	1	1
ORC1	TMEM2	1	1	1	1
ORC1	STXBP2	1	1	1	1
ORC1	DPH2	1	1	1	1
ORC1	TBC1D9B	1	1	1	1
ORC1	PYGL	1	1	1	1
ORC1	HSPA4	1	1	1	1
ORC1	RAD9A	1	1	1	1
ORC1	BIRC2	1	1	1	1
ORC1	PAK1	1	1	1	1
ORC1	B3GNT1	1	1	1	1
ORC1	DCK	1	1	1	1
ORC1	PECR	1	1	1	1
ORC1	UTP14A	1	1	1	1
ORC1	KIF2C	1	1	1	1
ORC1	NET1	1	1	1	1
ORC1	AGL	1	1	1	1
ORC1	PEX11A	1	1	1	1
ORC1	SLC25A4	1	1	1	1
ORC1	STX1A	1	1	1	1
ORC1	WASF3	1	1	1	1
ORC1	STAT1	1	1	1	1
ORC1	MCM3	1	1	1	1
ORC1	MYC	1	1	1	1
ORC1	TNFRSF21	1	1	1	1
ORC1	ATF1	1	1	1	1
ORC1	DNAJB2	1	1	1	1
ORC1	PHKA1	1	1	1	1
ORC1	ADAM10	1	1	1	1
ORC1	ICMT	1	1	1	1
ORC1	DYRK3	1	1	1	1
ORC1	JMJD6	1	1	1	1
ORC1	BIRC5	1	1	1	1
ORC1	NUDCD3	1	1	1	1
ORC1	ADO	1	1	1	1
ORC1	LAP3	1	1	1	1
ORC1	AXIN1	1	1	1	1
ORC1	STK25	1	1	1	1
ORC1	SYPL1	1	1	1	1
ORC1	TLR4	1	1	1	1
ORC1	POP4	1	1	1	1
ORC1	SYNGR3	1	1	1	1
ORC1	ATP2C1	1	1	1	1
ORC1	SQSTM1	1	1	1	1
ORC1	RAP1GAP	1	1	1	1
ORC1	SMAD3	1	1	1	1
ORC1	KIT	1	1	1	1
ORC1	TOMM70A	1	1	1	1
ORC1	INSIG1	1	1	1	1
ORC1	CXCR4	1	1	1	1
ORC1	TCTA	1	1	1	1
ORC1	PNP	1	1	1	1
ORC1	UBE2J1	1	1	1	1
ORC1	VPS28	1	1	1	1
ORC1	GADD45A	1	1	1	1
ORC1	ALAS1	1	1	1	1
ORC1	TSEN2	1	1	1	1
ORC1	SFN	1	1	1	1
ORC1	PIN1	1	1	1	1
ORC1	SLC37A4	1	1	1	1
ORC1	TGFBR2	1	1	1	1
ORC1	UBE2C	1	1	1	1
ORC1	STMN1	1	1	1	1
ORC1	KIAA1033	1	1	1	1
ORC1	TBXA2R	1	1	1	1
ORC1	EGFR	1	1	1	1
ORC1	CLTC	1	1	1	1
ORC1	DDX10	1	1	1	1
ORC1	PAPD7	1	1	1	1
ORC1	USP22	1	1	1	1
ORC1	TBP	1	1	1	1
ORC1	STK10	1	1	1	1
ORC1	PTPN6	1	1	1	1
ORC1	NENF	1	1	1	1
ORC1	MAPKAPK5	1	1	1	1
ORC1	TCTN1	1	1	1	1
ORC1	ECH1	1	1	1	1
ORC1	PHKG2	1	1	1	1
ORC1	PWP1	1	1	1	1
ORC1	UBE3B	1	1	1	1
ORC1	APP	1	1	1	1
ORC1	PCBD1	1	1	1	1
ORC1	SLC35A1	1	1	1	1
ORC1	SLC5A6	1	1	1	1
ORC1	HOXA10	1	1	1	1
ORC1	DAXX	1	1	1	1
ORC1	STX4	1	1	1	1
ORC1	COPB2	1	1	1	1
ORC1	C2CD2	1	1	1	1
ORC1	C5	1	1	1	1
ORC1	LRRC16A	1	1	1	1
ORC1	FBXL12	1	1	1	1
ORC1	TWF2	1	1	1	1
ORC1	CSNK1E	1	1	1	1
ORC1	HS2ST1	1	1	1	1
ORC1	STXBP1	1	1	1	1
ORC1	TUBB6	1	1	1	1
ORC1	PMM2	1	1	1	1
ORC1	MAST2	1	1	1	1
ORC1	DUSP14	1	1	1	1
ORC1	FYN	1	1	1	1
ORC1	NFE2L2	1	1	1	1
ORC1	CNDP2	1	1	1	1
ORC1	CRK	1	1	1	1
ORC1	ZNF451	1	1	1	1
ORC1	PRR7	1	1	1	1
ORC1	GAA	1	1	1	1
ORC1	PRSS23	1	1	1	1
ORC1	PARP2	1	1	1	1
ORC1	SATB1	1	1	1	1
ORC1	DDIT4	1	1	1	1
ORC1	MYCBP	1	1	1	1
ORC1	PYCR1	1	1	1	1
ORC1	SPAG4	1	1	1	1
ORC1	SH3BP5	1	1	1	1
ORC1	ITGAE	1	1	1	1
ORC1	MAPKAPK3	1	1	1	1
ORC1	FAH	1	1	1	1
ORC1	FOXO3	1	1	1	1
ORC1	HOXA5	1	1	1	1
ORC1	FHL2	1	1	1	1
ORC1	CREG1	1	1	1	1
ORC1	TLE1	1	1	1	1
ORC1	CTTN	1	1	1	1
ORC1	ZNF589	1	1	1	1
ORC1	PLCB3	1	1	1	1
ORC1	PLSCR1	1	1	1	1
ORC1	EDEM1	1	1	1	1
ORC1	RPA1	1	1	1	1
ORC1	PSRC1	1	1	1	1
ORC1	ACBD3	1	1	1	1
ORC1	PRCP	1	1	1	1
ORC1	NOSIP	1	1	1	1
ORC1	PCNA	1	1	1	1
ORC1	SMNDC1	1	1	1	1
ORC1	EPHB2	1	1	1	1
ORC1	SLC27A3	1	1	1	1
ORC1	SERPINE1	1	1	1	1
ORC1	PIH1D1	1	1	1	1
ORC1	MYLK	1	1	1	1
ORC1	LYRM1	1	1	1	1
ORC1	MAPK13	1	1	1	1
ORC1	IKBKE	1	1	1	1
ORC1	ATP5S	1	1	1	1
ORC1	NOL3	1	1	1	1
ORC1	PPOX	1	1	1	1
ORC1	FAM63A	1	1	1	1
ORC1	ELOVL6	1	1	1	1
ORC1	PGM1	1	1	1	1
ORC1	FDFT1	1	1	1	1
ORC1	KAT6B	1	1	1	1
ORC1	MYO10	1	1	1	1
ORC1	ENOPH1	1	1	1	1
ORC1	CSNK1A1	1	1	1	1
ORC1	PIP4K2B	1	1	1	1
ORC1	TMED10	1	1	1	1
ORC1	TIMP2	1	1	1	1
ORC1	PAX8	1	1	1	1
ORC1	SORBS3	1	1	1	1
ORC1	DNTTIP2	1	1	1	1
ORC1	GLOD4	1	1	1	1
ORC1	ZMIZ1	1	1	1	1
ORC1	ERBB2	1	1	1	1
ORC1	ADCK3	1	1	1	1
ORC1	HMG20B	1	1	1	1
ORC1	ATP6V0B	1	1	1	1
PIK3C3	CLSTN1	1	1	1	1
PIK3C3	PLOD3	1	1	1	1
PIK3C3	TJP1	1	1	1	1
PRR15L	SYPL1	1	1	1	1
PRR15L	EZH2	1	1	1	1
PRKACA	GNA11	1	1	1	1
ZFP36	DNAJB2	1	1	1	1
EPB41L2	RFC5	1	1	1	1
ZW10	RPA3	1	1	1	1
PPP2R5A	SLC25A13	1	1	1	1
PPP2R5A	DAG1	1	1	1	1
XPO7	PLS1	1	1	1	1
XPO7	ABCF3	1	1	1	1
PSMF1	PYGL	1	1	1	1
DNAJA3	AARS	1	1	1	1
DNAJA3	KAT6A	1	1	1	1
DNAJA3	STAT5B	1	1	1	1
DNAJA3	GNPDA1	1	1	1	1
DNAJA3	ARFIP2	1	1	1	1
DNAJA3	GNAS	1	1	1	1
DNAJA3	GATA3	1	1	1	1
DNAJA3	ZNF274	1	1	1	1
DNAJA3	MTFR1	1	1	1	1
DNAJA3	KDM5A	1	1	1	1
DNAJA3	DPH2	1	1	1	1
DNAJA3	RAD9A	1	1	1	1
DNAJA3	UGDH	1	1	1	1
DNAJA3	TRIB1	1	1	1	1
DNAJA3	CORO1A	1	1	1	1
DNAJA3	ZMYM2	1	1	1	1
DNAJA3	TNFRSF21	1	1	1	1
DNAJA3	DNAJB1	1	1	1	1
DNAJA3	NOTCH1	1	1	1	1
DNAJA3	SLC35F2	1	1	1	1
DNAJA3	H2AFV	1	1	1	1
DNAJA3	BIRC5	1	1	1	1
DNAJA3	NUP133	1	1	1	1
DNAJA3	MICALL1	1	1	1	1
DNAJA3	BACE2	1	1	1	1
DNAJA3	PCMT1	1	1	1	1
DNAJA3	LAP3	1	1	1	1
DNAJA3	POP4	1	1	1	1
DNAJA3	PPIE	1	1	1	1
DNAJA3	RAP1GAP	1	1	1	1
DNAJA3	RSU1	1	1	1	1
DNAJA3	ARID5B	1	1	1	1
DNAJA3	SESN1	1	1	1	1
DNAJA3	SFN	1	1	1	1
DNAJA3	RAE1	1	1	1	1
DNAJA3	TCFL5	1	1	1	1
DNAJA3	UBE2C	1	1	1	1
DNAJA3	APPBP2	1	1	1	1
DNAJA3	CLTC	1	1	1	1
DNAJA3	USP22	1	1	1	1
DNAJA3	STK10	1	1	1	1
DNAJA3	PTPN6	1	1	1	1
DNAJA3	PLS1	1	1	1	1
DNAJA3	ARID4B	1	1	1	1
DNAJA3	TFDP1	1	1	1	1
DNAJA3	UBE3B	1	1	1	1
DNAJA3	C2CD2	1	1	1	1
DNAJA3	ATP11B	1	1	1	1
DNAJA3	CPSF4	1	1	1	1
DNAJA3	HS2ST1	1	1	1	1
DNAJA3	RBM6	1	1	1	1
DNAJA3	VGLL4	1	1	1	1
DNAJA3	KCTD5	1	1	1	1
DNAJA3	INPP1	1	1	1	1
DNAJA3	PCM1	1	1	1	1
DNAJA3	FYN	1	1	1	1
DNAJA3	LSM5	1	1	1	1
DNAJA3	PARP2	1	1	1	1
DNAJA3	TXNRD1	1	1	1	1
DNAJA3	DDIT4	1	1	1	1
DNAJA3	LIPA	1	1	1	1
DNAJA3	VAPB	1	1	1	1
DNAJA3	TPD52L2	1	1	1	1
DNAJA3	TOPBP1	1	1	1	1
DNAJA3	FOXO3	1	1	1	1
DNAJA3	HOXA5	1	1	1	1
DNAJA3	FOSL1	1	1	1	1
DNAJA3	PLCB3	1	1	1	1
DNAJA3	PLSCR1	1	1	1	1
DNAJA3	EDEM1	1	1	1	1
DNAJA3	KDM3A	1	1	1	1
DNAJA3	PSRC1	1	1	1	1
DNAJA3	IQGAP1	1	1	1	1
DNAJA3	PRCP	1	1	1	1
DNAJA3	NOSIP	1	1	1	1
DNAJA3	SLC25A14	1	1	1	1
DNAJA3	TMEM97	1	1	1	1
DNAJA3	SCYL3	1	1	1	1
DNAJA3	ZNF586	1	1	1	1
DNAJA3	RRP1B	1	1	1	1
DNAJA3	MAPK13	1	1	1	1
DNAJA3	FAM63A	1	1	1	1
DNAJA3	GNAI2	1	1	1	1
DNAJA3	MVP	1	1	1	1
DNAJA3	FDFT1	1	1	1	1
DNAJA3	GAPDH	1	1	1	1
DNAJA3	LAGE3	1	1	1	1
DNAJA3	NOLC1	1	1	1	1
DNAJA3	MYO10	1	1	1	1
DNAJA3	PRPF4	1	1	1	1
DNAJA3	TIMM9	1	1	1	1
DNAJA3	ABL1	1	1	1	1
DNAJA3	TIMM22	1	1	1	1
DNAJA3	RUVBL1	1	1	1	1
DNAJA3	GTPBP8	1	1	1	1
REEP5	DUSP11	1	1	1	1
RALB	B3GNT1	1	1	1	1
MKNK1	YKT6	1	1	1	1
MKNK1	STUB1	1	1	1	1
MKNK1	GDPD5	1	1	1	1
RNMT	NENF	1	1	1	1
HMGA2	MAPKAPK5	1	1	1	1
GNAS	GFPT1	1	1	1	1
GNAS	TCTN1	1	1	1	1
GNAS	TOP2A	1	1	1	1
MAT2A	MCM3	1	1	1	1
MAT2A	ICMT	1	1	1	1
MAT2A	DNAJB6	1	1	1	1
MAT2A	NPC1	1	1	1	1
MAT2A	ETV1	1	1	1	1
MAT2A	GTF2A2	1	1	1	1
STAMBP	SENP6	1	1	1	1
STAMBP	FEZ2	1	1	1	1
HEBP1	KIF5C	1	1	1	1
HEBP1	PSMG1	1	1	1	1
SKIV2L	ETS1	1	1	1	1
SKIV2L	TM9SF3	1	1	1	1
PCCB	USP1	1	1	1	1
PAK4	KLHDC2	1	1	1	1
PAK4	ME2	1	1	1	1
PAK4	NVL	1	1	1	1
PAK4	LRPAP1	1	1	1	1
GATA3	XPO7	1	1	1	1
GATA3	MAN2B1	1	1	1	1
GATA3	FBXO11	1	1	1	1
GATA3	CRTAP	1	1	1	1
GATA3	PLA2G15	1	1	1	1
GATA3	ECH1	1	1	1	1
GATA3	ICAM1	1	1	1	1
GATA3	ITFG1	1	1	1	1
GATA3	NISCH	1	1	1	1
GATA3	ADAT1	1	1	1	1
GATA3	DUSP6	1	1	1	1
ZNF274	OXSR1	1	1	1	1
SCP2	TNFRSF21	1	1	1	1
SCP2	TM9SF3	1	1	1	1
SCP2	HERC6	1	1	1	1
SCP2	IPO13	1	1	1	1
LRP10	ATG3	1	1	1	1
NMT1	PRKCD	1	1	1	1
NMT1	PKIG	1	1	1	1
NMT1	BACE2	1	1	1	1
NMT1	POLG2	1	1	1	1
NMT1	DHDDS	1	1	1	1
NMT1	DENND2D	1	1	1	1
NMT1	CRELD2	1	1	1	1
NMT1	PRSS23	1	1	1	1
NMT1	PSIP1	1	1	1	1
NMT1	NOLC1	1	1	1	1
STXBP2	KIF5C	1	1	1	1
STXBP2	SLC35B1	1	1	1	1
STXBP2	NSDHL	1	1	1	1
STXBP2	UFM1	1	1	1	1
STXBP2	IDE	1	1	1	1
STXBP2	TOMM34	1	1	1	1
STXBP2	NFIL3	1	1	1	1
STXBP2	LPAR2	1	1	1	1
STXBP2	TIMP2	1	1	1	1
STXBP2	POLD4	1	1	1	1
KDM5A	ADI1	1	1	1	1
KDM5A	SLC11A2	1	1	1	1
KDM5A	GMNN	1	1	1	1
KDM5A	MRPL19	1	1	1	1
CYTH1	DCK	1	1	1	1
CYTH1	CNDP2	1	1	1	1
CYTH1	SLC25A14	1	1	1	1
CYTH1	ATP5S	1	1	1	1
CYTH1	BCL2	1	1	1	1
MAN2B1	PPIE	1	1	1	1
DPH2	PRKACA	1	1	1	1
DPH2	EIF4EBP1	1	1	1	1
PAF1	NUP85	1	1	1	1
KLHL21	MKNK1	1	1	1	1
KLHL21	TMCO1	1	1	1	1
KLHL21	LOXL1	1	1	1	1
KLHL21	GRN	1	1	1	1
KLHL21	SYNGR3	1	1	1	1
KLHL21	ME2	1	1	1	1
KLHL21	DERA	1	1	1	1
KLHL21	ZMIZ1	1	1	1	1
GTF2E2	PPARG	1	1	1	1
GTF2E2	SMARCA4	1	1	1	1
NUP88	TP53BP2	1	1	1	1
NUP88	TLE1	1	1	1	1
PSME1	EPRS	1	1	1	1
PSME1	DDR1	1	1	1	1
KTN1	PHKA1	1	1	1	1
KTN1	NRAS	1	1	1	1
KTN1	SMC4	1	1	1	1
KTN1	ICAM3	1	1	1	1
KTN1	RAB27A	1	1	1	1
KTN1	SLC35A1	1	1	1	1
KTN1	ICAM1	1	1	1	1
KTN1	SH3BP5	1	1	1	1
KTN1	BRCA1	1	1	1	1
KTN1	MVP	1	1	1	1
HSPA4	MBNL1	1	1	1	1
HSPA4	PRKX	1	1	1	1
HSPA4	C2CD2L	1	1	1	1
HSPA4	HERC6	1	1	1	1
HSPA4	COPB2	1	1	1	1
HSPA4	IER3	1	1	1	1
HSPA4	AKR7A2	1	1	1	1
HSPA4	IGFBP3	1	1	1	1
HSPA4	IQGAP1	1	1	1	1
ST6GALNAC2	CRELD2	1	1	1	1
ST6GALNAC2	ACBD3	1	1	1	1
UGDH	TIAM1	1	1	1	1
KIF14	SCRN1	1	1	1	1
EML3	BDH1	1	1	1	1
CSK	RPS6	1	1	1	1
CSK	ENOSF1	1	1	1	1
CSK	ATF1	1	1	1	1
CSK	RSU1	1	1	1	1
CSK	FOS	1	1	1	1
CSK	SFN	1	1	1	1
CSK	PAPD7	1	1	1	1
CSK	FGFR4	1	1	1	1
CSK	CNDP2	1	1	1	1
CSK	SHB	1	1	1	1
CSK	PSMD10	1	1	1	1
CSK	DUSP3	1	1	1	1
SPTLC2	SYPL1	1	1	1	1
SPTLC2	PAFAH1B1	1	1	1	1
SPTLC2	MCOLN1	1	1	1	1
RPS6	IGHMBP2	1	1	1	1
RPS6	DNAJA3	1	1	1	1
RPS6	HDAC2	1	1	1	1
RPS6	NUP93	1	1	1	1
RPS6	TRAPPC3	1	1	1	1
RPS6	TCEAL4	1	1	1	1
HYOU1	ATG3	1	1	1	1
HYOU1	GSTZ1	1	1	1	1
HYOU1	MKNK1	1	1	1	1
HYOU1	SLC35B1	1	1	1	1
HYOU1	CORO1A	1	1	1	1
HYOU1	COPS7A	1	1	1	1
HYOU1	FOXO4	1	1	1	1
HYOU1	SHC1	1	1	1	1
HYOU1	ATF1	1	1	1	1
HYOU1	HTRA1	1	1	1	1
HYOU1	DSG2	1	1	1	1
HYOU1	FZD1	1	1	1	1
HYOU1	HOOK2	1	1	1	1
HYOU1	FOXO3	1	1	1	1
HYOU1	PLK1	1	1	1	1
HYOU1	TJP1	1	1	1	1
HYOU1	FBXO7	1	1	1	1
HYOU1	FKBP14	1	1	1	1
HYOU1	TSKU	1	1	1	1
HYOU1	ATP5S	1	1	1	1
HYOU1	BCL2	1	1	1	1
HYOU1	AURKA	1	1	1	1
HYOU1	SMC3	1	1	1	1
UTP14A	NUDCD3	1	1	1	1
NSDHL	DUSP14	1	1	1	1
KIF2C	ZMYM2	1	1	1	1
KIF2C	HOMER2	1	1	1	1
KIF2C	GHR	1	1	1	1
IKBKAP	NT5DC2	1	1	1	1
IKBKAP	TOPBP1	1	1	1	1
MMP1	UGDH	1	1	1	1
TESK1	GLRX	1	1	1	1
TESK1	BPHL	1	1	1	1
TESK1	EPN2	1	1	1	1
TESK1	HSPB1	1	1	1	1
LSR	EML3	1	1	1	1
CREB1	RAP1GAP	1	1	1	1
CREB1	BAG3	1	1	1	1
CREB1	ARHGAP1	1	1	1	1
CREB1	PGRMC1	1	1	1	1
EIF4G1	LOXL1	1	1	1	1
EIF4G1	UTP14A	1	1	1	1
EIF4G1	AXIN1	1	1	1	1
EIF4G1	PTPN1	1	1	1	1
EIF4G1	WFS1	1	1	1	1
SGCB	AKAP8	1	1	1	1
SGCB	SLC35F2	1	1	1	1
SGCB	TCTN1	1	1	1	1
SGCB	JUN	1	1	1	1
SGCB	GFOD1	1	1	1	1
SGCB	TIMM22	1	1	1	1
SGCB	RUVBL1	1	1	1	1
HN1L	LIPA	1	1	1	1
PPARD	DMTF1	1	1	1	1
PPARD	NR3C1	1	1	1	1
PPARD	PCNA	1	1	1	1
PPARD	PPOX	1	1	1	1
ARL4C	SMARCA4	1	1	1	1
ARL4C	MTA1	1	1	1	1
STAT1	WRB	1	1	1	1
STAT1	COASY	1	1	1	1
STAT1	CTNND1	1	1	1	1
MCM3	MBNL1	1	1	1	1
MCM3	FBXO11	1	1	1	1
MCM3	BLMH	1	1	1	1
AKAP8	PSMB10	1	1	1	1
PIK3C2B	ASCC3	1	1	1	1
MEST	RELB	1	1	1	1
MEST	EPB41L2	1	1	1	1
MEST	SKIV2L	1	1	1	1
MEST	BID	1	1	1	1
MEST	BECN1	1	1	1	1
MEST	S100A4	1	1	1	1
MEST	RBKS	1	1	1	1
MEST	KIF14	1	1	1	1
MEST	FOXO4	1	1	1	1
MEST	EIF5	1	1	1	1
MEST	USP7	1	1	1	1
MEST	HIF1A	1	1	1	1
MEST	ME2	1	1	1	1
MEST	SYK	1	1	1	1
MEST	TARBP1	1	1	1	1
MEST	ACLY	1	1	1	1
MEST	TSC22D3	1	1	1	1
MEST	ACAA1	1	1	1	1
MEST	SNCA	1	1	1	1
MEST	TRIB3	1	1	1	1
MEST	SLC35A3	1	1	1	1
MEST	AURKB	1	1	1	1
MEST	TWF2	1	1	1	1
MEST	VGLL4	1	1	1	1
MEST	USP14	1	1	1	1
MEST	BNIP3	1	1	1	1
MEST	YME1L1	1	1	1	1
MEST	EXT1	1	1	1	1
MEST	ERBB3	1	1	1	1
MEST	TIPARP	1	1	1	1
MEST	NOSIP	1	1	1	1
MEST	PCNA	1	1	1	1
MEST	MOK	1	1	1	1
MEST	LYRM1	1	1	1	1
MEST	DERA	1	1	1	1
MEST	BCL2	1	1	1	1
MEST	RUVBL1	1	1	1	1
RFC2	GLRX	1	1	1	1
RFC2	ATP1B1	1	1	1	1
RFC2	ATG3	1	1	1	1
RFC2	RB1	1	1	1	1
RFC2	STAT5B	1	1	1	1
RFC2	RALB	1	1	1	1
RFC2	NUP88	1	1	1	1
RFC2	HSPA4	1	1	1	1
RFC2	DCK	1	1	1	1
RFC2	ARL4C	1	1	1	1
RFC2	DNAJB1	1	1	1	1
RFC2	BAX	1	1	1	1
RFC2	ABCC5	1	1	1	1
RFC2	NUDCD3	1	1	1	1
RFC2	TLR4	1	1	1	1
RFC2	KIT	1	1	1	1
RFC2	TIMM17B	1	1	1	1
RFC2	PDIA5	1	1	1	1
RFC2	ARID5B	1	1	1	1
RFC2	GNB5	1	1	1	1
RFC2	ANKRD10	1	1	1	1
RFC2	THAP11	1	1	1	1
RFC2	POLG2	1	1	1	1
RFC2	PIN1	1	1	1	1
RFC2	MNAT1	1	1	1	1
RFC2	STMN1	1	1	1	1
RFC2	STAP2	1	1	1	1
RFC2	TP53BP2	1	1	1	1
RFC2	PWP1	1	1	1	1
RFC2	UBE2L6	1	1	1	1
RFC2	ATP11B	1	1	1	1
RFC2	INPP1	1	1	1	1
RFC2	SHB	1	1	1	1
RFC2	HOOK2	1	1	1	1
RFC2	TPD52L2	1	1	1	1
RFC2	SLC25A46	1	1	1	1
RFC2	FHL2	1	1	1	1
RFC2	CNOT4	1	1	1	1
RFC2	CSNK2A2	1	1	1	1
RFC2	IGFBP3	1	1	1	1
RFC2	ACBD3	1	1	1	1
RFC2	ALDOC	1	1	1	1
RFC2	MAP7	1	1	1	1
RFC2	MBTPS1	1	1	1	1
RFC2	POLR1C	1	1	1	1
RFC2	SORBS3	1	1	1	1
RFC2	GLOD4	1	1	1	1
TMEM50A	IL13RA1	1	1	1	1
SHC1	MBNL1	1	1	1	1
SHC1	UBE2C	1	1	1	1
EIF5	YKT6	1	1	1	1
EIF5	CTSD	1	1	1	1
EIF5	DRAP1	1	1	1	1
EIF5	MSH6	1	1	1	1
ATF1	STXBP2	1	1	1	1
ATF1	ACAT2	1	1	1	1
ATF1	FOS	1	1	1	1
ATF1	RHOA	1	1	1	1
ATF1	USP22	1	1	1	1
ATF1	SPEN	1	1	1	1
ATF1	RPA3	1	1	1	1
ATF1	TFAP2A	1	1	1	1
ATF1	PSRC1	1	1	1	1
ATF1	IQGAP1	1	1	1	1
ATF1	TM9SF2	1	1	1	1
BAX	EPB41L2	1	1	1	1
PLOD3	BTK	1	1	1	1
PLOD3	YKT6	1	1	1	1
PLOD3	KDM5B	1	1	1	1
PLOD3	CLSTN1	1	1	1	1
PLOD3	DECR1	1	1	1	1
PLOD3	ATF6	1	1	1	1
PLOD3	GPC1	1	1	1	1
PLOD3	PLEKHM1	1	1	1	1
PLOD3	ORC1	1	1	1	1
PLOD3	HMOX1	1	1	1	1
PLOD3	SPR	1	1	1	1
PLOD3	KIF5C	1	1	1	1
PLOD3	SLC25A13	1	1	1	1
PLOD3	TSTA3	1	1	1	1
PLOD3	VAV3	1	1	1	1
PLOD3	RFNG	1	1	1	1
PLOD3	TES	1	1	1	1
PLOD3	GSTZ1	1	1	1	1
PLOD3	GNPDA1	1	1	1	1
PLOD3	RNMT	1	1	1	1
PLOD3	GNAS	1	1	1	1
PLOD3	BZW2	1	1	1	1
PLOD3	GATA3	1	1	1	1
PLOD3	TMCO1	1	1	1	1
PLOD3	PSMG1	1	1	1	1
PLOD3	NMT1	1	1	1	1
PLOD3	STXBP2	1	1	1	1
PLOD3	MBOAT7	1	1	1	1
PLOD3	DPH2	1	1	1	1
PLOD3	PAF1	1	1	1	1
PLOD3	NUP88	1	1	1	1
PLOD3	PSME1	1	1	1	1
PLOD3	PRKX	1	1	1	1
PLOD3	HSPA4	1	1	1	1
PLOD3	RAD9A	1	1	1	1
PLOD3	RPS6	1	1	1	1
PLOD3	PTPN12	1	1	1	1
PLOD3	GFPT1	1	1	1	1
PLOD3	KIF2C	1	1	1	1
PLOD3	CORO1A	1	1	1	1
PLOD3	CREB1	1	1	1	1
PLOD3	PEX11A	1	1	1	1
PLOD3	SGCB	1	1	1	1
PLOD3	ZMYM2	1	1	1	1
PLOD3	GRN	1	1	1	1
PLOD3	STX1A	1	1	1	1
PLOD3	MCM3	1	1	1	1
PLOD3	PIK3C2B	1	1	1	1
PLOD3	ADH5	1	1	1	1
PLOD3	NRAS	1	1	1	1
PLOD3	NT5DC2	1	1	1	1
PLOD3	ILK	1	1	1	1
PLOD3	H2AFV	1	1	1	1
PLOD3	TXNL4B	1	1	1	1
PLOD3	JMJD6	1	1	1	1
PLOD3	EPHA3	1	1	1	1
PLOD3	GALE	1	1	1	1
PLOD3	NUP133	1	1	1	1
PLOD3	LAP3	1	1	1	1
PLOD3	AXIN1	1	1	1	1
PLOD3	P4HA2	1	1	1	1
PLOD3	GPR56	1	1	1	1
PLOD3	DFFB	1	1	1	1
PLOD3	DDB2	1	1	1	1
PLOD3	FAIM	1	1	1	1
PLOD3	SENP6	1	1	1	1
PLOD3	ATP2C1	1	1	1	1
PLOD3	ANO10	1	1	1	1
PLOD3	SOX4	1	1	1	1
PLOD3	TEX10	1	1	1	1
PLOD3	MAP4K4	1	1	1	1
PLOD3	ICAM3	1	1	1	1
PLOD3	GADD45B	1	1	1	1
PLOD3	SIRT3	1	1	1	1
PLOD3	INSIG1	1	1	1	1
PLOD3	CXCR4	1	1	1	1
PLOD3	FOS	1	1	1	1
PLOD3	GADD45A	1	1	1	1
PLOD3	ETS1	1	1	1	1
PLOD3	WDR7	1	1	1	1
PLOD3	NFKB2	1	1	1	1
PLOD3	PIN1	1	1	1	1
PLOD3	SLC37A4	1	1	1	1
PLOD3	DCUN1D4	1	1	1	1
PLOD3	RAE1	1	1	1	1
PLOD3	CTSD	1	1	1	1
PLOD3	SNCA	1	1	1	1
PLOD3	DHDDS	1	1	1	1
PLOD3	DDR1	1	1	1	1
PLOD3	STMN1	1	1	1	1
PLOD3	KIAA1033	1	1	1	1
PLOD3	RAB11FIP2	1	1	1	1
PLOD3	TERF2IP	1	1	1	1
PLOD3	DDX10	1	1	1	1
PLOD3	CYB561	1	1	1	1
PLOD3	PAPD7	1	1	1	1
PLOD3	STK10	1	1	1	1
PLOD3	NENF	1	1	1	1
PLOD3	MAPKAPK5	1	1	1	1
PLOD3	BLMH	1	1	1	1
PLOD3	PMAIP1	1	1	1	1
PLOD3	IFRD2	1	1	1	1
PLOD3	GATA2	1	1	1	1
PLOD3	SLC35A3	1	1	1	1
PLOD3	PCBD1	1	1	1	1
PLOD3	GMNN	1	1	1	1
PLOD3	NPC1	1	1	1	1
PLOD3	HOXA10	1	1	1	1
PLOD3	STX4	1	1	1	1
PLOD3	EGR1	1	1	1	1
PLOD3	ETV1	1	1	1	1
PLOD3	FBXL12	1	1	1	1
PLOD3	BMP4	1	1	1	1
PLOD3	TXLNA	1	1	1	1
PLOD3	PTPRF	1	1	1	1
PLOD3	STXBP1	1	1	1	1
PLOD3	TOMM34	1	1	1	1
PLOD3	FZD1	1	1	1	1
PLOD3	DCTD	1	1	1	1
PLOD3	MAST2	1	1	1	1
PLOD3	FYN	1	1	1	1
PLOD3	CRELD2	1	1	1	1
PLOD3	FAM69A	1	1	1	1
PLOD3	TSPAN6	1	1	1	1
PLOD3	FAM57A	1	1	1	1
PLOD3	CSRP1	1	1	1	1
PLOD3	LSM5	1	1	1	1
PLOD3	SUZ12	1	1	1	1
PLOD3	NFIL3	1	1	1	1
PLOD3	PARP2	1	1	1	1
PLOD3	WDTC1	1	1	1	1
PLOD3	DDIT4	1	1	1	1
PLOD3	ITGAE	1	1	1	1
PLOD3	MAPKAPK3	1	1	1	1
PLOD3	BAMBI	1	1	1	1
PLOD3	NISCH	1	1	1	1
PLOD3	TRIM2	1	1	1	1
PLOD3	TOPBP1	1	1	1	1
PLOD3	FOXO3	1	1	1	1
PLOD3	HOXA5	1	1	1	1
PLOD3	SLC25A46	1	1	1	1
PLOD3	FHL2	1	1	1	1
PLOD3	ADRB2	1	1	1	1
PLOD3	PLCB3	1	1	1	1
PLOD3	PLK1	1	1	1	1
PLOD3	FAT1	1	1	1	1
PLOD3	MYCBP2	1	1	1	1
PLOD3	TRAM2	1	1	1	1
PLOD3	DUSP6	1	1	1	1
PLOD3	MTA1	1	1	1	1
PLOD3	POLB	1	1	1	1
PLOD3	FSD1	1	1	1	1
PLOD3	SLC27A3	1	1	1	1
PLOD3	TMEM97	1	1	1	1
PLOD3	PIH1D1	1	1	1	1
PLOD3	SCYL3	1	1	1	1
PLOD3	MAP7	1	1	1	1
PLOD3	LYRM1	1	1	1	1
PLOD3	ATP5S	1	1	1	1
PLOD3	FAM63A	1	1	1	1
PLOD3	TNIP1	1	1	1	1
PLOD3	ELOVL6	1	1	1	1
PLOD3	FDFT1	1	1	1	1
PLOD3	MLEC	1	1	1	1
PLOD3	METRN	1	1	1	1
PLOD3	GNA15	1	1	1	1
PLOD3	MYO10	1	1	1	1
PLOD3	PRPF4	1	1	1	1
PLOD3	RNF167	1	1	1	1
PLOD3	SORBS3	1	1	1	1
PLOD3	ZMIZ1	1	1	1	1
PLOD3	MAPKAPK2	1	1	1	1
PLOD3	CTNND1	1	1	1	1
INTS3	ITGB5	1	1	1	1
INTS3	RBKS	1	1	1	1
INTS3	GRN	1	1	1	1
INTS3	VAT1	1	1	1	1
INTS3	TERF2IP	1	1	1	1
INTS3	PARP1	1	1	1	1
INTS3	MAST2	1	1	1	1
INTS3	ABCF1	1	1	1	1
INTS3	ZNF586	1	1	1	1
INTS3	TNIP1	1	1	1	1
INTS3	TATDN2	1	1	1	1
SOX2	PRKCD	1	1	1	1
SOX2	ENOSF1	1	1	1	1
SOX2	NUDCD3	1	1	1	1
SOX2	CTSD	1	1	1	1
SOX2	TOP2A	1	1	1	1
SOX2	CNDP2	1	1	1	1
SOX2	TXNRD1	1	1	1	1
ADH5	SPTLC2	1	1	1	1
ADH5	PLA2G15	1	1	1	1
ADH5	ALDOC	1	1	1	1
ADH5	AURKA	1	1	1	1
NOTCH1	FHL2	1	1	1	1
ABCC5	SLC35F2	1	1	1	1
ABCC5	TXNDC9	1	1	1	1
NRAS	LSR	1	1	1	1
NUSAP1	SENP6	1	1	1	1
NUSAP1	CRELD2	1	1	1	1
WIPF2	USP6NL	1	1	1	1
WIPF2	CYTH1	1	1	1	1
WIPF2	STK10	1	1	1	1
WIPF2	TOP2A	1	1	1	1
WIPF2	ETFB	1	1	1	1
DYRK3	DDX10	1	1	1	1
DYRK3	KDELR2	1	1	1	1
DYRK3	PDS5A	1	1	1	1
DYRK3	KEAP1	1	1	1	1
TBX2	PTPRF	1	1	1	1
TBX2	FYN	1	1	1	1
TBX2	VAPB	1	1	1	1
SLC2A6	MMP2	1	1	1	1
SLC2A6	SPTLC2	1	1	1	1
SLC2A6	KIAA1279	1	1	1	1
SLC2A6	MAPK1IP1L	1	1	1	1
SLC2A6	GADD45B	1	1	1	1
SLC2A6	RPN1	1	1	1	1
SLC2A6	ETS1	1	1	1	1
SLC2A6	SFN	1	1	1	1
SLC2A6	SNX7	1	1	1	1
SLC2A6	MRPL19	1	1	1	1
USP7	KIAA0196	1	1	1	1
USP7	TFDP1	1	1	1	1
USP7	PHKG2	1	1	1	1
USP7	FAM69A	1	1	1	1
USP7	FAM57A	1	1	1	1
USP7	ELAC2	1	1	1	1
ALDOA	SQSTM1	1	1	1	1
ALDOA	RAE1	1	1	1	1
ALDOA	HERC6	1	1	1	1
ALDOA	EDN1	1	1	1	1
SLC35F2	PCMT1	1	1	1	1
SLC35F2	DNMT1	1	1	1	1
SLC35F2	PLK1	1	1	1	1
SLC35F2	NOL3	1	1	1	1
PKIG	PPP2R5A	1	1	1	1
PKIG	DNAJA3	1	1	1	1
PKIG	GSTZ1	1	1	1	1
PKIG	STXBP2	1	1	1	1
PKIG	IKBKAP	1	1	1	1
PKIG	STAT1	1	1	1	1
PKIG	AKAP8	1	1	1	1
PKIG	EPHA3	1	1	1	1
PKIG	RTN2	1	1	1	1
PKIG	WRB	1	1	1	1
PKIG	ASAH1	1	1	1	1
PKIG	FAS	1	1	1	1
PKIG	THAP11	1	1	1	1
PKIG	SCAND1	1	1	1	1
PKIG	USP1	1	1	1	1
PKIG	DSG2	1	1	1	1
PKIG	BLMH	1	1	1	1
PKIG	PWP1	1	1	1	1
PKIG	PIK3CA	1	1	1	1
PKIG	SCRN1	1	1	1	1
PKIG	MCOLN1	1	1	1	1
PKIG	TXLNA	1	1	1	1
PKIG	PTPRF	1	1	1	1
PKIG	DCTD	1	1	1	1
PKIG	CRELD2	1	1	1	1
PKIG	CRKL	1	1	1	1
PKIG	IER3	1	1	1	1
PKIG	NFE2L2	1	1	1	1
PKIG	CXCL2	1	1	1	1
PKIG	SH3BP5	1	1	1	1
PKIG	POLE2	1	1	1	1
PKIG	HOXA5	1	1	1	1
PKIG	TIPARP	1	1	1	1
PKIG	NOSIP	1	1	1	1
PKIG	TM9SF2	1	1	1	1
PKIG	HSPB1	1	1	1	1
PKIG	PSIP1	1	1	1	1
PKIG	KEAP1	1	1	1	1
PKIG	LYRM1	1	1	1	1
PKIG	GNAI2	1	1	1	1
PKIG	FDFT1	1	1	1	1
PKIG	PRPF4	1	1	1	1
PKIG	EIF4EBP1	1	1	1	1
PKIG	SMC3	1	1	1	1
PKIG	GTF2A2	1	1	1	1
TXNL4B	CRKL	1	1	1	1
JMJD6	PIK3C2B	1	1	1	1
JMJD6	USP14	1	1	1	1
SYNE2	USP1	1	1	1	1
SYNE2	COG4	1	1	1	1
BIRC5	APPBP2	1	1	1	1
BIRC5	RRAGA	1	1	1	1
BIRC5	NR1H2	1	1	1	1
BIRC5	SQRDL	1	1	1	1
BIRC5	CNOT4	1	1	1	1
CLTB	PPARD	1	1	1	1
SDHB	RRAGA	1	1	1	1
OXCT1	DYRK3	1	1	1	1
OXCT1	EIF4EBP1	1	1	1	1
HIF1A	NT5DC2	1	1	1	1
HIF1A	MTF2	1	1	1	1
HIF1A	SMNDC1	1	1	1	1
MICALL1	FDFT1	1	1	1	1
PCMT1	FUT1	1	1	1	1
LAP3	PHKG2	1	1	1	1
PDHX	UBE2J1	1	1	1	1
PDHX	POLG2	1	1	1	1
PDHX	STAP2	1	1	1	1
PDHX	RALA	1	1	1	1
HEATR1	PRKCD	1	1	1	1
HEATR1	KTN1	1	1	1	1
HEATR1	HDAC2	1	1	1	1
HEATR1	TCFL5	1	1	1	1
HEATR1	HOOK2	1	1	1	1
MYL9	DDX42	1	1	1	1
MYL9	LIG1	1	1	1	1
OXSR1	CREB1	1	1	1	1
OXSR1	ANXA7	1	1	1	1
OXSR1	ITFG1	1	1	1	1
OXSR1	DUSP11	1	1	1	1
OXSR1	MTA1	1	1	1	1
OXSR1	IKZF1	1	1	1	1
OXSR1	FKBP4	1	1	1	1
RTN2	POLD4	1	1	1	1
G3BP1	PARP1	1	1	1	1
G3BP1	FBXO7	1	1	1	1
SYPL1	PAK4	1	1	1	1
SYPL1	PIK3C2B	1	1	1	1
SYPL1	RGS2	1	1	1	1
SYPL1	EBP	1	1	1	1
SYPL1	LAMA3	1	1	1	1
SYPL1	FOSL1	1	1	1	1
SYPL1	PRCP	1	1	1	1
TLR4	NPC1	1	1	1	1
HMGCR	AGL	1	1	1	1
POP4	PRPF4	1	1	1	1
IL1B	CYB561	1	1	1	1
RAD51C	EPRS	1	1	1	1
RAD51C	RPP38	1	1	1	1
RAD51C	SOX2	1	1	1	1
RAD51C	PTGS2	1	1	1	1
RAD51C	PRR7	1	1	1	1
RAD51C	MBTPS1	1	1	1	1
TRAK2	NUP88	1	1	1	1
TRAK2	SLC2A6	1	1	1	1
TRAK2	TBP	1	1	1	1
TRAK2	RAB4A	1	1	1	1
TRAK2	MAMLD1	1	1	1	1
ATP2C1	PTPRK	1	1	1	1
ATP2C1	UBQLN2	1	1	1	1
SQSTM1	KAT6A	1	1	1	1
ASAH1	GRN	1	1	1	1
RAP1GAP	SLC25A46	1	1	1	1
SMAD3	INSIG1	1	1	1	1
SMAD3	WFS1	1	1	1	1
SMAD3	TWF2	1	1	1	1
SMAD3	PIGB	1	1	1	1
SMAD3	TPD52L2	1	1	1	1
SMAD3	MVP	1	1	1	1
ANO10	ME2	1	1	1	1
ANO10	PGRMC1	1	1	1	1
KIT	PLS1	1	1	1	1
SOX4	NET1	1	1	1	1
SOX4	HADH	1	1	1	1
SOX4	SLC35A3	1	1	1	1
SOX4	RRP12	1	1	1	1
SOX4	TPD52L2	1	1	1	1
SOX4	CTTN	1	1	1	1
SOX4	FBXO7	1	1	1	1
SOX4	TCEAL4	1	1	1	1
SOX4	PIH1D1	1	1	1	1
RGS2	CLTC	1	1	1	1
DMTF1	DCTD	1	1	1	1
EBP	TMCO1	1	1	1	1
EBP	TOMM70A	1	1	1	1
EBP	SCARB1	1	1	1	1
EBP	FOSL1	1	1	1	1
EBP	TRAPPC3	1	1	1	1
EBP	TMEM97	1	1	1	1
ME2	ZW10	1	1	1	1
ME2	GSTZ1	1	1	1	1
ME2	KIF14	1	1	1	1
ME2	RAE1	1	1	1	1
ME2	PAPD7	1	1	1	1
ME2	PAN2	1	1	1	1
ME2	SLC35A3	1	1	1	1
ME2	COPB2	1	1	1	1
ME2	MYCBP	1	1	1	1
ME2	FAT1	1	1	1	1
ME2	ZDHHC6	1	1	1	1
TIMM17B	CLSTN1	1	1	1	1
TIMM17B	DYNLT3	1	1	1	1
TIMM17B	G3BP1	1	1	1	1
TIMM17B	TCEA2	1	1	1	1
TIMM17B	CNDP2	1	1	1	1
SMC4	VAT1	1	1	1	1
SMC4	ST7	1	1	1	1
RRP8	IKBKAP	1	1	1	1
RRP8	MCM3	1	1	1	1
RRP8	SYNE2	1	1	1	1
RRP8	TCFL5	1	1	1	1
LYPLA1	POLR2I	1	1	1	1
LYPLA1	TMEM109	1	1	1	1
LYPLA1	NUSAP1	1	1	1	1
LYPLA1	METRN	1	1	1	1
LYPLA1	AURKA	1	1	1	1
ICAM3	PPARG	1	1	1	1
ICAM3	TRIB1	1	1	1	1
ICAM3	NRIP1	1	1	1	1
ICAM3	ST7	1	1	1	1
ICAM3	PIN1	1	1	1	1
ICAM3	GNAI2	1	1	1	1
SIRT3	DPH2	1	1	1	1
SIRT3	NRIP1	1	1	1	1
SIRT3	TIMELESS	1	1	1	1
SIRT3	FGFR4	1	1	1	1
INSIG1	SLC35B1	1	1	1	1
INSIG1	FBXO11	1	1	1	1
INSIG1	ISOC1	1	1	1	1
INSIG1	RPS6KA1	1	1	1	1
INSIG1	TP53BP1	1	1	1	1
INSIG1	PCBD1	1	1	1	1
INSIG1	NARFL	1	1	1	1
INSIG1	BAMBI	1	1	1	1
HAT1	DLD	1	1	1	1
TCTA	BID	1	1	1	1
TCTA	NMT1	1	1	1	1
TCTA	RASA1	1	1	1	1
TCTA	BNIP3	1	1	1	1
TCTA	POLR2K	1	1	1	1
TCTA	CNOT4	1	1	1	1
TCTA	MLEC	1	1	1	1
RASA1	FBXO11	1	1	1	1
RASA1	AKT1	1	1	1	1
RASA1	PMAIP1	1	1	1	1
RASA1	TUBB6	1	1	1	1
RASA1	LGMN	1	1	1	1
RASA1	ETFB	1	1	1	1
RASA1	MYCBP	1	1	1	1
RSU1	SOCS2	1	1	1	1
RSU1	ZNF395	1	1	1	1
RSU1	PPARG	1	1	1	1
RSU1	PRKCD	1	1	1	1
RSU1	EIF5	1	1	1	1
RSU1	USP7	1	1	1	1
RSU1	P4HA2	1	1	1	1
RSU1	RTN2	1	1	1	1
RSU1	SESN1	1	1	1	1
RSU1	TCFL5	1	1	1	1
RSU1	PIGB	1	1	1	1
PNP	PXN	1	1	1	1
PNP	NISCH	1	1	1	1
PNP	CRYZ	1	1	1	1
PRUNE	GATA3	1	1	1	1
PRUNE	TSC22D3	1	1	1	1
PRUNE	TBP	1	1	1	1
PRUNE	TOPBP1	1	1	1	1
OXA1L	GNAI1	1	1	1	1
OXA1L	CPNE3	1	1	1	1
DNAJB6	SLC35B1	1	1	1	1
DNAJB6	CREB1	1	1	1	1
DNAJB6	SDHB	1	1	1	1
DNAJB6	RAP1GAP	1	1	1	1
DNAJB6	TOMM70A	1	1	1	1
DNAJB6	P4HTM	1	1	1	1
DNAJB6	KDELR2	1	1	1	1
DNAJB6	ARID4B	1	1	1	1
DNAJB6	TUBB6	1	1	1	1
DNAJB6	PGAM1	1	1	1	1
DNAJB6	FKBP14	1	1	1	1
DNAJB6	LYRM1	1	1	1	1
RPN1	ARHGEF12	1	1	1	1
ARID5B	KLHDC2	1	1	1	1
ARID5B	PPARG	1	1	1	1
ARID5B	ZNF131	1	1	1	1
ARID5B	MAP3K4	1	1	1	1
ARID5B	KIF2C	1	1	1	1
ARID5B	CORO1A	1	1	1	1
ARID5B	SYNE2	1	1	1	1
ARID5B	AKAP8L	1	1	1	1
ARID5B	APP	1	1	1	1
ARID5B	UBE2L6	1	1	1	1
ARID5B	FIS1	1	1	1	1
ARID5B	NARFL	1	1	1	1
ARID5B	PSMD10	1	1	1	1
ARID5B	MELK	1	1	1	1
ARID5B	TSKU	1	1	1	1
ARID5B	GNAI2	1	1	1	1
ARID5B	BCL2	1	1	1	1
ARID5B	HDAC6	1	1	1	1
GNB5	SRC	1	1	1	1
GNB5	RPP38	1	1	1	1
GNB5	CPSF4	1	1	1	1
PTGS2	EPRS	1	1	1	1
PTGS2	HN1L	1	1	1	1
PTGS2	UBE3B	1	1	1	1
PTGS2	PSMB10	1	1	1	1
PTGS2	TNIP1	1	1	1	1
LBR	UBQLN2	1	1	1	1
ANKRD10	SDHB	1	1	1	1
ST7	GPC1	1	1	1	1
ST7	ORC1	1	1	1	1
ST7	DPH2	1	1	1	1
ST7	ZMYM2	1	1	1	1
ST7	COG7	1	1	1	1
ST7	NUP133	1	1	1	1
ST7	LAP3	1	1	1	1
ST7	POP4	1	1	1	1
ST7	BPHL	1	1	1	1
ST7	PIN1	1	1	1	1
ST7	UBE3B	1	1	1	1
ST7	GPATCH8	1	1	1	1
ST7	VGLL4	1	1	1	1
ST7	LSM5	1	1	1	1
ST7	EZH2	1	1	1	1
ST7	HOXA5	1	1	1	1
ST7	EPHB2	1	1	1	1
ST7	TMEM97	1	1	1	1
ST7	NFKBIA	1	1	1	1
ST7	GAPDH	1	1	1	1
ST7	PAX8	1	1	1	1
ST7	TIMM22	1	1	1	1
ST7	RPIA	1	1	1	1
VPS28	CLPX	1	1	1	1
VPS28	DCK	1	1	1	1
VPS28	ALAS1	1	1	1	1
VPS28	DENND2D	1	1	1	1
VPS28	LGMN	1	1	1	1
ALAS1	SKIV2L	1	1	1	1
ALAS1	BPHL	1	1	1	1
ALAS1	TRIB3	1	1	1	1
MTF2	PIK3R4	1	1	1	1
MTF2	CTNND1	1	1	1	1
PUF60	LRP10	1	1	1	1
PUF60	LSR	1	1	1	1
PUF60	MYCBP	1	1	1	1
PUF60	TLE1	1	1	1	1
PUF60	MYO10	1	1	1	1
TSEN2	GRB10	1	1	1	1
TSEN2	GOLT1B	1	1	1	1
TSEN2	EBNA1BP2	1	1	1	1
TSEN2	PLCB3	1	1	1	1
TSEN2	DHRS7	1	1	1	1
SFN	IARS2	1	1	1	1
SFN	PAFAH1B3	1	1	1	1
SFN	SUPV3L1	1	1	1	1
SFN	ORC1	1	1	1	1
SFN	IGHMBP2	1	1	1	1
SFN	POLR2I	1	1	1	1
SFN	SPR	1	1	1	1
SFN	TES	1	1	1	1
SFN	MAT2A	1	1	1	1
SFN	STAMBP	1	1	1	1
SFN	ZNF131	1	1	1	1
SFN	MBOAT7	1	1	1	1
SFN	S100A4	1	1	1	1
SFN	DCK	1	1	1	1
SFN	EML3	1	1	1	1
SFN	TNFRSF21	1	1	1	1
SFN	PHKA1	1	1	1	1
SFN	SLC35F2	1	1	1	1
SFN	NUP133	1	1	1	1
SFN	CLTB	1	1	1	1
SFN	SDHB	1	1	1	1
SFN	ADO	1	1	1	1
SFN	PDHX	1	1	1	1
SFN	MYL9	1	1	1	1
SFN	RTN2	1	1	1	1
SFN	RGS2	1	1	1	1
SFN	MALT1	1	1	1	1
SFN	ARID5B	1	1	1	1
SFN	SESN1	1	1	1	1
SFN	SLC37A4	1	1	1	1
SFN	FOXJ3	1	1	1	1
SFN	TERF2IP	1	1	1	1
SFN	EGFR	1	1	1	1
SFN	USP1	1	1	1	1
SFN	PTPN6	1	1	1	1
SFN	ARID4B	1	1	1	1
SFN	RPA3	1	1	1	1
SFN	SMC1A	1	1	1	1
SFN	FUT1	1	1	1	1
SFN	PCBD1	1	1	1	1
SFN	NR1H2	1	1	1	1
SFN	STX4	1	1	1	1
SFN	COPB2	1	1	1	1
SFN	MCOLN1	1	1	1	1
SFN	ETV1	1	1	1	1
SFN	HTATSF1	1	1	1	1
SFN	PHKB	1	1	1	1
SFN	VGLL4	1	1	1	1
SFN	DCTD	1	1	1	1
SFN	PCM1	1	1	1	1
SFN	NOS3	1	1	1	1
SFN	FYN	1	1	1	1
SFN	SMARCC1	1	1	1	1
SFN	PRSS23	1	1	1	1
SFN	EZH2	1	1	1	1
SFN	SPAG4	1	1	1	1
SFN	EXT1	1	1	1	1
SFN	FOXO3	1	1	1	1
SFN	UBE3C	1	1	1	1
SFN	EPN2	1	1	1	1
SFN	MYCBP2	1	1	1	1
SFN	PSMB8	1	1	1	1
SFN	DDX42	1	1	1	1
SFN	NOSIP	1	1	1	1
SFN	TJP1	1	1	1	1
SFN	SPAG7	1	1	1	1
SFN	BRCA1	1	1	1	1
SFN	LRPAP1	1	1	1	1
SFN	EDN1	1	1	1	1
SFN	MVP	1	1	1	1
SFN	GNA15	1	1	1	1
SFN	PAX8	1	1	1	1
SFN	SORBS3	1	1	1	1
SFN	IGF2R	1	1	1	1
SLC1A4	MPZL1	1	1	1	1
SLC1A4	EML3	1	1	1	1
PTK2B	PHGDH	1	1	1	1
MEF2C	SPR	1	1	1	1
ARHGEF12	HOMER2	1	1	1	1
ARHGEF12	POLD4	1	1	1	1
NVL	DHRS7	1	1	1	1
TSPAN3	ZNF395	1	1	1	1
TSPAN3	PLS1	1	1	1	1
TSPAN3	FOSL1	1	1	1	1
TSPAN3	LPAR2	1	1	1	1
ACAA1	PPP2R5A	1	1	1	1
ACAA1	UGDH	1	1	1	1
ACAA1	FGFR2	1	1	1	1
ACAA1	VAT1	1	1	1	1
ACAA1	TMED10	1	1	1	1
NFKB2	FBXL12	1	1	1	1
POLG2	CLSTN1	1	1	1	1
POLG2	ICAM3	1	1	1	1
POLG2	DNMT1	1	1	1	1
POLG2	SPAG7	1	1	1	1
POLG2	ATP5S	1	1	1	1
PIN1	DYNLT3	1	1	1	1
PIN1	IKBKAP	1	1	1	1
PIN1	GPR56	1	1	1	1
PIN1	TXNRD1	1	1	1	1
PIN1	CREG1	1	1	1	1
PIN1	PRCP	1	1	1	1
PIN1	GLOD4	1	1	1	1
SLC37A4	NIT1	1	1	1	1
DCUN1D4	HK1	1	1	1	1
DCUN1D4	GTF2A2	1	1	1	1
RAE1	BZW2	1	1	1	1
RAE1	ECH1	1	1	1	1
RAE1	FZD7	1	1	1	1
RAE1	MELK	1	1	1	1
RAE1	FDFT1	1	1	1	1
NIT1	CLPX	1	1	1	1
CTSD	MTFR1	1	1	1	1
CTSD	B3GNT1	1	1	1	1
CTSD	ADAM10	1	1	1	1
CTSD	TCTA	1	1	1	1
CTSD	KIAA0907	1	1	1	1
FOXJ3	PLS1	1	1	1	1
TCFL5	PRKCD	1	1	1	1
TCFL5	FBXO11	1	1	1	1
TCFL5	RPP38	1	1	1	1
TCFL5	MALT1	1	1	1	1
TCFL5	ECH1	1	1	1	1
TCFL5	FPGS	1	1	1	1
TCFL5	ETFB	1	1	1	1
TCFL5	NUP85	1	1	1	1
TGFBR2	RALB	1	1	1	1
TGFBR2	STMN1	1	1	1	1
TGFBR2	ETFB	1	1	1	1
DNM1L	IDE	1	1	1	1
UBE2C	ATF6	1	1	1	1
UBE2C	TM9SF3	1	1	1	1
UBE2C	VAPB	1	1	1	1
TP53BP1	ATF6	1	1	1	1
TP53BP1	ARFIP2	1	1	1	1
TP53BP1	ZNF274	1	1	1	1
TP53BP1	MAN2B1	1	1	1	1
TP53BP1	TRIM13	1	1	1	1
TP53BP1	ALDOA	1	1	1	1
TP53BP1	DDB2	1	1	1	1
TP53BP1	SYNGR3	1	1	1	1
TP53BP1	RAD51C	1	1	1	1
TP53BP1	ME2	1	1	1	1
TP53BP1	PRAF2	1	1	1	1
TP53BP1	CTSD	1	1	1	1
TP53BP1	CPNE3	1	1	1	1
TP53BP1	PLS1	1	1	1	1
TP53BP1	MAP2K5	1	1	1	1
TP53BP1	PAFAH1B1	1	1	1	1
TP53BP1	PIK3CA	1	1	1	1
TP53BP1	C2CD2	1	1	1	1
TP53BP1	FBXL12	1	1	1	1
TP53BP1	BDH1	1	1	1	1
TP53BP1	MAST2	1	1	1	1
TP53BP1	FAM69A	1	1	1	1
TP53BP1	TSPAN6	1	1	1	1
TP53BP1	GAA	1	1	1	1
TP53BP1	LSM5	1	1	1	1
TP53BP1	HOMER2	1	1	1	1
TP53BP1	HSPA1A	1	1	1	1
TP53BP1	FBXO21	1	1	1	1
TP53BP1	HES1	1	1	1	1
TP53BP1	TIPARP	1	1	1	1
TP53BP1	GHR	1	1	1	1
TP53BP1	TCEAL4	1	1	1	1
TP53BP1	LRPAP1	1	1	1	1
TP53BP1	TIMM22	1	1	1	1
DHDDS	PTPN6	1	1	1	1
KIAA1033	GATA3	1	1	1	1
KIAA1033	KLHDC2	1	1	1	1
KIAA1033	SPEN	1	1	1	1
KIAA1033	SLC35A3	1	1	1	1
KIAA1033	UBE3B	1	1	1	1
KIAA1033	SUZ12	1	1	1	1
KIAA1033	FHL2	1	1	1	1
RAB11FIP2	KIF5C	1	1	1	1
RAB11FIP2	MAP3K4	1	1	1	1
RAB11FIP2	KIF2C	1	1	1	1
RAB11FIP2	GPR56	1	1	1	1
RAB11FIP2	THAP11	1	1	1	1
RAB11FIP2	ELAC2	1	1	1	1
PACSIN3	POLG2	1	1	1	1
PACSIN3	EGF	1	1	1	1
PACSIN3	SPRED2	1	1	1	1
PACSIN3	DDIT4	1	1	1	1
PACSIN3	ARNT2	1	1	1	1
PACSIN3	MYO10	1	1	1	1
SCAND1	MKNK1	1	1	1	1
SCAND1	ADAM10	1	1	1	1
SCAND1	MNAT1	1	1	1	1
SCAND1	FUT1	1	1	1	1
TBXA2R	WFS1	1	1	1	1
TBXA2R	IKBKE	1	1	1	1
TERF2IP	MEST	1	1	1	1
APPBP2	NUP133	1	1	1	1
CTNNAL1	MIF	1	1	1	1
CTNNAL1	JMJD6	1	1	1	1
CTNNAL1	MAPK13	1	1	1	1
BAD	TP53	1	1	1	1
BAD	EBNA1BP2	1	1	1	1
PTPN1	DDX42	1	1	1	1
CLTC	PHKB	1	1	1	1
CLTC	NOLC1	1	1	1	1
PAPD7	RB1	1	1	1	1
PAPD7	DNAJA3	1	1	1	1
PAPD7	TMEM5	1	1	1	1
PAPD7	FGFR2	1	1	1	1
PAPD7	KIT	1	1	1	1
PAPD7	RGS2	1	1	1	1
PAPD7	SMC4	1	1	1	1
PAPD7	SFN	1	1	1	1
PAPD7	RRAGA	1	1	1	1
PAPD7	DAXX	1	1	1	1
PAPD7	LGMN	1	1	1	1
PAPD7	PHGDH	1	1	1	1
PAPD7	GLOD4	1	1	1	1
PAPD7	HDAC6	1	1	1	1
USP22	PAF1	1	1	1	1
USP22	HSD17B11	1	1	1	1
TBP	AARS	1	1	1	1
TBP	SCP2	1	1	1	1
TBP	USP6NL	1	1	1	1
TBP	EGFR	1	1	1	1
TBP	EAPP	1	1	1	1
TBP	SCRN1	1	1	1	1
TBP	C2CD2	1	1	1	1
TBP	GAA	1	1	1	1
UBR7	DNM1	1	1	1	1
PSME2	PSMG1	1	1	1	1
ACD	KCTD5	1	1	1	1
ACD	ARPP19	1	1	1	1
ACD	HK1	1	1	1	1
TCEA2	PSMF1	1	1	1	1
TCEA2	RNMT	1	1	1	1
TCEA2	GNAS	1	1	1	1
TCEA2	TMEM109	1	1	1	1
TCEA2	PSME1	1	1	1	1
TCEA2	IKBKAP	1	1	1	1
TCEA2	TESK1	1	1	1	1
TCEA2	ACAT2	1	1	1	1
TCEA2	NUSAP1	1	1	1	1
TCEA2	H2AFV	1	1	1	1
TCEA2	STK25	1	1	1	1
TCEA2	LSM6	1	1	1	1
TCEA2	SENP6	1	1	1	1
TCEA2	SOX4	1	1	1	1
TCEA2	TCTA	1	1	1	1
TCEA2	ELAVL1	1	1	1	1
TCEA2	SESN1	1	1	1	1
TCEA2	GADD45A	1	1	1	1
TCEA2	PUF60	1	1	1	1
TCEA2	NIT1	1	1	1	1
TCEA2	DNM1L	1	1	1	1
TCEA2	DDR1	1	1	1	1
TCEA2	TERF2IP	1	1	1	1
TCEA2	HTRA1	1	1	1	1
TCEA2	RPA3	1	1	1	1
TCEA2	PAFAH1B1	1	1	1	1
TCEA2	C2CD2	1	1	1	1
TCEA2	PTPRF	1	1	1	1
TCEA2	BDH1	1	1	1	1
TCEA2	USP14	1	1	1	1
TCEA2	DCTD	1	1	1	1
TCEA2	FYN	1	1	1	1
TCEA2	ITGAE	1	1	1	1
TCEA2	SCCPDH	1	1	1	1
TCEA2	VAPB	1	1	1	1
TCEA2	HSPA1A	1	1	1	1
TCEA2	TOPBP1	1	1	1	1
TCEA2	EDEM1	1	1	1	1
TCEA2	RFX5	1	1	1	1
TCEA2	MYLK	1	1	1	1
TCEA2	KAT6B	1	1	1	1
TCEA2	DUSP22	1	1	1	1
TCEA2	ENOPH1	1	1	1	1
TCEA2	MAMLD1	1	1	1	1
TCEA2	PDLIM1	1	1	1	1
TCEA2	CTNND1	1	1	1	1
TCEA2	PGRMC1	1	1	1	1
USP1	ECD	1	1	1	1
GOLT1B	ATP1B1	1	1	1	1
GOLT1B	ST6GALNAC2	1	1	1	1
GOLT1B	POLG2	1	1	1	1
NENF	TRIB1	1	1	1	1
NENF	TMEM5	1	1	1	1
NENF	STK25	1	1	1	1
NENF	IL4R	1	1	1	1
NENF	NFKB2	1	1	1	1
NENF	APPBP2	1	1	1	1
NENF	UBR7	1	1	1	1
NENF	AKAP8L	1	1	1	1
NENF	DUSP14	1	1	1	1
NENF	PHGDH	1	1	1	1
NENF	TM9SF2	1	1	1	1
NENF	MLEC	1	1	1	1
TP53	KDM5B	1	1	1	1
TP53	GNAI1	1	1	1	1
TP53	PAFAH1B3	1	1	1	1
TP53	GSTZ1	1	1	1	1
TP53	ARFIP2	1	1	1	1
TP53	ZNF131	1	1	1	1
TP53	XPNPEP1	1	1	1	1
TP53	SPTLC2	1	1	1	1
TP53	PTPN12	1	1	1	1
TP53	PHKA1	1	1	1	1
TP53	ALDOA	1	1	1	1
TP53	IL13RA1	1	1	1	1
TP53	FGFR2	1	1	1	1
TP53	GPR56	1	1	1	1
TP53	DDB2	1	1	1	1
TP53	TIMM17B	1	1	1	1
TP53	HAT1	1	1	1	1
TP53	FOS	1	1	1	1
TP53	ACLY	1	1	1	1
TP53	ARHGEF12	1	1	1	1
TP53	PIN1	1	1	1	1
TP53	TRIB3	1	1	1	1
TP53	DENND2D	1	1	1	1
TP53	SMC1A	1	1	1	1
TP53	SLC35A3	1	1	1	1
TP53	NR1H2	1	1	1	1
TP53	PSMD2	1	1	1	1
TP53	MCOLN1	1	1	1	1
TP53	SNX7	1	1	1	1
TP53	PHKB	1	1	1	1
TP53	PCM1	1	1	1	1
TP53	HOOK2	1	1	1	1
TP53	ITGB1BP1	1	1	1	1
TP53	KCNK1	1	1	1	1
TP53	ITFG1	1	1	1	1
TP53	TJP1	1	1	1	1
TP53	SPAG7	1	1	1	1
TP53	FKBP14	1	1	1	1
TP53	MBTPS1	1	1	1	1
TP53	SORBS3	1	1	1	1
TP53	DNTTIP2	1	1	1	1
ARID4B	KDM5B	1	1	1	1
ARID4B	BPHL	1	1	1	1
MAP2K5	VPS72	1	1	1	1
MAP2K5	ATG3	1	1	1	1
MAP2K5	KIF5C	1	1	1	1
MAP2K5	UGDH	1	1	1	1
MAP2K5	ENOSF1	1	1	1	1
MAP2K5	TRAP1	1	1	1	1
MAP2K5	MAP4K4	1	1	1	1
MAP2K5	RNH1	1	1	1	1
MAP2K5	HOXA5	1	1	1	1
MAP2K5	SCYL3	1	1	1	1
MAP2K5	PGM1	1	1	1	1
TCTN1	YKT6	1	1	1	1
TCTN1	GRB10	1	1	1	1
TCTN1	CREB1	1	1	1	1
TCTN1	TMEM50A	1	1	1	1
TCTN1	ARHGEF12	1	1	1	1
TCTN1	STMN1	1	1	1	1
TCTN1	FBXL12	1	1	1	1
TCTN1	RPA1	1	1	1	1
TCTN1	NCAPD2	1	1	1	1
TCTN1	PRPF4	1	1	1	1
TCTN1	RUVBL1	1	1	1	1
SMC1A	GDPD5	1	1	1	1
PAN2	PAFAH1B3	1	1	1	1
PAN2	TMEM2	1	1	1	1
PAN2	PDHX	1	1	1	1
PAN2	HMGCS1	1	1	1	1
TOP2A	LSR	1	1	1	1
TOP2A	SMC1A	1	1	1	1
TOP2A	CPSF4	1	1	1	1
EGF	NUCB2	1	1	1	1
EGF	RBKS	1	1	1	1
EGF	ACAT2	1	1	1	1
EGF	HN1L	1	1	1	1
EGF	DNAJB1	1	1	1	1
EGF	RAE1	1	1	1	1
EGF	TCTN1	1	1	1	1
PMAIP1	DYNLT3	1	1	1	1
PMAIP1	PSMG1	1	1	1	1
PMAIP1	WFS1	1	1	1	1
PMAIP1	TFAP2A	1	1	1	1
PMAIP1	UBE2A	1	1	1	1
PMAIP1	LRPAP1	1	1	1	1
PMAIP1	DERA	1	1	1	1
IFRD2	ZW10	1	1	1	1
IFRD2	PTPN1	1	1	1	1
IFRD2	PCBD1	1	1	1	1
IFRD2	SATB1	1	1	1	1
IFRD2	ADAT1	1	1	1	1
IFRD2	PCNA	1	1	1	1
ECH1	INPP4B	1	1	1	1
ECH1	PAN2	1	1	1	1
ECH1	COPB2	1	1	1	1
ECH1	LIG1	1	1	1	1
SLC35A3	DDB2	1	1	1	1
TP53BP2	PGRMC1	1	1	1	1
ZNF318	LRP10	1	1	1	1
PHKG2	MPZL1	1	1	1	1
PHKG2	XPNPEP1	1	1	1	1
PHKG2	CYB561	1	1	1	1
PHKG2	TIMELESS	1	1	1	1
PHKG2	TPD52L2	1	1	1	1
PHKG2	DNTTIP2	1	1	1	1
FUT1	EPRS	1	1	1	1
FUT1	ISOC1	1	1	1	1
FUT1	DNAJB1	1	1	1	1
FUT1	MAMLD1	1	1	1	1
UBE3B	ATG3	1	1	1	1
UBE3B	TSC22D3	1	1	1	1
UBE3B	HADH	1	1	1	1
UBE3B	UBE3B	1	1	1	1
UBE3B	WFS1	1	1	1	1
UBE3B	PYCR1	1	1	1	1
UBE3B	PGAM1	1	1	1	1
UBE3B	BNIP3L	1	1	1	1
APP	PLEKHM1	1	1	1	1
APP	ORC1	1	1	1	1
APP	PPP2R5A	1	1	1	1
APP	TES	1	1	1	1
APP	STAT5B	1	1	1	1
APP	PFKL	1	1	1	1
APP	MAP3K4	1	1	1	1
APP	KDM5A	1	1	1	1
APP	MBOAT7	1	1	1	1
APP	PSME1	1	1	1	1
APP	DCK	1	1	1	1
APP	EML3	1	1	1	1
APP	SPTAN1	1	1	1	1
APP	MMP1	1	1	1	1
APP	TNFRSF21	1	1	1	1
APP	PHKA1	1	1	1	1
APP	ICMT	1	1	1	1
APP	LAP3	1	1	1	1
APP	MYL9	1	1	1	1
APP	TIMM17B	1	1	1	1
APP	ARID5B	1	1	1	1
APP	SESN1	1	1	1	1
APP	VPS28	1	1	1	1
APP	ACLY	1	1	1	1
APP	PUF60	1	1	1	1
APP	WDR7	1	1	1	1
APP	RAE1	1	1	1	1
APP	USP1	1	1	1	1
APP	ARID4B	1	1	1	1
APP	SLC35A3	1	1	1	1
APP	FUT1	1	1	1	1
APP	COPB2	1	1	1	1
APP	MCOLN1	1	1	1	1
APP	HTATSF1	1	1	1	1
APP	FGFR4	1	1	1	1
APP	SNX7	1	1	1	1
APP	DCTD	1	1	1	1
APP	FYN	1	1	1	1
APP	LSM5	1	1	1	1
APP	TXNDC9	1	1	1	1
APP	PRSS23	1	1	1	1
APP	COG4	1	1	1	1
APP	FOXO3	1	1	1	1
APP	FOSL1	1	1	1	1
APP	MYCBP2	1	1	1	1
APP	NOSIP	1	1	1	1
APP	TJP1	1	1	1	1
APP	SPAG7	1	1	1	1
APP	TM9SF2	1	1	1	1
APP	MAPK13	1	1	1	1
APP	GNAI2	1	1	1	1
APP	EDN1	1	1	1	1
APP	ERBB2	1	1	1	1
APP	IGF2R	1	1	1	1
MFSD10	TNFRSF21	1	1	1	1
MFSD10	ADH5	1	1	1	1
MFSD10	GALE	1	1	1	1
MFSD10	MELK	1	1	1	1
COASY	UGDH	1	1	1	1
COASY	MAST2	1	1	1	1
HERC6	UGDH	1	1	1	1
HERC6	TMEM50A	1	1	1	1
HERC6	MAPK1IP1L	1	1	1	1
HERC6	TRIB3	1	1	1	1
HERC6	PXN	1	1	1	1
HERC6	FASTKD5	1	1	1	1
HERC6	IER3	1	1	1	1
HERC6	GNA11	1	1	1	1
HERC6	TRAPPC3	1	1	1	1
GPATCH8	SCAND1	1	1	1	1
GPATCH8	MSH6	1	1	1	1
NR1H2	SLC1A4	1	1	1	1
SPP1	GATA3	1	1	1	1
SPP1	GATA2	1	1	1	1
FIS1	IARS2	1	1	1	1
FIS1	TPM1	1	1	1	1
FIS1	GRWD1	1	1	1	1
FIS1	MAPK9	1	1	1	1
FIS1	GSTZ1	1	1	1	1
FIS1	SRC	1	1	1	1
FIS1	MSRA	1	1	1	1
FIS1	PRKX	1	1	1	1
FIS1	HERPUD1	1	1	1	1
FIS1	OXCT1	1	1	1	1
FIS1	GPR56	1	1	1	1
FIS1	TRAP1	1	1	1	1
FIS1	HDAC2	1	1	1	1
FIS1	OXA1L	1	1	1	1
FIS1	SFN	1	1	1	1
FIS1	PIK3R4	1	1	1	1
FIS1	RHOA	1	1	1	1
FIS1	DCUN1D4	1	1	1	1
FIS1	NIT1	1	1	1	1
FIS1	FOXJ3	1	1	1	1
FIS1	NPC1	1	1	1	1
FIS1	C5	1	1	1	1
FIS1	LGMN	1	1	1	1
FIS1	CSRP1	1	1	1	1
FIS1	NUDT9	1	1	1	1
FIS1	PCNA	1	1	1	1
FIS1	LAGE3	1	1	1	1
FIS1	PIP4K2B	1	1	1	1
FIS1	DNTTIP2	1	1	1	1
FIS1	FKBP4	1	1	1	1
GMNN	PGRMC1	1	1	1	1
IDE	GRWD1	1	1	1	1
IDE	BAX	1	1	1	1
IDE	BACE2	1	1	1	1
IDE	KIT	1	1	1	1
IDE	TFDP1	1	1	1	1
IDE	FAH	1	1	1	1
IDE	PIP4K2B	1	1	1	1
PSMD2	P4HA2	1	1	1	1
JUN	FIS1	1	1	1	1
JUN	FAM63A	1	1	1	1
JUN	AURKA	1	1	1	1
DAXX	ZFP36	1	1	1	1
DAXX	SKIV2L	1	1	1	1
DAXX	KLHL21	1	1	1	1
DAXX	BIRC5	1	1	1	1
DAXX	G3BP1	1	1	1	1
DAXX	SLC35A1	1	1	1	1
DAXX	COPB2	1	1	1	1
DAXX	RRP12	1	1	1	1
DAXX	SHB	1	1	1	1
DAXX	TPD52L2	1	1	1	1
DAXX	MLEC	1	1	1	1
SCRN1	HN1L	1	1	1	1
SCRN1	TRIM13	1	1	1	1
SCRN1	SLC2A6	1	1	1	1
SCRN1	NFKB2	1	1	1	1
SCRN1	BNIP3	1	1	1	1
SCRN1	KIAA0753	1	1	1	1
SCRN1	PSMB8	1	1	1	1
SCRN1	PRCP	1	1	1	1
ETV1	ORC1	1	1	1	1
ETV1	CYTH1	1	1	1	1
ETV1	BAD	1	1	1	1
ETV1	DNM1	1	1	1	1
ETV1	ARID4B	1	1	1	1
ETV1	COPB2	1	1	1	1
ETV1	TIPARP	1	1	1	1
ETV1	SACM1L	1	1	1	1
C5	WIPF2	1	1	1	1
C5	LAP3	1	1	1	1
C5	ITFG1	1	1	1	1
HTATSF1	SDHB	1	1	1	1
HTATSF1	FOS	1	1	1	1
LRRC16A	PRR15L	1	1	1	1
LRRC16A	PRKACA	1	1	1	1
LRRC16A	VAV3	1	1	1	1
LRRC16A	GSTZ1	1	1	1	1
LRRC16A	CLPX	1	1	1	1
LRRC16A	TOR1A	1	1	1	1
LRRC16A	ATP2C1	1	1	1	1
LRRC16A	C2CD2L	1	1	1	1
LRRC16A	FAS	1	1	1	1
LRRC16A	SNX7	1	1	1	1
LRRC16A	FYN	1	1	1	1
LRRC16A	ELAC2	1	1	1	1
FPGS	NCAPD2	1	1	1	1
FBXL12	TMEM2	1	1	1	1
FBXL12	PTPN12	1	1	1	1
FBXL12	HSPA1A	1	1	1	1
FBXL12	TMEM97	1	1	1	1
FBXL12	ELOVL6	1	1	1	1
TWF2	SPR	1	1	1	1
TWF2	MYCBP2	1	1	1	1
TWF2	KAT6B	1	1	1	1
RAB4A	STX4	1	1	1	1
TXLNA	RALB	1	1	1	1
TXLNA	C2CD2L	1	1	1	1
TXLNA	RAE1	1	1	1	1
TXLNA	PAN2	1	1	1	1
TXLNA	HTATSF1	1	1	1	1
TXLNA	PSMD10	1	1	1	1
TXLNA	PIH1D1	1	1	1	1
TXLNA	GAPDH	1	1	1	1
TXLNA	SORBS3	1	1	1	1
RALGDS	KDM5B	1	1	1	1
RALGDS	CLSTN1	1	1	1	1
RALGDS	VPS72	1	1	1	1
RALGDS	PAFAH1B3	1	1	1	1
RALGDS	SUPV3L1	1	1	1	1
RALGDS	GPC1	1	1	1	1
RALGDS	PLEKHM1	1	1	1	1
RALGDS	IGHMBP2	1	1	1	1
RALGDS	POLR2I	1	1	1	1
RALGDS	KIF5C	1	1	1	1
RALGDS	RFNG	1	1	1	1
RALGDS	PSMF1	1	1	1	1
RALGDS	RAB21	1	1	1	1
RALGDS	PSMG1	1	1	1	1
RALGDS	PRKCD	1	1	1	1
RALGDS	SCP2	1	1	1	1
RALGDS	ZNF131	1	1	1	1
RALGDS	NMT1	1	1	1	1
RALGDS	MAN2B1	1	1	1	1
RALGDS	DPH2	1	1	1	1
RALGDS	GTF2E2	1	1	1	1
RALGDS	NUP88	1	1	1	1
RALGDS	RBKS	1	1	1	1
RALGDS	FBXO11	1	1	1	1
RALGDS	DCK	1	1	1	1
RALGDS	NSDHL	1	1	1	1
RALGDS	IKBKAP	1	1	1	1
RALGDS	NET1	1	1	1	1
RALGDS	NIPSNAP1	1	1	1	1
RALGDS	ACAT2	1	1	1	1
RALGDS	FOXO4	1	1	1	1
RALGDS	MEST	1	1	1	1
RALGDS	SLC2A6	1	1	1	1
RALGDS	H2AFV	1	1	1	1
RALGDS	GALE	1	1	1	1
RALGDS	CLTB	1	1	1	1
RALGDS	SDHB	1	1	1	1
RALGDS	MICALL1	1	1	1	1
RALGDS	BACE2	1	1	1	1
RALGDS	PCMT1	1	1	1	1
RALGDS	HEATR1	1	1	1	1
RALGDS	AXIN1	1	1	1	1
RALGDS	P4HA2	1	1	1	1
RALGDS	DFFB	1	1	1	1
RALGDS	DDB2	1	1	1	1
RALGDS	POP4	1	1	1	1
RALGDS	FAIM	1	1	1	1
RALGDS	KIAA0196	1	1	1	1
RALGDS	SOX4	1	1	1	1
RALGDS	RGS2	1	1	1	1
RALGDS	MAP4K4	1	1	1	1
RALGDS	SYK	1	1	1	1
RALGDS	ICAM3	1	1	1	1
RALGDS	HAT1	1	1	1	1
RALGDS	OXA1L	1	1	1	1
RALGDS	KIAA0907	1	1	1	1
RALGDS	GADD45A	1	1	1	1
RALGDS	THAP11	1	1	1	1
RALGDS	NFKB2	1	1	1	1
RALGDS	TGFBR2	1	1	1	1
RALGDS	CPNE3	1	1	1	1
RALGDS	DHDDS	1	1	1	1
RALGDS	DDR1	1	1	1	1
RALGDS	EVL	1	1	1	1
RALGDS	PACSIN3	1	1	1	1
RALGDS	APPBP2	1	1	1	1
RALGDS	PTPN1	1	1	1	1
RALGDS	PSME2	1	1	1	1
RALGDS	HADH	1	1	1	1
RALGDS	GOLT1B	1	1	1	1
RALGDS	NUP62	1	1	1	1
RALGDS	MAPKAPK5	1	1	1	1
RALGDS	MAP2K5	1	1	1	1
RALGDS	BLMH	1	1	1	1
RALGDS	STAP2	1	1	1	1
RALGDS	GATA2	1	1	1	1
RALGDS	COASY	1	1	1	1
RALGDS	SLC35A1	1	1	1	1
RALGDS	SPP1	1	1	1	1
RALGDS	PIK3CA	1	1	1	1
RALGDS	GMNN	1	1	1	1
RALGDS	FAM20B	1	1	1	1
RALGDS	HSD17B11	1	1	1	1
RALGDS	HTATSF1	1	1	1	1
RALGDS	TIMELESS	1	1	1	1
RALGDS	RAB4A	1	1	1	1
RALGDS	TXLNA	1	1	1	1
RALGDS	FGFR4	1	1	1	1
RALGDS	PHKB	1	1	1	1
RALGDS	USP14	1	1	1	1
RALGDS	LGMN	1	1	1	1
RALGDS	ARPP19	1	1	1	1
RALGDS	RALA	1	1	1	1
RALGDS	ETFB	1	1	1	1
RALGDS	CRELD2	1	1	1	1
RALGDS	NFE2L2	1	1	1	1
RALGDS	ZNF451	1	1	1	1
RALGDS	GAA	1	1	1	1
RALGDS	UBE2A	1	1	1	1
RALGDS	LAMA3	1	1	1	1
RALGDS	MRPS16	1	1	1	1
RALGDS	TXNRD1	1	1	1	1
RALGDS	ABCF3	1	1	1	1
RALGDS	LIPA	1	1	1	1
RALGDS	PYCR1	1	1	1	1
RALGDS	BAMBI	1	1	1	1
RALGDS	ITGB1BP1	1	1	1	1
RALGDS	HSPA1A	1	1	1	1
RALGDS	HOXA5	1	1	1	1
RALGDS	SMARCD2	1	1	1	1
RALGDS	FAT1	1	1	1	1
RALGDS	MYCBP2	1	1	1	1
RALGDS	DDX42	1	1	1	1
RALGDS	NOSIP	1	1	1	1
RALGDS	ATMIN	1	1	1	1
RALGDS	MTA1	1	1	1	1
RALGDS	TRAPPC3	1	1	1	1
RALGDS	ALDOC	1	1	1	1
RALGDS	FSD1	1	1	1	1
RALGDS	EPHB2	1	1	1	1
RALGDS	TBPL1	1	1	1	1
RALGDS	SLC27A3	1	1	1	1
RALGDS	TMEM97	1	1	1	1
RALGDS	SNX11	1	1	1	1
RALGDS	ZDHHC6	1	1	1	1
RALGDS	MAP7	1	1	1	1
RALGDS	RRP1B	1	1	1	1
RALGDS	LIG1	1	1	1	1
RALGDS	RPA2	1	1	1	1
RALGDS	ELOVL6	1	1	1	1
RALGDS	NFKBIA	1	1	1	1
RALGDS	MYO10	1	1	1	1
RALGDS	CSNK1A1	1	1	1	1
RALGDS	PIP4K2B	1	1	1	1
RALGDS	BCL2	1	1	1	1
RALGDS	MAMLD1	1	1	1	1
RALGDS	TRAPPC6A	1	1	1	1
RALGDS	BLCAP	1	1	1	1
RALGDS	GTF2A2	1	1	1	1
CPSF4	HADH	1	1	1	1
CPSF4	PPOX	1	1	1	1
HS2ST1	MEST	1	1	1	1
HS2ST1	PRUNE	1	1	1	1
HS2ST1	TFDP1	1	1	1	1
HS2ST1	TXNDC9	1	1	1	1
HS2ST1	YME1L1	1	1	1	1
HS2ST1	EIF4EBP1	1	1	1	1
PTPRF	PAK4	1	1	1	1
SNX7	ID2	1	1	1	1
BDH1	CORO1A	1	1	1	1
BDH1	NNT	1	1	1	1
BDH1	IL13RA1	1	1	1	1
BDH1	NUDCD3	1	1	1	1
BDH1	BAD	1	1	1	1
BDH1	PTPLAD1	1	1	1	1
BDH1	CTTN	1	1	1	1
BDH1	FAT1	1	1	1	1
BDH1	TATDN2	1	1	1	1
IPO13	AKT1	1	1	1	1
IPO13	PIH1D1	1	1	1	1
RBM6	KCNK1	1	1	1	1
PMM2	FOXO3	1	1	1	1
PTPLAD1	CYTH1	1	1	1	1
PTPLAD1	NUP133	1	1	1	1
PTPLAD1	SPDEF	1	1	1	1
PTPLAD1	PDS5A	1	1	1	1
PTPLAD1	POLB	1	1	1	1
PARP1	ACAT2	1	1	1	1
PARP1	DRAP1	1	1	1	1
PARP1	CYB561	1	1	1	1
PARP1	TIMELESS	1	1	1	1
PHKB	PRKCD	1	1	1	1
PHKB	TCTA	1	1	1	1
TOMM34	SLC25A4	1	1	1	1
TOMM34	ZNF586	1	1	1	1
NARFL	PPP2R5A	1	1	1	1
NARFL	ST6GALNAC2	1	1	1	1
NARFL	NIT1	1	1	1	1
NARFL	STAP2	1	1	1	1
NARFL	RAB4A	1	1	1	1
NARFL	ERO1L	1	1	1	1
NARFL	ALDOC	1	1	1	1
PLP2	DMTF1	1	1	1	1
PLP2	SCCPDH	1	1	1	1
VGLL4	PPP2R5A	1	1	1	1
VGLL4	RNMT	1	1	1	1
VGLL4	SKIV2L	1	1	1	1
VGLL4	TRAP1	1	1	1	1
VGLL4	SCAND1	1	1	1	1
VGLL4	TOMM34	1	1	1	1
VGLL4	INPP1	1	1	1	1
VGLL4	TJP1	1	1	1	1
VGLL4	MACF1	1	1	1	1
USP14	MVP	1	1	1	1
FASTKD5	GPR56	1	1	1	1
FASTKD5	ELAC2	1	1	1	1
LRRC41	DAG1	1	1	1	1
DCTD	NR3C1	1	1	1	1
DCTD	EDEM1	1	1	1	1
MAST2	GLRX	1	1	1	1
MAST2	RNMT	1	1	1	1
MAST2	BID	1	1	1	1
MAST2	MNAT1	1	1	1	1
MAST2	CSRP1	1	1	1	1
RALA	PPOX	1	1	1	1
RALA	SKP1	1	1	1	1
BNIP3	PHKB	1	1	1	1
BNIP3	NOSIP	1	1	1	1
NOS3	GRWD1	1	1	1	1
NOS3	FOXO4	1	1	1	1
NOS3	ATP2C1	1	1	1	1
NOS3	GADD45A	1	1	1	1
NOS3	INPP4B	1	1	1	1
NOS3	HMGCS1	1	1	1	1
NOS3	TRAPPC6A	1	1	1	1
NOS3	ARHGAP1	1	1	1	1
FYN	RPS6KA1	1	1	1	1
FAM69A	TMEM109	1	1	1	1
FAM69A	CSK	1	1	1	1
FAM69A	PDIA5	1	1	1	1
FAM69A	GNA11	1	1	1	1
PIGB	FAM63A	1	1	1	1
CRKL	NUP85	1	1	1	1
ICAM1	ANXA7	1	1	1	1
ICAM1	BNIP3	1	1	1	1
ICAM1	PGAM1	1	1	1	1
ICAM1	FBXO7	1	1	1	1
ICAM1	SMNDC1	1	1	1	1
IER3	AKR7A2	1	1	1	1
SMARCC1	PAFAH1B3	1	1	1	1
SMARCC1	RELB	1	1	1	1
SMARCC1	MAPK9	1	1	1	1
SMARCC1	SPR	1	1	1	1
SMARCC1	PSMF1	1	1	1	1
SMARCC1	GATA3	1	1	1	1
SMARCC1	ZNF131	1	1	1	1
SMARCC1	RPS6	1	1	1	1
SMARCC1	RBM15B	1	1	1	1
SMARCC1	TNFRSF21	1	1	1	1
SMARCC1	TMEM50A	1	1	1	1
SMARCC1	BLVRA	1	1	1	1
SMARCC1	LAP3	1	1	1	1
SMARCC1	HEATR1	1	1	1	1
SMARCC1	RTN2	1	1	1	1
SMARCC1	STK25	1	1	1	1
SMARCC1	DDB2	1	1	1	1
SMARCC1	PPIE	1	1	1	1
SMARCC1	KIAA0196	1	1	1	1
SMARCC1	WRB	1	1	1	1
SMARCC1	ASAH1	1	1	1	1
SMARCC1	INPP4B	1	1	1	1
SMARCC1	CTNNAL1	1	1	1	1
SMARCC1	PTPRK	1	1	1	1
SMARCC1	STK10	1	1	1	1
SMARCC1	SMC1A	1	1	1	1
SMARCC1	PAN2	1	1	1	1
SMARCC1	BLMH	1	1	1	1
SMARCC1	EAPP	1	1	1	1
SMARCC1	NPC1	1	1	1	1
SMARCC1	AURKB	1	1	1	1
SMARCC1	FGFR4	1	1	1	1
SMARCC1	FASTKD5	1	1	1	1
SMARCC1	ST3GAL5	1	1	1	1
SMARCC1	DNMT1	1	1	1	1
SMARCC1	LGMN	1	1	1	1
SMARCC1	FYN	1	1	1	1
SMARCC1	TSPAN4	1	1	1	1
SMARCC1	LIPA	1	1	1	1
SMARCC1	MYCBP	1	1	1	1
SMARCC1	ITGB1BP1	1	1	1	1
SMARCC1	PLK1	1	1	1	1
SMARCC1	ATMIN	1	1	1	1
SMARCC1	FBXO7	1	1	1	1
SMARCC1	FKBP14	1	1	1	1
SMARCC1	ZDHHC6	1	1	1	1
SMARCC1	EDN1	1	1	1	1
SMARCC1	POLR1C	1	1	1	1
SCARB1	PDHX	1	1	1	1
SCARB1	ACAA1	1	1	1	1
SCARB1	DENND2D	1	1	1	1
SCARB1	MAP2K5	1	1	1	1
SCARB1	FAM63A	1	1	1	1
CNDP2	BCL7B	1	1	1	1
SHB	ATG3	1	1	1	1
SHB	BZW2	1	1	1	1
SHB	SLC35F2	1	1	1	1
SHB	AKR7A2	1	1	1	1
SHB	TXNRD1	1	1	1	1
SHB	PPOX	1	1	1	1
SHB	AURKA	1	1	1	1
CRK	EPN2	1	1	1	1
CRK	IQGAP1	1	1	1	1
HOOK2	MBNL1	1	1	1	1
HOOK2	GNPDA1	1	1	1	1
HOOK2	NUCB2	1	1	1	1
HOOK2	SLC35F2	1	1	1	1
HOOK2	POP4	1	1	1	1
HOOK2	TMEM97	1	1	1	1
HOOK2	NFKBIA	1	1	1	1
BAG3	STXBP2	1	1	1	1
BAG3	TSKU	1	1	1	1
PDS5A	B3GNT1	1	1	1	1
PDS5A	NIPSNAP1	1	1	1	1
PDS5A	DYRK3	1	1	1	1
PDS5A	EGFR	1	1	1	1
PDS5A	TRIM2	1	1	1	1
PDS5A	POLB	1	1	1	1
CXCL2	PIGB	1	1	1	1
CXCL2	SUZ12	1	1	1	1
DLD	PTPN12	1	1	1	1
DLD	RAD51C	1	1	1	1
DLD	FAM20B	1	1	1	1
DLD	CRELD2	1	1	1	1
DLD	TRAPPC3	1	1	1	1
FAM57A	NENF	1	1	1	1
TXNDC9	SQSTM1	1	1	1	1
TXNDC9	TXLNA	1	1	1	1
SUZ12	DHX29	1	1	1	1
SUZ12	DECR1	1	1	1	1
SUZ12	SFN	1	1	1	1
SUZ12	NISCH	1	1	1	1
SUZ12	MYLK	1	1	1	1
PRSS23	PUF60	1	1	1	1
PRSS23	ZNF451	1	1	1	1
PRSS23	GAA	1	1	1	1
PRSS23	RNH1	1	1	1	1
ABCF1	CLSTN1	1	1	1	1
ABCF1	USP6NL	1	1	1	1
ABCF1	GTF2E2	1	1	1	1
ABCF1	PTK2	1	1	1	1
TFAP2A	POLB	1	1	1	1
UBE2A	TMEM5	1	1	1	1
LAMA3	BTK	1	1	1	1
LAMA3	CLSTN1	1	1	1	1
LAMA3	DECR1	1	1	1	1
LAMA3	ATF6	1	1	1	1
LAMA3	GPC1	1	1	1	1
LAMA3	PLEKHM1	1	1	1	1
LAMA3	ORC1	1	1	1	1
LAMA3	PIK3C3	1	1	1	1
LAMA3	HMOX1	1	1	1	1
LAMA3	SLC25A13	1	1	1	1
LAMA3	RB1	1	1	1	1
LAMA3	TSTA3	1	1	1	1
LAMA3	VAV3	1	1	1	1
LAMA3	TES	1	1	1	1
LAMA3	GNPDA1	1	1	1	1
LAMA3	RNMT	1	1	1	1
LAMA3	GNAS	1	1	1	1
LAMA3	PAK4	1	1	1	1
LAMA3	BZW2	1	1	1	1
LAMA3	TMCO1	1	1	1	1
LAMA3	NMT1	1	1	1	1
LAMA3	STXBP2	1	1	1	1
LAMA3	MBOAT7	1	1	1	1
LAMA3	DPH2	1	1	1	1
LAMA3	PAF1	1	1	1	1
LAMA3	NUP88	1	1	1	1
LAMA3	PSME1	1	1	1	1
LAMA3	HSPA4	1	1	1	1
LAMA3	RAD9A	1	1	1	1
LAMA3	RPS6	1	1	1	1
LAMA3	PTPN12	1	1	1	1
LAMA3	GFPT1	1	1	1	1
LAMA3	KIF2C	1	1	1	1
LAMA3	AGL	1	1	1	1
LAMA3	CREB1	1	1	1	1
LAMA3	PEX11A	1	1	1	1
LAMA3	SGCB	1	1	1	1
LAMA3	ZMYM2	1	1	1	1
LAMA3	STX1A	1	1	1	1
LAMA3	MCM3	1	1	1	1
LAMA3	PIK3C2B	1	1	1	1
LAMA3	SOX2	1	1	1	1
LAMA3	ADH5	1	1	1	1
LAMA3	NRAS	1	1	1	1
LAMA3	NT5DC2	1	1	1	1
LAMA3	ILK	1	1	1	1
LAMA3	H2AFV	1	1	1	1
LAMA3	TXNL4B	1	1	1	1
LAMA3	JMJD6	1	1	1	1
LAMA3	EPHA3	1	1	1	1
LAMA3	GALE	1	1	1	1
LAMA3	NUP133	1	1	1	1
LAMA3	LAP3	1	1	1	1
LAMA3	AXIN1	1	1	1	1
LAMA3	P4HA2	1	1	1	1
LAMA3	DFFB	1	1	1	1
LAMA3	DDB2	1	1	1	1
LAMA3	FAIM	1	1	1	1
LAMA3	ATP2C1	1	1	1	1
LAMA3	ANO10	1	1	1	1
LAMA3	SOX4	1	1	1	1
LAMA3	TEX10	1	1	1	1
LAMA3	TIMM17B	1	1	1	1
LAMA3	MAP4K4	1	1	1	1
LAMA3	GADD45B	1	1	1	1
LAMA3	SIRT3	1	1	1	1
LAMA3	INSIG1	1	1	1	1
LAMA3	CXCR4	1	1	1	1
LAMA3	FOS	1	1	1	1
LAMA3	GADD45A	1	1	1	1
LAMA3	ETS1	1	1	1	1
LAMA3	TSEN2	1	1	1	1
LAMA3	WDR7	1	1	1	1
LAMA3	NFKB2	1	1	1	1
LAMA3	PIN1	1	1	1	1
LAMA3	SLC37A4	1	1	1	1
LAMA3	DCUN1D4	1	1	1	1
LAMA3	RAE1	1	1	1	1
LAMA3	CTSD	1	1	1	1
LAMA3	SNCA	1	1	1	1
LAMA3	DHDDS	1	1	1	1
LAMA3	DDR1	1	1	1	1
LAMA3	STMN1	1	1	1	1
LAMA3	KIAA1033	1	1	1	1
LAMA3	TERF2IP	1	1	1	1
LAMA3	DDX10	1	1	1	1
LAMA3	CYB561	1	1	1	1
LAMA3	PAPD7	1	1	1	1
LAMA3	STK10	1	1	1	1
LAMA3	DENND2D	1	1	1	1
LAMA3	MAPKAPK5	1	1	1	1
LAMA3	BLMH	1	1	1	1
LAMA3	EGF	1	1	1	1
LAMA3	PMAIP1	1	1	1	1
LAMA3	GATA2	1	1	1	1
LAMA3	SLC35A3	1	1	1	1
LAMA3	PCBD1	1	1	1	1
LAMA3	GMNN	1	1	1	1
LAMA3	NPC1	1	1	1	1
LAMA3	HOXA10	1	1	1	1
LAMA3	EGR1	1	1	1	1
LAMA3	ETV1	1	1	1	1
LAMA3	FBXL12	1	1	1	1
LAMA3	TXLNA	1	1	1	1
LAMA3	PTPRF	1	1	1	1
LAMA3	STXBP1	1	1	1	1
LAMA3	FZD1	1	1	1	1
LAMA3	DCTD	1	1	1	1
LAMA3	MAST2	1	1	1	1
LAMA3	FYN	1	1	1	1
LAMA3	CRELD2	1	1	1	1
LAMA3	FAM69A	1	1	1	1
LAMA3	TSPAN6	1	1	1	1
LAMA3	FAM57A	1	1	1	1
LAMA3	LSM5	1	1	1	1
LAMA3	SUZ12	1	1	1	1
LAMA3	AKR7A2	1	1	1	1
LAMA3	NFIL3	1	1	1	1
LAMA3	PARP2	1	1	1	1
LAMA3	ITGAE	1	1	1	1
LAMA3	MAPKAPK3	1	1	1	1
LAMA3	BAMBI	1	1	1	1
LAMA3	TRIM2	1	1	1	1
LAMA3	TOPBP1	1	1	1	1
LAMA3	FOXO3	1	1	1	1
LAMA3	HOXA5	1	1	1	1
LAMA3	SLC25A46	1	1	1	1
LAMA3	FHL2	1	1	1	1
LAMA3	ADRB2	1	1	1	1
LAMA3	PLK1	1	1	1	1
LAMA3	FAT1	1	1	1	1
LAMA3	MYCBP2	1	1	1	1
LAMA3	DDX42	1	1	1	1
LAMA3	DUSP6	1	1	1	1
LAMA3	MTA1	1	1	1	1
LAMA3	FSD1	1	1	1	1
LAMA3	EPHB2	1	1	1	1
LAMA3	TMEM97	1	1	1	1
LAMA3	PIH1D1	1	1	1	1
LAMA3	LYRM1	1	1	1	1
LAMA3	MAPK13	1	1	1	1
LAMA3	ATP5S	1	1	1	1
LAMA3	FAM63A	1	1	1	1
LAMA3	TNIP1	1	1	1	1
LAMA3	ELOVL6	1	1	1	1
LAMA3	FDFT1	1	1	1	1
LAMA3	MLEC	1	1	1	1
LAMA3	GNA15	1	1	1	1
LAMA3	MYO10	1	1	1	1
LAMA3	PRPF4	1	1	1	1
LAMA3	RNF167	1	1	1	1
LAMA3	SORBS3	1	1	1	1
LAMA3	ZMIZ1	1	1	1	1
LAMA3	MAPKAPK2	1	1	1	1
LAMA3	TIMM22	1	1	1	1
LAMA3	CTNND1	1	1	1	1
MRPS16	EPRS	1	1	1	1
MRPS16	MPZL1	1	1	1	1
MRPS16	KLHDC2	1	1	1	1
MRPS16	SLC2A6	1	1	1	1
MRPS16	PCMT1	1	1	1	1
MRPS16	PIH1D1	1	1	1	1
MRPS16	MLEC	1	1	1	1
AKR7A2	PAFAH1B3	1	1	1	1
AKR7A2	HMOX1	1	1	1	1
AKR7A2	PIN1	1	1	1	1
AKR7A2	EVL	1	1	1	1
AKR7A2	ELAC2	1	1	1	1
PHGDH	ARFIP2	1	1	1	1
PHGDH	RPS6KA1	1	1	1	1
PHGDH	IDE	1	1	1	1
PHGDH	GAA	1	1	1	1
SATB1	SMARCA4	1	1	1	1
SATB1	FHL2	1	1	1	1
NFKBIB	PSME1	1	1	1	1
NFKBIB	TWF2	1	1	1	1
WDTC1	STXBP1	1	1	1	1
EZH2	PAN2	1	1	1	1
EZH2	FASTKD5	1	1	1	1
EZH2	NFE2L2	1	1	1	1
EZH2	HSPB1	1	1	1	1
EZH2	BLCAP	1	1	1	1
MRPL19	IL13RA1	1	1	1	1
MRPL19	TP53BP1	1	1	1	1
DDIT4	DUSP11	1	1	1	1
HOMER2	S100A4	1	1	1	1
HOMER2	AKAP8	1	1	1	1
HOMER2	RPN1	1	1	1	1
HOMER2	ACD	1	1	1	1
HOMER2	PAN2	1	1	1	1
HOMER2	DDX42	1	1	1	1
POLR2K	TSTA3	1	1	1	1
POLR2K	RNMT	1	1	1	1
POLR2K	P4HA2	1	1	1	1
POLR2K	ARPP19	1	1	1	1
POLR2K	PSIP1	1	1	1	1
POLR2K	BCL7B	1	1	1	1
POLR2K	IGF2R	1	1	1	1
HMGCS1	GTF2E2	1	1	1	1
HMGCS1	GAA	1	1	1	1
HMGCS1	MSH6	1	1	1	1
MYCBP	MBNL1	1	1	1	1
MYCBP	HEBP1	1	1	1	1
MYCBP	NRIP1	1	1	1	1
MYCBP	ST7	1	1	1	1
MYCBP	COASY	1	1	1	1
MYCBP	LIG1	1	1	1	1
MYCBP	NOL3	1	1	1	1
SPAG4	NRAS	1	1	1	1
SPAG4	MAPK13	1	1	1	1
HK1	PRKCD	1	1	1	1
HK1	ZNF131	1	1	1	1
HK1	RBM15B	1	1	1	1
HK1	RPP38	1	1	1	1
HK1	STK25	1	1	1	1
HK1	POP4	1	1	1	1
HK1	CSRP1	1	1	1	1
KIAA0355	HDAC6	1	1	1	1
BAMBI	AMDHD2	1	1	1	1
ITGB1BP1	PSME1	1	1	1	1
ITGB1BP1	TRIB1	1	1	1	1
ITGB1BP1	GALE	1	1	1	1
ITGB1BP1	OXSR1	1	1	1	1
ITGB1BP1	HK1	1	1	1	1
ITGB1BP1	SERPINE1	1	1	1	1
KCNK1	DNM1L	1	1	1	1
KCNK1	STK10	1	1	1	1
RNH1	SYNE2	1	1	1	1
RNH1	LBR	1	1	1	1
RNH1	VAT1	1	1	1	1
RNH1	FOXJ3	1	1	1	1
RNH1	HK1	1	1	1	1
RNH1	TRAPPC3	1	1	1	1
MRPS2	STAT1	1	1	1	1
MRPS2	ATP6V1D	1	1	1	1
YME1L1	EIF5	1	1	1	1
YME1L1	AKT1	1	1	1	1
YME1L1	APPBP2	1	1	1	1
YME1L1	DNM1	1	1	1	1
YME1L1	IER3	1	1	1	1
YME1L1	TRAPPC6A	1	1	1	1
DUSP11	KIF2C	1	1	1	1
DUSP11	NUSAP1	1	1	1	1
DUSP11	TCEA2	1	1	1	1
DUSP11	UBE2L6	1	1	1	1
DUSP11	RRP12	1	1	1	1
DUSP11	FBXO7	1	1	1	1
FAH	UBE3C	1	1	1	1
PGAM1	ELAVL1	1	1	1	1
PGAM1	NARFL	1	1	1	1
YTHDF1	ARFIP2	1	1	1	1
YTHDF1	STAMBP	1	1	1	1
YTHDF1	HDAC2	1	1	1	1
YTHDF1	DNAJB6	1	1	1	1
FOXO3	ASCC3	1	1	1	1
FOXO3	HMOX1	1	1	1	1
FOXO3	SRC	1	1	1	1
FOXO3	ME2	1	1	1	1
FOXO3	DNM1	1	1	1	1
FOXO3	APP	1	1	1	1
FOXO3	FBXL12	1	1	1	1
FOXO3	BAMBI	1	1	1	1
FOXO3	TBPL1	1	1	1	1
FOXO3	NUP85	1	1	1	1
IGF1R	PLEKHM1	1	1	1	1
IGF1R	REEP5	1	1	1	1
IGF1R	PRKX	1	1	1	1
IGF1R	RPS6	1	1	1	1
IGF1R	PHKA1	1	1	1	1
IGF1R	ABCC5	1	1	1	1
IGF1R	RAB31	1	1	1	1
IGF1R	AKAP8L	1	1	1	1
IGF1R	USP14	1	1	1	1
IGF1R	IGF1R	1	1	1	1
IGF1R	TIMP2	1	1	1	1
IGF1R	POLR1C	1	1	1	1
IGF1R	TIMM22	1	1	1	1
IGF1R	RPIA	1	1	1	1
UBQLN2	TP53BP1	1	1	1	1
UBQLN2	ATP6V0B	1	1	1	1
FHL2	BECN1	1	1	1	1
FHL2	HMGCR	1	1	1	1
CNOT4	GRWD1	1	1	1	1
CNOT4	IGHMBP2	1	1	1	1
CNOT4	ADO	1	1	1	1
CNOT4	IER3	1	1	1	1
UBE3C	SLC35F2	1	1	1	1
PSMD10	PSME2	1	1	1	1
PSMD10	RAB4A	1	1	1	1
CREG1	SMARCA4	1	1	1	1
CREG1	PLA2G15	1	1	1	1
ADAT1	PPIE	1	1	1	1
ADAT1	ITGB1BP1	1	1	1	1
FOSL1	ICAM3	1	1	1	1
CTTN	LRPAP1	1	1	1	1
ZNF589	FAM57A	1	1	1	1
ZNF589	BRCA1	1	1	1	1
HES1	STAT5B	1	1	1	1
HES1	HMGA2	1	1	1	1
HES1	NNT	1	1	1	1
HES1	SLC35F2	1	1	1	1
HES1	GATA2	1	1	1	1
ADRB2	STXBP2	1	1	1	1
KIAA0100	CSNK1E	1	1	1	1
KIAA0100	HPRT1	1	1	1	1
RPL39L	DECR1	1	1	1	1
MYCBP2	TIMM9	1	1	1	1
PLSCR1	TPM1	1	1	1	1
PLSCR1	CTSD	1	1	1	1
PLSCR1	HADH	1	1	1	1
PLSCR1	DDIT4	1	1	1	1
PLSCR1	DUSP6	1	1	1	1
PLSCR1	PRCP	1	1	1	1
PSMB8	GRWD1	1	1	1	1
PSMB8	ITGB5	1	1	1	1
PSMB8	SGCB	1	1	1	1
TIPARP	NFKBIB	1	1	1	1
TRAM2	SLC35B1	1	1	1	1
TRAM2	PAK4	1	1	1	1
TRAM2	RAD9A	1	1	1	1
TRAM2	SLC35F2	1	1	1	1
TRAM2	C2CD2L	1	1	1	1
TRAM2	CRKL	1	1	1	1
TRAM2	PRSS23	1	1	1	1
TRAM2	MBNL2	1	1	1	1
TRAM2	COG4	1	1	1	1
TRAM2	SMARCD2	1	1	1	1
TRAM2	PRCP	1	1	1	1
TRAM2	LAGE3	1	1	1	1
TRAM2	PRPF4	1	1	1	1
EDEM1	TCEA2	1	1	1	1
PSRC1	RRAGA	1	1	1	1
PTK2	KDM5B	1	1	1	1
PTK2	SOCS2	1	1	1	1
PTK2	CLSTN1	1	1	1	1
PTK2	GPC1	1	1	1	1
PTK2	PIK3C3	1	1	1	1
PTK2	REEP5	1	1	1	1
PTK2	PFKL	1	1	1	1
PTK2	TMCO1	1	1	1	1
PTK2	ZNF274	1	1	1	1
PTK2	NUP88	1	1	1	1
PTK2	RPS6	1	1	1	1
PTK2	COPS7A	1	1	1	1
PTK2	PKIG	1	1	1	1
PTK2	MAPK1IP1L	1	1	1	1
PTK2	CLTB	1	1	1	1
PTK2	ASAH1	1	1	1	1
PTK2	KIT	1	1	1	1
PTK2	EBP	1	1	1	1
PTK2	SYK	1	1	1	1
PTK2	LBR	1	1	1	1
PTK2	ETS1	1	1	1	1
PTK2	POLG2	1	1	1	1
PTK2	PACSIN3	1	1	1	1
PTK2	RRAGA	1	1	1	1
PTK2	KDELR2	1	1	1	1
PTK2	DCTD	1	1	1	1
PTK2	ANXA7	1	1	1	1
PTK2	FYN	1	1	1	1
PTK2	ZNF451	1	1	1	1
PTK2	AKR7A2	1	1	1	1
PTK2	TXNRD1	1	1	1	1
PTK2	DDIT4	1	1	1	1
PTK2	SPAG4	1	1	1	1
PTK2	KCNK1	1	1	1	1
PTK2	PSMD10	1	1	1	1
PTK2	PSMB8	1	1	1	1
PTK2	HPRT1	1	1	1	1
PTK2	EPHB2	1	1	1	1
PTK2	TCEAL4	1	1	1	1
PTK2	RFX5	1	1	1	1
PTK2	SERPINE1	1	1	1	1
PTK2	NCAPD2	1	1	1	1
PTK2	LYRM1	1	1	1	1
PTK2	ATP5S	1	1	1	1
PTK2	GNAI2	1	1	1	1
PTK2	BCL7B	1	1	1	1
PTK2	ENOPH1	1	1	1	1
PTK2	ZMIZ1	1	1	1	1
PTK2	IGF2R	1	1	1	1
PTK2	SMC3	1	1	1	1
DUSP6	RAD9A	1	1	1	1
DUSP6	MCM3	1	1	1	1
DUSP6	TXNL4B	1	1	1	1
DUSP6	HADH	1	1	1	1
DUSP6	IDE	1	1	1	1
DUSP6	NR3C1	1	1	1	1
DUSP6	SH3BP5	1	1	1	1
ACBD3	NCAPD2	1	1	1	1
CRYZ	PAK4	1	1	1	1
CRYZ	B3GNT1	1	1	1	1
CRYZ	HIST2H2BE	1	1	1	1
CRYZ	EBP	1	1	1	1
CRYZ	NFKB2	1	1	1	1
CRYZ	TRAPPC3	1	1	1	1
CRYZ	EDN1	1	1	1	1
GHR	RPS6KA1	1	1	1	1
GHR	IDE	1	1	1	1
MLLT11	TSTA3	1	1	1	1
MLLT11	PAPD7	1	1	1	1
MLLT11	EAPP	1	1	1	1
MLLT11	PIGB	1	1	1	1
PRCP	SCARB1	1	1	1	1
ATMIN	GATA2	1	1	1	1
ATMIN	DUSP14	1	1	1	1
MTA1	GNB5	1	1	1	1
TRAPPC3	REEP5	1	1	1	1
TRAPPC3	SPTAN1	1	1	1	1
TRAPPC3	COG4	1	1	1	1
FBXO7	HAT1	1	1	1	1
FBXO7	CREG1	1	1	1	1
POLB	HEATR1	1	1	1	1
POLB	TARBP1	1	1	1	1
POLB	NIT1	1	1	1	1
POLB	GMNN	1	1	1	1
POLB	IER3	1	1	1	1
PCNA	H2AFV	1	1	1	1
PCNA	RTN2	1	1	1	1
PCNA	SUZ12	1	1	1	1
PCNA	PIP4K2B	1	1	1	1
TM9SF2	TPM1	1	1	1	1
SLC27A3	SLC1A4	1	1	1	1
SLC27A3	C2CD2	1	1	1	1
DFFA	WIPF2	1	1	1	1
DFFA	SLC25A46	1	1	1	1
DFFA	FBXO21	1	1	1	1
SERPINE1	SUPV3L1	1	1	1	1
SERPINE1	STMN1	1	1	1	1
PIH1D1	LGMN	1	1	1	1
SCYL3	DHX29	1	1	1	1
SCYL3	AARS	1	1	1	1
SCYL3	GRWD1	1	1	1	1
SCYL3	ATP1B1	1	1	1	1
SCYL3	RELB	1	1	1	1
SCYL3	KAT6A	1	1	1	1
SCYL3	SLC25A13	1	1	1	1
SCYL3	RFNG	1	1	1	1
SCYL3	STAT5B	1	1	1	1
SCYL3	GNPDA1	1	1	1	1
SCYL3	GNAS	1	1	1	1
SCYL3	PFKL	1	1	1	1
SCYL3	ZNF274	1	1	1	1
SCYL3	MTFR1	1	1	1	1
SCYL3	USP6NL	1	1	1	1
SCYL3	DPH2	1	1	1	1
SCYL3	PYGL	1	1	1	1
SCYL3	HSPA4	1	1	1	1
SCYL3	RAD9A	1	1	1	1
SCYL3	UGDH	1	1	1	1
SCYL3	GFPT1	1	1	1	1
SCYL3	TRIB1	1	1	1	1
SCYL3	CORO1A	1	1	1	1
SCYL3	FOXO4	1	1	1	1
SCYL3	ZMYM2	1	1	1	1
SCYL3	TNFRSF21	1	1	1	1
SCYL3	NOTCH1	1	1	1	1
SCYL3	ABCC5	1	1	1	1
SCYL3	NUSAP1	1	1	1	1
SCYL3	SLC35F2	1	1	1	1
SCYL3	BIRC5	1	1	1	1
SCYL3	NUP133	1	1	1	1
SCYL3	NUDCD3	1	1	1	1
SCYL3	MICALL1	1	1	1	1
SCYL3	BACE2	1	1	1	1
SCYL3	PCMT1	1	1	1	1
SCYL3	LAP3	1	1	1	1
SCYL3	STK25	1	1	1	1
SCYL3	POP4	1	1	1	1
SCYL3	PPIE	1	1	1	1
SCYL3	RAP1GAP	1	1	1	1
SCYL3	ICAM3	1	1	1	1
SCYL3	INSIG1	1	1	1	1
SCYL3	HAT1	1	1	1	1
SCYL3	ARID5B	1	1	1	1
SCYL3	VPS28	1	1	1	1
SCYL3	MTF2	1	1	1	1
SCYL3	SFN	1	1	1	1
SCYL3	RAE1	1	1	1	1
SCYL3	TCFL5	1	1	1	1
SCYL3	DNM1L	1	1	1	1
SCYL3	UBE2C	1	1	1	1
SCYL3	EVL	1	1	1	1
SCYL3	APPBP2	1	1	1	1
SCYL3	CLTC	1	1	1	1
SCYL3	USP22	1	1	1	1
SCYL3	UBR7	1	1	1	1
SCYL3	STK10	1	1	1	1
SCYL3	KDELR2	1	1	1	1
SCYL3	PTPN6	1	1	1	1
SCYL3	PLS1	1	1	1	1
SCYL3	ARID4B	1	1	1	1
SCYL3	TFDP1	1	1	1	1
SCYL3	IFRD2	1	1	1	1
SCYL3	GDPD5	1	1	1	1
SCYL3	UBE3B	1	1	1	1
SCYL3	C2CD2	1	1	1	1
SCYL3	BMP4	1	1	1	1
SCYL3	ATP11B	1	1	1	1
SCYL3	CPSF4	1	1	1	1
SCYL3	HS2ST1	1	1	1	1
SCYL3	RBM6	1	1	1	1
SCYL3	VGLL4	1	1	1	1
SCYL3	KCTD5	1	1	1	1
SCYL3	INPP1	1	1	1	1
SCYL3	FYN	1	1	1	1
SCYL3	NR3C1	1	1	1	1
SCYL3	BAG3	1	1	1	1
SCYL3	LSM5	1	1	1	1
SCYL3	PARP2	1	1	1	1
SCYL3	TXNRD1	1	1	1	1
SCYL3	DDIT4	1	1	1	1
SCYL3	LIPA	1	1	1	1
SCYL3	VAPB	1	1	1	1
SCYL3	TPD52L2	1	1	1	1
SCYL3	TOPBP1	1	1	1	1
SCYL3	FOXO3	1	1	1	1
SCYL3	HOXA5	1	1	1	1
SCYL3	PSMD10	1	1	1	1
SCYL3	FOSL1	1	1	1	1
SCYL3	KIAA0100	1	1	1	1
SCYL3	PLK1	1	1	1	1
SCYL3	FAT1	1	1	1	1
SCYL3	PLSCR1	1	1	1	1
SCYL3	EDEM1	1	1	1	1
SCYL3	KDM3A	1	1	1	1
SCYL3	PSRC1	1	1	1	1
SCYL3	NOSIP	1	1	1	1
SCYL3	ATMIN	1	1	1	1
SCYL3	MTA1	1	1	1	1
SCYL3	SLC25A14	1	1	1	1
SCYL3	EPHB2	1	1	1	1
SCYL3	TMEM97	1	1	1	1
SCYL3	SCYL3	1	1	1	1
SCYL3	ZNF586	1	1	1	1
SCYL3	RRP1B	1	1	1	1
SCYL3	MAPK13	1	1	1	1
SCYL3	PPOX	1	1	1	1
SCYL3	FAM63A	1	1	1	1
SCYL3	GNAI2	1	1	1	1
SCYL3	RPA2	1	1	1	1
SCYL3	MVP	1	1	1	1
SCYL3	FDFT1	1	1	1	1
SCYL3	DUSP22	1	1	1	1
SCYL3	GAPDH	1	1	1	1
SCYL3	LAGE3	1	1	1	1
SCYL3	NOLC1	1	1	1	1
SCYL3	MYO10	1	1	1	1
SCYL3	PRPF4	1	1	1	1
SCYL3	TIMM9	1	1	1	1
SCYL3	ABL1	1	1	1	1
SCYL3	ZMIZ1	1	1	1	1
SCYL3	HDAC6	1	1	1	1
SCYL3	TIMM22	1	1	1	1
SCYL3	RUVBL1	1	1	1	1
SCYL3	GTPBP8	1	1	1	1
ZNF586	EBP	1	1	1	1
ZNF586	MEF2C	1	1	1	1
ZNF586	SNX7	1	1	1	1
BUB1B	PAFAH1B3	1	1	1	1
BUB1B	PIN1	1	1	1	1
TSKU	PTPN12	1	1	1	1
TSKU	KIAA0907	1	1	1	1
TSKU	TBPL1	1	1	1	1
RRP1B	LYN	1	1	1	1
RRP1B	FGFR4	1	1	1	1
RRP1B	CSNK1A1	1	1	1	1
MAPK13	GHR	1	1	1	1
IKBKE	WDTC1	1	1	1	1
ATP5S	NFKB2	1	1	1	1
ATP5S	TRAPPC6A	1	1	1	1
IKZF1	TERF2IP	1	1	1	1
MSH6	PYCR1	1	1	1	1
PPOX	HAT1	1	1	1	1
GNAI2	ATMIN	1	1	1	1
GNAI2	EPHB2	1	1	1	1
MBTPS1	RNMT	1	1	1	1
MBTPS1	KIF2C	1	1	1	1
MBTPS1	PMM2	1	1	1	1
ELOVL6	HYOU1	1	1	1	1
ELOVL6	SESN1	1	1	1	1
ELOVL6	TOMM34	1	1	1	1
ELOVL6	PLP2	1	1	1	1
ELOVL6	SATB1	1	1	1	1
ELOVL6	TIPARP	1	1	1	1
ELOVL6	TRAPPC3	1	1	1	1
FDFT1	KIAA0355	1	1	1	1
KAT6B	BZW2	1	1	1	1
DERA	CNDP2	1	1	1	1
ECD	ITFG1	1	1	1	1
ECD	DUSP22	1	1	1	1
DUSP22	FOXO4	1	1	1	1
GAPDH	SOCS2	1	1	1	1
GAPDH	RAD51C	1	1	1	1
LAGE3	GRB7	1	1	1	1
LAGE3	TSPAN6	1	1	1	1
ENOPH1	INSIG1	1	1	1	1
ENOPH1	PAFAH1B1	1	1	1	1
CSNK1A1	GSTZ1	1	1	1	1
CSNK1A1	MYCBP2	1	1	1	1
CSNK1A1	SPAG7	1	1	1	1
PIP4K2B	UBQLN2	1	1	1	1
TMED10	RALB	1	1	1	1
TMED10	MEST	1	1	1	1
TMED10	NUDT9	1	1	1	1
TMED10	RUVBL1	1	1	1	1
ABL1	SMAD3	1	1	1	1
AMDHD2	TPM1	1	1	1	1
AMDHD2	CLSTN1	1	1	1	1
AMDHD2	ATP1B1	1	1	1	1
AMDHD2	ATG3	1	1	1	1
AMDHD2	SUPV3L1	1	1	1	1
AMDHD2	GPC1	1	1	1	1
AMDHD2	IGHMBP2	1	1	1	1
AMDHD2	KAT6A	1	1	1	1
AMDHD2	KIF5C	1	1	1	1
AMDHD2	SLC25A13	1	1	1	1
AMDHD2	REEP5	1	1	1	1
AMDHD2	TES	1	1	1	1
AMDHD2	GSTZ1	1	1	1	1
AMDHD2	RAB21	1	1	1	1
AMDHD2	PFKL	1	1	1	1
AMDHD2	BZW2	1	1	1	1
AMDHD2	ZNF274	1	1	1	1
AMDHD2	SCP2	1	1	1	1
AMDHD2	ZNF131	1	1	1	1
AMDHD2	STXBP2	1	1	1	1
AMDHD2	DPH2	1	1	1	1
AMDHD2	PAF1	1	1	1	1
AMDHD2	TBC1D9B	1	1	1	1
AMDHD2	PYGL	1	1	1	1
AMDHD2	HSPA4	1	1	1	1
AMDHD2	RAD9A	1	1	1	1
AMDHD2	BIRC2	1	1	1	1
AMDHD2	PAK1	1	1	1	1
AMDHD2	B3GNT1	1	1	1	1
AMDHD2	DCK	1	1	1	1
AMDHD2	PECR	1	1	1	1
AMDHD2	UTP14A	1	1	1	1
AMDHD2	NSDHL	1	1	1	1
AMDHD2	KIF2C	1	1	1	1
AMDHD2	NET1	1	1	1	1
AMDHD2	AGL	1	1	1	1
AMDHD2	SLC25A4	1	1	1	1
AMDHD2	STX1A	1	1	1	1
AMDHD2	WASF3	1	1	1	1
AMDHD2	STAT1	1	1	1	1
AMDHD2	MCM3	1	1	1	1
AMDHD2	MYC	1	1	1	1
AMDHD2	TNFRSF21	1	1	1	1
AMDHD2	ATF1	1	1	1	1
AMDHD2	DNAJB2	1	1	1	1
AMDHD2	PHKA1	1	1	1	1
AMDHD2	ADAM10	1	1	1	1
AMDHD2	ICMT	1	1	1	1
AMDHD2	WIPF2	1	1	1	1
AMDHD2	DYRK3	1	1	1	1
AMDHD2	JMJD6	1	1	1	1
AMDHD2	BIRC5	1	1	1	1
AMDHD2	NUDCD3	1	1	1	1
AMDHD2	LAP3	1	1	1	1
AMDHD2	AXIN1	1	1	1	1
AMDHD2	MYL9	1	1	1	1
AMDHD2	STK25	1	1	1	1
AMDHD2	DFFB	1	1	1	1
AMDHD2	POP4	1	1	1	1
AMDHD2	FAIM	1	1	1	1
AMDHD2	SYNGR3	1	1	1	1
AMDHD2	ATP2C1	1	1	1	1
AMDHD2	SQSTM1	1	1	1	1
AMDHD2	WRB	1	1	1	1
AMDHD2	RAP1GAP	1	1	1	1
AMDHD2	SMAD3	1	1	1	1
AMDHD2	CXCR4	1	1	1	1
AMDHD2	TCTA	1	1	1	1
AMDHD2	PRUNE	1	1	1	1
AMDHD2	OXA1L	1	1	1	1
AMDHD2	UBE2J1	1	1	1	1
AMDHD2	VPS28	1	1	1	1
AMDHD2	GADD45A	1	1	1	1
AMDHD2	ALAS1	1	1	1	1
AMDHD2	TSEN2	1	1	1	1
AMDHD2	PIN1	1	1	1	1
AMDHD2	SLC37A4	1	1	1	1
AMDHD2	TGFBR2	1	1	1	1
AMDHD2	CPNE3	1	1	1	1
AMDHD2	UBE2C	1	1	1	1
AMDHD2	STMN1	1	1	1	1
AMDHD2	KIAA1033	1	1	1	1
AMDHD2	EGFR	1	1	1	1
AMDHD2	CLTC	1	1	1	1
AMDHD2	DDX10	1	1	1	1
AMDHD2	PAPD7	1	1	1	1
AMDHD2	USP22	1	1	1	1
AMDHD2	TBP	1	1	1	1
AMDHD2	STK10	1	1	1	1
AMDHD2	PTPN6	1	1	1	1
AMDHD2	NENF	1	1	1	1
AMDHD2	MAPKAPK5	1	1	1	1
AMDHD2	TCTN1	1	1	1	1
AMDHD2	ECH1	1	1	1	1
AMDHD2	PHKG2	1	1	1	1
AMDHD2	PWP1	1	1	1	1
AMDHD2	UBE3B	1	1	1	1
AMDHD2	APP	1	1	1	1
AMDHD2	PCBD1	1	1	1	1
AMDHD2	SLC35A1	1	1	1	1
AMDHD2	SLC5A6	1	1	1	1
AMDHD2	HOXA10	1	1	1	1
AMDHD2	DAXX	1	1	1	1
AMDHD2	STX4	1	1	1	1
AMDHD2	COPB2	1	1	1	1
AMDHD2	LRRC16A	1	1	1	1
AMDHD2	FBXL12	1	1	1	1
AMDHD2	TWF2	1	1	1	1
AMDHD2	CSNK1E	1	1	1	1
AMDHD2	HS2ST1	1	1	1	1
AMDHD2	STXBP1	1	1	1	1
AMDHD2	TUBB6	1	1	1	1
AMDHD2	PMM2	1	1	1	1
AMDHD2	SPDEF	1	1	1	1
AMDHD2	KCTD5	1	1	1	1
AMDHD2	MAST2	1	1	1	1
AMDHD2	DUSP14	1	1	1	1
AMDHD2	FYN	1	1	1	1
AMDHD2	NFE2L2	1	1	1	1
AMDHD2	CNDP2	1	1	1	1
AMDHD2	CRK	1	1	1	1
AMDHD2	ZNF451	1	1	1	1
AMDHD2	PRR7	1	1	1	1
AMDHD2	GAA	1	1	1	1
AMDHD2	FAM57A	1	1	1	1
AMDHD2	PRSS23	1	1	1	1
AMDHD2	SATB1	1	1	1	1
AMDHD2	DDIT4	1	1	1	1
AMDHD2	MYCBP	1	1	1	1
AMDHD2	PYCR1	1	1	1	1
AMDHD2	SH3BP5	1	1	1	1
AMDHD2	ITGAE	1	1	1	1
AMDHD2	MAPKAPK3	1	1	1	1
AMDHD2	FAH	1	1	1	1
AMDHD2	HOXA5	1	1	1	1
AMDHD2	FHL2	1	1	1	1
AMDHD2	TLE1	1	1	1	1
AMDHD2	CTTN	1	1	1	1
AMDHD2	ZNF589	1	1	1	1
AMDHD2	PLCB3	1	1	1	1
AMDHD2	PLSCR1	1	1	1	1
AMDHD2	EDEM1	1	1	1	1
AMDHD2	RPA1	1	1	1	1
AMDHD2	PSRC1	1	1	1	1
AMDHD2	PRCP	1	1	1	1
AMDHD2	NOSIP	1	1	1	1
AMDHD2	PCNA	1	1	1	1
AMDHD2	SMNDC1	1	1	1	1
AMDHD2	EPHB2	1	1	1	1
AMDHD2	SLC27A3	1	1	1	1
AMDHD2	SERPINE1	1	1	1	1
AMDHD2	PIH1D1	1	1	1	1
AMDHD2	MYLK	1	1	1	1
AMDHD2	LYRM1	1	1	1	1
AMDHD2	MAPK13	1	1	1	1
AMDHD2	ATP5S	1	1	1	1
AMDHD2	NOL3	1	1	1	1
AMDHD2	PPOX	1	1	1	1
AMDHD2	FAM63A	1	1	1	1
AMDHD2	ELOVL6	1	1	1	1
AMDHD2	PGM1	1	1	1	1
AMDHD2	FDFT1	1	1	1	1
AMDHD2	KAT6B	1	1	1	1
AMDHD2	MYO10	1	1	1	1
AMDHD2	CSNK1A1	1	1	1	1
AMDHD2	PIP4K2B	1	1	1	1
AMDHD2	TMED10	1	1	1	1
AMDHD2	TIMP2	1	1	1	1
AMDHD2	ABL1	1	1	1	1
AMDHD2	PAX8	1	1	1	1
AMDHD2	SORBS3	1	1	1	1
AMDHD2	DNTTIP2	1	1	1	1
AMDHD2	ZMIZ1	1	1	1	1
AMDHD2	ERBB2	1	1	1	1
AMDHD2	ADCK3	1	1	1	1
AMDHD2	HMG20B	1	1	1	1
AMDHD2	ATP6V0B	1	1	1	1
MAMLD1	ARL4C	1	1	1	1
MAMLD1	MFSD10	1	1	1	1
GLOD4	CPNE3	1	1	1	1
TRAPPC6A	TMEM97	1	1	1	1
ARHGAP1	PPARG	1	1	1	1
APOE	HMGCR	1	1	1	1
APOE	COASY	1	1	1	1
APOE	LYRM1	1	1	1	1
ERBB2	VAT1	1	1	1	1
PDLIM1	TSPAN4	1	1	1	1
SMC3	TIMELESS	1	1	1	1
ACOT9	FDFT1	1	1	1	1
RUVBL1	SENP6	1	1	1	1
ATP6V0B	DHX29	1	1	1	1
